{"resourceType":"CodeSystem","id":"BRDadoAusenteOuDesconhecido","meta":{"lastUpdated":"2020-03-11T18:16:07.800+00:00"},"language":"pt-BR","text":{"status":"generated","div":"<div xmlns=\"http://www.w3.org/1999/xhtml\" xml:lang=\"pt-BR\" lang=\"pt-BR\"><p>This case-sensitive code system <code>http://www.saude.gov.br/fhir/r4/CodeSystem/BRDadoAusenteOuDesconhecido</code> defines the following codes in an undefined heirarchy:</p><table class=\"codes\"><tr><td><b>Lvl</b></td><td style=\"white-space:nowrap\"><b>Code</b></td><td><b>Display</b></td><td><b>Definition</b></td></tr><tr><td>1</td><td style=\"white-space:nowrap\">no-allergy-info<a name=\"BRDadoAusenteOuDesconhecido-no-allergy-info\"> </a></td><td>No information about allergies</td><td>There is no information available regarding the subject's allergy conditions.</td></tr><tr><td>1</td><td style=\"white-space:nowrap\">no-known-allergies<a name=\"BRDadoAusenteOuDesconhecido-no-known-allergies\"> </a></td><td>No known allergies</td><td>The subject has no known allergy conditions.</td></tr><tr><td>2</td><td style=\"white-space:nowrap\">\u00a0\u00a0no-known-medication-allergies<a name=\"BRDadoAusenteOuDesconhecido-no-known-medication-allergies\"> </a></td><td>No known medication allergies</td><td>The subject has no known medication allergy conditions.</td></tr><tr><td>2</td><td style=\"white-space:nowrap\">\u00a0\u00a0no-known-environmental-allergies<a name=\"BRDadoAusenteOuDesconhecido-no-known-environmental-allergies\"> </a></td><td>No known environmental allergies</td><td>The subject has no known environmental allergy conditions.</td></tr><tr><td>2</td><td style=\"white-space:nowrap\">\u00a0\u00a0no-known-food-allergies<a name=\"BRDadoAusenteOuDesconhecido-no-known-food-allergies\"> </a></td><td>No known food allergies</td><td>The subject has no known food allergy conditions.</td></tr><tr><td>1</td><td style=\"white-space:nowrap\">no-device-info<a name=\"BRDadoAusenteOuDesconhecido-no-device-info\"> </a></td><td>No information about devices</td><td>There is no information available regarding implanted or external devices for the subject.</td></tr><tr><td>1</td><td style=\"white-space:nowrap\">no-known-devices<a name=\"BRDadoAusenteOuDesconhecido-no-known-devices\"> </a></td><td>No known devices in use</td><td>There are no devices known to be implanted in or used by the subject that have to be reported in this record. This can mean either that there are none known, or that those known are not relevant for the purpose of this record.</td></tr><tr><td>1</td><td style=\"white-space:nowrap\">no-immunization-info<a name=\"BRDadoAusenteOuDesconhecido-no-immunization-info\"> </a></td><td>No information about immunizations</td><td>The subject's history of previous immunizations is not known.</td></tr><tr><td>1</td><td style=\"white-space:nowrap\">no-known-immunizations<a name=\"BRDadoAusenteOuDesconhecido-no-known-immunizations\"> </a></td><td>No known immunizations</td><td>There is no history of previous immunizations for the subject that have to be reported in this record. This can mean either that there are none known, or that those known are not relevant for the purpose of this record.</td></tr><tr><td>1</td><td style=\"white-space:nowrap\">no-medication-info<a name=\"BRDadoAusenteOuDesconhecido-no-medication-info\"> </a></td><td>No information about medications</td><td>There is no information available about the subject's medication use or administration.</td></tr><tr><td>1</td><td style=\"white-space:nowrap\">no-known-medications<a name=\"BRDadoAusenteOuDesconhecido-no-known-medications\"> </a></td><td>No known medications</td><td>There are no medications for the subject that have to be reported in this record. This can mean either that there are none known, or that those known are not relevant for the purpose of this record.</td></tr><tr><td>1</td><td style=\"white-space:nowrap\">no-problem-info<a name=\"BRDadoAusenteOuDesconhecido-no-problem-info\"> </a></td><td>No information about problems</td><td>There is no information available about the subject's health problems or disabilities.</td></tr><tr><td>1</td><td style=\"white-space:nowrap\">no-known-problems<a name=\"BRDadoAusenteOuDesconhecido-no-known-problems\"> </a></td><td>No known problems</td><td>The subject is not known to have any health problems or disabilities that have to be reported in this record. This can mean either that there are none known, or that those known are not relevant for the purpose of this record.</td></tr><tr><td>1</td><td style=\"white-space:nowrap\">no-procedure-info<a name=\"BRDadoAusenteOuDesconhecido-no-procedure-info\"> </a></td><td>No information about past history of procedures</td><td>There is no information available about the subject's past history of procedures.</td></tr><tr><td>1</td><td style=\"white-space:nowrap\">no-known-procedures<a name=\"BRDadoAusenteOuDesconhecido-no-known-procedures\"> </a></td><td>No known procedures</td><td>The subject has no history of procedures that have to be reported in this record. This can mean either that there are none known, or that those known are not relevant for the purpose of this record.</td></tr></table></div>"},"extension":[{"url":"http://hl7.org/fhir/StructureDefinition/structuredefinition-fmm","valueInteger":1,"_valueInteger":{"extension":[{"url":"http://hl7.org/fhir/StructureDefinition/structuredefinition-conformance-derivedFrom","valueCanonical":"http://www.saude.gov.br/fhir/r4/ImplementationGuide/hl7.fhir.br.rac"}]}},{"url":"http://hl7.org/fhir/StructureDefinition/structuredefinition-standards-status","valueCode":"informative","_valueCode":{"extension":[{"url":"http://hl7.org/fhir/StructureDefinition/structuredefinition-conformance-derivedFrom","valueCanonical":"http://www.saude.gov.br/fhir/r4/ImplementationGuide/hl7.fhir.br.rac"}]}}],"url":"http://www.saude.gov.br/fhir/r4/CodeSystem/BRDadoAusenteOuDesconhecido","version":"0.1.0","name":"BRDadoAusenteOuDesconhecido","title":"Classificação de dados ausentes ou desconhecidos - IPS.","status":"active","experimental":false,"date":"2020-03-11T18:16:28.3110021+00:00","publisher":"Ministério da Saúde do Brasil","contact":[{"telecom":[{"system":"url","value":"http://www.saude.gov.br"}]}],"description":"Classificação de dados conhecidos mas ausentes e de dados desconhecidos a partir do International Patient Summary - IPS.","jurisdiction":[{"coding":[{"system":"urn:iso:std:iso:3166","code":"BR"}]}],"caseSensitive":true,"content":"complete","concept":[{"code":"no-allergy-info","display":"No information about allergies","definition":"There is no information available regarding the subject's allergy conditions.","designation":[{"language":"pt-BR","value":"Nenhuma informação sobre alergias"}]},{"code":"no-known-allergies","display":"No known allergies","definition":"The subject has no known allergy conditions.","designation":[{"language":"pt-BR","value":"Nenhuma alergia conhecida."}],"concept":[{"code":"no-known-medication-allergies","display":"No known medication allergies","definition":"The subject has no known medication allergy conditions.","designation":[{"language":"pt-BR","value":"Nenhum medicamento para alergia conhecido."}]},{"code":"no-known-environmental-allergies","display":"No known environmental allergies","definition":"The subject has no known environmental allergy conditions.","designation":[{"language":"pt-BR","value":"Nenhum fator ambiental conhecido para uma dada alergia."}]},{"code":"no-known-food-allergies","display":"No known food allergies","definition":"The subject has no known food allergy conditions.","designation":[{"language":"pt-BR","value":"Nenhuma alergia alimentar conhecida."}]}]},{"code":"no-device-info","display":"No information about devices","definition":"There is no information available regarding implanted or external devices for the subject.","designation":[{"language":"pt-BR","value":"Nenhuma informação sobre algum dispositivo."}]},{"code":"no-known-devices","display":"No known devices in use","definition":"There are no devices known to be implanted in or used by the subject that have to be reported in this record. This can mean either that there are none known, or that those known are not relevant for the purpose of this record.","designation":[{"language":"pt-BR","value":"Nenhum dispositivo em uso"}]},{"code":"no-immunization-info","display":"No information about immunizations","definition":"The subject's history of previous immunizations is not known.","designation":[{"language":"pt-BR","value":"Nenhuma informação sobre imunização"}]},{"code":"no-known-immunizations","display":"No known immunizations","definition":"There is no history of previous immunizations for the subject that have to be reported in this record. This can mean either that there are none known, or that those known are not relevant for the purpose of this record.","designation":[{"language":"pt-BR","value":"Nenhuma informação sobre imunização."}]},{"code":"no-medication-info","display":"No information about medications","definition":"There is no information available about the subject's medication use or administration.","designation":[{"language":"pt-BR","value":"Sem informação de medicamentos."}]},{"code":"no-known-medications","display":"No known medications","definition":"There are no medications for the subject that have to be reported in this record. This can mean either that there are none known, or that those known are not relevant for the purpose of this record.","designation":[{"language":"pt-BR","value":"Sem medicação."}]},{"code":"no-problem-info","display":"No information about problems","definition":"There is no information available about the subject's health problems or disabilities.","designation":[{"language":"pt-BR","value":"Nenhuma informação sobre o problema."}]},{"code":"no-known-problems","display":"No known problems","definition":"The subject is not known to have any health problems or disabilities that have to be reported in this record. This can mean either that there are none known, or that those known are not relevant for the purpose of this record.","designation":[{"language":"pt-BR","value":"Nenhum problema conhecido."}]},{"code":"no-procedure-info","display":"No information about past history of procedures","definition":"There is no information available about the subject's past history of procedures.","designation":[{"language":"pt-BR","value":"Nenhuma informação sobre procedimento."}]},{"code":"no-known-procedures","display":"No known procedures","definition":"The subject has no history of procedures that have to be reported in this record. This can mean either that there are none known, or that those known are not relevant for the purpose of this record.","designation":[{"language":"pt-BR","value":"Nenhum procedimento conhecido."}]}]}