{"resourceType":"CodeSystem","id":"BRCaraterAtendimento","meta":{"lastUpdated":"2020-03-11T11:56:57.326+00:00"},"language":"pt-BR","text":{"status":"generated","div":"<div xmlns=\"http://www.w3.org/1999/xhtml\" xml:lang=\"pt-BR\" lang=\"pt-BR\"><p class=\"res-header-id\"><b>Generated Narrative: CodeSystem BRCaraterAtendimento</b></p><a name=\"BRCaraterAtendimento\"> </a><a name=\"hcBRCaraterAtendimento\"> </a><a name=\"BRCaraterAtendimento-und\"> </a><div style=\"display: inline-block; background-color: #d9e0e7; padding: 6px; margin: 4px; border: 1px solid #8da1b4; border-radius: 5px; line-height: 60%\"><p style=\"margin-bottom: 0px\">Last updated: 2020-03-11 11:56:57+0000; Language: pt-BR</p></div><p>This case-sensitive code system <code>http://www.saude.gov.br/fhir/r4/CodeSystem/BRCaraterAtendimento</code> defines the following codes:</p><table class=\"codes\"><tr><td style=\"white-space:nowrap\"><b>Code</b></td><td><b>Display</b></td></tr><tr><td style=\"white-space:nowrap\">01<a name=\"BRCaraterAtendimento-01\"> </a></td><td>Eletivo</td></tr><tr><td style=\"white-space:nowrap\">02<a name=\"BRCaraterAtendimento-02\"> </a></td><td>Urgência</td></tr><tr><td style=\"white-space:nowrap\">03<a name=\"BRCaraterAtendimento-03\"> </a></td><td>Consulta agendada</td></tr><tr><td style=\"white-space:nowrap\">04<a name=\"BRCaraterAtendimento-04\"> </a></td><td>Consulta agendada programada: cuidado continuado</td></tr><tr><td style=\"white-space:nowrap\">05<a name=\"BRCaraterAtendimento-05\"> </a></td><td>Demanda espontânea (DE): consulta no dia</td></tr><tr><td style=\"white-space:nowrap\">06<a name=\"BRCaraterAtendimento-06\"> </a></td><td>Demanda espontânea (DE): atendimento de urgência</td></tr><tr><td style=\"white-space:nowrap\">99<a name=\"BRCaraterAtendimento-99\"> </a></td><td>Sem registro no modelo de informação de origem</td></tr></table></div>"},"extension":[{"url":"http://hl7.org/fhir/StructureDefinition/structuredefinition-fmm","valueInteger":1,"_valueInteger":{"extension":[{"url":"http://hl7.org/fhir/StructureDefinition/structuredefinition-conformance-derivedFrom","valueCanonical":"http://www.saude.gov.br/fhir/r4/ImplementationGuide/br.gov.saude.rnds.rac"}]}},{"url":"http://hl7.org/fhir/StructureDefinition/structuredefinition-standards-status","valueCode":"informative","_valueCode":{"extension":[{"url":"http://hl7.org/fhir/StructureDefinition/structuredefinition-conformance-derivedFrom","valueCanonical":"http://www.saude.gov.br/fhir/r4/ImplementationGuide/br.gov.saude.rnds.rac"}]}}],"url":"http://www.saude.gov.br/fhir/r4/CodeSystem/BRCaraterAtendimento","version":"0.1.0","name":"BRCaraterAtendimento","title":"Caráter de Atendimento","status":"active","experimental":false,"date":"2020-03-11T11:57:17.2973841+00:00","publisher":"Ministério da Saúde do Brasil","contact":[{"telecom":[{"system":"url","value":"http://www.saude.gov.br"}]}],"description":"Terminologia que classifica a prioridade de realização de um Contato Assistencial.","jurisdiction":[{"coding":[{"system":"urn:iso:std:iso:3166","code":"BR"}]}],"caseSensitive":true,"content":"complete","concept":[{"code":"01","display":"Eletivo","designation":[{"language":"pt-BR","use":{"system":"http://terminology.hl7.org/CodeSystem/designation-usage","code":"display"},"value":"Eletivo"}]},{"code":"02","display":"Urgência","designation":[{"language":"pt-BR","use":{"system":"http://terminology.hl7.org/CodeSystem/designation-usage","code":"display"},"value":"Urgência"}]},{"code":"03","display":"Consulta agendada","designation":[{"language":"pt-BR","use":{"system":"http://terminology.hl7.org/CodeSystem/designation-usage","code":"display"},"value":"Consulta agendada"}]},{"code":"04","display":"Consulta agendada programada: cuidado continuado","designation":[{"language":"pt-BR","use":{"system":"http://terminology.hl7.org/CodeSystem/designation-usage","code":"display"},"value":"Consulta agendada programada: cuidado continuado"}]},{"code":"05","display":"Demanda espontânea (DE): consulta no dia","designation":[{"language":"pt-BR","use":{"system":"http://terminology.hl7.org/CodeSystem/designation-usage","code":"display"},"value":"Demanda espontânea (DE): consulta no dia"}]},{"code":"06","display":"Demanda espontânea (DE): atendimento de urgência","designation":[{"language":"pt-BR","use":{"system":"http://terminology.hl7.org/CodeSystem/designation-usage","code":"display"},"value":"Demanda espontânea (DE): atendimento de urgência"}]},{"code":"99","display":"Sem registro no modelo de informação de origem","designation":[{"language":"pt-BR","use":{"system":"http://terminology.hl7.org/CodeSystem/designation-usage","code":"display"},"value":"Sem registro no modelo de informação de origem"}]}]}