{"resourceType":"CodeSystem","id":"BRLocalAfericao","meta":{"lastUpdated":"2020-03-11T18:15:18.190+00:00"},"language":"pt-BR","text":{"status":"generated","div":"<div xmlns=\"http://www.w3.org/1999/xhtml\" xml:lang=\"pt-BR\" lang=\"pt-BR\"><p class=\"res-header-id\"><b>Narrativa gerada: CodeSystem BRLocalAfericao</b></p><a name=\"BRLocalAfericao\"> </a><a name=\"hcBRLocalAfericao\"> </a><div style=\"display: inline-block; background-color: #d9e0e7; padding: 6px; margin: 4px; border: 1px solid #8da1b4; border-radius: 5px; line-height: 60%\"><p style=\"margin-bottom: 0px\">Última atualização: 2020-03-11 18:15:18+0000; Língua: pt-BR</p></div><p>Este case-sensitive sistema de código <code>http://www.saude.gov.br/fhir/r4/CodeSystem/BRLocalAfericao</code> define o seguinte códigos:</p><table class=\"codes\"><tr><td style=\"white-space:nowrap\"><b>Código</b></td><td><b>Ecrã</b></td></tr><tr><td style=\"white-space:nowrap\">1<a name=\"BRLocalAfericao-1\"> </a></td><td>Braço direito</td></tr><tr><td style=\"white-space:nowrap\">2<a name=\"BRLocalAfericao-2\"> </a></td><td>Braço esquerdo</td></tr><tr><td style=\"white-space:nowrap\">3<a name=\"BRLocalAfericao-3\"> </a></td><td>Coxa direita</td></tr><tr><td style=\"white-space:nowrap\">4<a name=\"BRLocalAfericao-4\"> </a></td><td>Coxa esquerda</td></tr><tr><td style=\"white-space:nowrap\">5<a name=\"BRLocalAfericao-5\"> </a></td><td>Pulso direito</td></tr><tr><td style=\"white-space:nowrap\">6<a name=\"BRLocalAfericao-6\"> </a></td><td>Pulso esquerdo</td></tr><tr><td style=\"white-space:nowrap\">7<a name=\"BRLocalAfericao-7\"> </a></td><td>Tornozelo direito</td></tr><tr><td style=\"white-space:nowrap\">8<a name=\"BRLocalAfericao-8\"> </a></td><td>Tornozelo esquerdo</td></tr><tr><td style=\"white-space:nowrap\">9<a name=\"BRLocalAfericao-9\"> </a></td><td>Dedo da mão</td></tr><tr><td style=\"white-space:nowrap\">10<a name=\"BRLocalAfericao-10\"> </a></td><td>Dedo do pé</td></tr></table></div>"},"extension":[{"url":"http://hl7.org/fhir/StructureDefinition/structuredefinition-fmm","valueInteger":1,"_valueInteger":{"extension":[{"url":"http://hl7.org/fhir/StructureDefinition/structuredefinition-conformance-derivedFrom","valueCanonical":"http://www.saude.gov.br/fhir/r4/ImplementationGuide/br.gov.saude.rac.fhir"}]}},{"url":"http://hl7.org/fhir/StructureDefinition/structuredefinition-standards-status","valueCode":"informative","_valueCode":{"extension":[{"url":"http://hl7.org/fhir/StructureDefinition/structuredefinition-conformance-derivedFrom","valueCanonical":"http://www.saude.gov.br/fhir/r4/ImplementationGuide/br.gov.saude.rac.fhir"}]}}],"url":"http://www.saude.gov.br/fhir/r4/CodeSystem/BRLocalAfericao","version":"1.0.0","name":"BRLocalAfericao","title":"Local de Aferição","status":"active","experimental":false,"date":"2020-03-11T18:15:38.6898126+00:00","publisher":"Ministério da Saúde do Brasil","contact":[{"telecom":[{"system":"url","value":"http://www.saude.gov.br"}]}],"description":"Identifica a parte do corpo utilizada para realizar uma mensuração ou aferição.","jurisdiction":[{"coding":[{"system":"urn:iso:std:iso:3166","code":"BR"}]}],"caseSensitive":true,"content":"complete","concept":[{"code":"1","display":"Braço direito","designation":[{"language":"pt-BR","use":{"system":"http://terminology.hl7.org/CodeSystem/designation-usage","code":"display"},"value":"Braço direito"},{"language":"pt-BR","use":{"system":"http://terminology.hl7.org/CodeSystem/designation-usage","code":"display"},"value":"Braço direito"}]},{"code":"2","display":"Braço esquerdo","designation":[{"language":"pt-BR","use":{"system":"http://terminology.hl7.org/CodeSystem/designation-usage","code":"display"},"value":"Braço esquerdo"},{"language":"pt-BR","use":{"system":"http://terminology.hl7.org/CodeSystem/designation-usage","code":"display"},"value":"Braço esquerdo"}]},{"code":"3","display":"Coxa direita","designation":[{"language":"pt-BR","use":{"system":"http://terminology.hl7.org/CodeSystem/designation-usage","code":"display"},"value":"Coxa direita"},{"language":"pt-BR","use":{"system":"http://terminology.hl7.org/CodeSystem/designation-usage","code":"display"},"value":"Coxa direita"}]},{"code":"4","display":"Coxa esquerda","designation":[{"language":"pt-BR","use":{"system":"http://terminology.hl7.org/CodeSystem/designation-usage","code":"display"},"value":"Coxa esquerda"},{"language":"pt-BR","use":{"system":"http://terminology.hl7.org/CodeSystem/designation-usage","code":"display"},"value":"Coxa esquerda"}]},{"code":"5","display":"Pulso direito","designation":[{"language":"pt-BR","use":{"system":"http://terminology.hl7.org/CodeSystem/designation-usage","code":"display"},"value":"Pulso direito"},{"language":"pt-BR","use":{"system":"http://terminology.hl7.org/CodeSystem/designation-usage","code":"display"},"value":"Pulso direito"}]},{"code":"6","display":"Pulso esquerdo","designation":[{"language":"pt-BR","use":{"system":"http://terminology.hl7.org/CodeSystem/designation-usage","code":"display"},"value":"Pulso esquerdo"},{"language":"pt-BR","use":{"system":"http://terminology.hl7.org/CodeSystem/designation-usage","code":"display"},"value":"Pulso esquerdo"}]},{"code":"7","display":"Tornozelo direito","designation":[{"language":"pt-BR","use":{"system":"http://terminology.hl7.org/CodeSystem/designation-usage","code":"display"},"value":"Tornozelo direito"},{"language":"pt-BR","use":{"system":"http://terminology.hl7.org/CodeSystem/designation-usage","code":"display"},"value":"Tornozelo direito"}]},{"code":"8","display":"Tornozelo esquerdo","designation":[{"language":"pt-BR","use":{"system":"http://terminology.hl7.org/CodeSystem/designation-usage","code":"display"},"value":"Tornozelo esquerdo"},{"language":"pt-BR","use":{"system":"http://terminology.hl7.org/CodeSystem/designation-usage","code":"display"},"value":"Tornozelo esquerdo"}]},{"code":"9","display":"Dedo da mão","designation":[{"language":"pt-BR","use":{"system":"http://terminology.hl7.org/CodeSystem/designation-usage","code":"display"},"value":"Dedo da mão"},{"language":"pt-BR","use":{"system":"http://terminology.hl7.org/CodeSystem/designation-usage","code":"display"},"value":"Dedo da mão"}]},{"code":"10","display":"Dedo do pé","designation":[{"language":"pt-BR","use":{"system":"http://terminology.hl7.org/CodeSystem/designation-usage","code":"display"},"value":"Dedo do pé"},{"language":"pt-BR","use":{"system":"http://terminology.hl7.org/CodeSystem/designation-usage","code":"display"},"value":"Dedo do pé"}]}]}