{"resourceType":"CodeSystem","id":"BRMedDRA","meta":{"lastUpdated":"2022-12-02T15:35:49.359189+00:00"},"language":"pt-BR","text":{"status":"generated","div":"<div xmlns=\"http://www.w3.org/1999/xhtml\" xml:lang=\"pt-BR\" lang=\"pt-BR\"><p class=\"res-header-id\"><b>Generated Narrative: CodeSystem BRMedDRA</b></p><a name=\"BRMedDRA\"> </a><a name=\"hcBRMedDRA\"> </a><a name=\"BRMedDRA-und\"> </a><div style=\"display: inline-block; background-color: #d9e0e7; padding: 6px; margin: 4px; border: 1px solid #8da1b4; border-radius: 5px; line-height: 60%\"><p style=\"margin-bottom: 0px\">Last updated: 2022-12-02 15:35:49+0000; Language: pt-BR</p></div><p>This case-sensitive code system <code>http://www.saude.gov.br/fhir/r4/CodeSystem/BRMedDRA</code> defines the following codes:</p><table class=\"codes\"><tr><td style=\"white-space:nowrap\"><b>Code</b></td><td><b>Display</b></td><td><b>Definition</b></td></tr><tr><td style=\"white-space:nowrap\">10002198<a name=\"BRMedDRA-10002198\"> </a></td><td>Anafilaxia</td><td>Anafilaxia é uma reação alérgica aguda e grave que começa subitamente, entre menos de um minuto e até algumas horas após a exposição a um alérgeno, ao qual a pessoa desenvolveu hipersensibilidade, e que pode ser fatal.</td></tr><tr><td style=\"white-space:nowrap\">10002424<a name=\"BRMedDRA-10002424\"> </a></td><td>Angioedema</td><td>Edema súbito da derme, tecido subcutâneo, mucosa e tecido submucoso.</td></tr><tr><td style=\"white-space:nowrap\">10003246<a name=\"BRMedDRA-10003246\"> </a></td><td>Artrite</td><td>Inflamação numa ou mais articulações.</td></tr><tr><td style=\"white-space:nowrap\">10003553<a name=\"BRMedDRA-10003553\"> </a></td><td>Asma</td><td>Asma é uma doença inflamatória das vias aéreas.</td></tr><tr><td style=\"white-space:nowrap\">10006482<a name=\"BRMedDRA-10006482\"> </a></td><td>Broncoespasmo</td><td>Estreitamento do lúmen brônquico, em consequência da contração da musculatura brônquica.</td></tr><tr><td style=\"white-space:nowrap\">10010741<a name=\"BRMedDRA-10010741\"> </a></td><td>Conjuntivite</td><td>Inflamação da conjuntiva.</td></tr><tr><td style=\"white-space:nowrap\">10003639<a name=\"BRMedDRA-10003639\"> </a></td><td>Dermatite atópica</td><td>Caracteriza-se pela presença de erupções pruriginosas e com crosta.</td></tr><tr><td style=\"white-space:nowrap\">10012442<a name=\"BRMedDRA-10012442\"> </a></td><td>Dermatite de contato</td><td>Reação inflamatória que ocorre devido ao contato da pele com um agente irritante.</td></tr><tr><td style=\"white-space:nowrap\">10012735<a name=\"BRMedDRA-10012735\"> </a></td><td>Diarréia</td><td>Evacuação de fezes líquidas de forma frequente e sem controle, podendo ser aguda ou crônica</td></tr><tr><td style=\"white-space:nowrap\">10013968<a name=\"BRMedDRA-10013968\"> </a></td><td>Dispnéia</td><td>É uma sensação de dificuldade em respirar.</td></tr><tr><td style=\"white-space:nowrap\">10014184<a name=\"BRMedDRA-10014184\"> </a></td><td>Eczema</td><td>Tipo de inflamação cutânea.</td></tr><tr><td style=\"white-space:nowrap\">10023845<a name=\"BRMedDRA-10023845\"> </a></td><td>Edema de Glote</td><td>Edema súbito da glote que impede a passagem de ar.</td></tr><tr><td style=\"white-space:nowrap\">10015218<a name=\"BRMedDRA-10015218\"> </a></td><td>Eritema Multiforme</td><td>Reação imunológica da pele e mucosas.</td></tr><tr><td style=\"white-space:nowrap\">10012441<a name=\"BRMedDRA-10012441\"> </a></td><td>Exantema bolhoso</td><td>Erupção cutânea constituída por bolhas.</td></tr><tr><td style=\"white-space:nowrap\">10037868<a name=\"BRMedDRA-10037868\"> </a></td><td>Exantema maculopapular</td><td>Erupção cutânea que se caracteriza pelo aparecimento de manchas e pápulas eritematosas.</td></tr><tr><td style=\"white-space:nowrap\">10034972<a name=\"BRMedDRA-10034972\"> </a></td><td>Fotossensibilidade</td><td>Queimaduras ou outras reações cutâneas desencadeadas pela exposição aos raios ultravioleta.</td></tr><tr><td style=\"white-space:nowrap\">10028116<a name=\"BRMedDRA-10028116\"> </a></td><td>Mucosite</td><td>A mucosite é uma inflamação da mucosa do tubo digestivo.</td></tr><tr><td style=\"white-space:nowrap\">10029117<a name=\"BRMedDRA-10029117\"> </a></td><td>Nefrite</td><td>Processo inflamatório localizado ao rim.</td></tr><tr><td style=\"white-space:nowrap\">10007617<a name=\"BRMedDRA-10007617\"> </a></td><td>Parada Cardiorespiratória</td><td>Interrupção súbita da circulação sanguínea e dos movimentos respiratórios.</td></tr><tr><td style=\"white-space:nowrap\">10037087<a name=\"BRMedDRA-10037087\"> </a></td><td>Prurido</td><td>Sensação de irritação intensa da pele, que induz a coceira.</td></tr><tr><td style=\"white-space:nowrap\">10039083<a name=\"BRMedDRA-10039083\"> </a></td><td>Rinite</td><td>Irritação e inflamação crônica ou aguda da mucosa nasal.</td></tr><tr><td style=\"white-space:nowrap\">10073508<a name=\"BRMedDRA-10073508\"> </a></td><td>Síndrome de DRESS</td><td>Reação adversa sistêmica a um fármaco, consistindo em erupções cutâneas graves, febre, adenopatias, hepatite e alterações hematológicas (hipereosinofilia e linfocitose atípica).</td></tr><tr><td style=\"white-space:nowrap\">10044223<a name=\"BRMedDRA-10044223\"> </a></td><td>Síndrome de Lyell</td><td>Lesão dermatológica rara, de extrema gravidade, caracterizada pelo aparecimento súbito de febre elevada, sinais de toxicidade sistémica e exfoliação mucocutânea intensa.</td></tr><tr><td style=\"white-space:nowrap\">10042033<a name=\"BRMedDRA-10042033\"> </a></td><td>Síndrome de Stevens-Johnson</td><td>Erupções cutâneas generalizadas, febre, mucosite oral e conjuntivite purulenta graves.</td></tr><tr><td style=\"white-space:nowrap\">10011224<a name=\"BRMedDRA-10011224\"> </a></td><td>Tosse</td><td>Resposta reflexa ou voluntária do organismo, resultante de irritação das vias áreas e que funciona como uma contração espasmódica e normalmente repetitiva, do tórax.</td></tr><tr><td style=\"white-space:nowrap\">10046735<a name=\"BRMedDRA-10046735\"> </a></td><td>Urticária</td><td>Tipo de erupção cutânea, pruriginosa, caracterizada por placas salientes, que se assemelham às produzidas pela urtiga.</td></tr><tr><td style=\"white-space:nowrap\">10047115<a name=\"BRMedDRA-10047115\"> </a></td><td>Vasculite</td><td>Inflamação vascular, que pode estender-se ao endotélio, causando estenose e/ou oclusão.</td></tr><tr><td style=\"white-space:nowrap\">10047700<a name=\"BRMedDRA-10047700\"> </a></td><td>Vômito</td><td>É a expulsão ativa do conteúdo gástrico pela boca.</td></tr></table></div>"},"extension":[{"url":"http://hl7.org/fhir/StructureDefinition/structuredefinition-fmm","valueInteger":1,"_valueInteger":{"extension":[{"url":"http://hl7.org/fhir/StructureDefinition/structuredefinition-conformance-derivedFrom","valueCanonical":"http://www.saude.gov.br/fhir/r4/ImplementationGuide/br.gov.saude.rnds.rac"}]}},{"url":"http://hl7.org/fhir/StructureDefinition/structuredefinition-standards-status","valueCode":"informative","_valueCode":{"extension":[{"url":"http://hl7.org/fhir/StructureDefinition/structuredefinition-conformance-derivedFrom","valueCanonical":"http://www.saude.gov.br/fhir/r4/ImplementationGuide/br.gov.saude.rnds.rac"}]}}],"url":"http://www.saude.gov.br/fhir/r4/CodeSystem/BRMedDRA","version":"0.1.0","name":"BRMedDRA","title":"Medical Dictionary for Regulatory Activities (MedDRA)","status":"active","experimental":false,"date":"2022-12-02T15:35:49.327439+00:00","publisher":"Ministério da Saúde do Brasil","contact":[{"telecom":[{"system":"url","value":"http://www.saude.gov.br"}]}],"description":"Medical Dictionary for Regulatory Activities.","jurisdiction":[{"coding":[{"system":"urn:iso:std:iso:3166","code":"BR"}]}],"caseSensitive":true,"content":"complete","concept":[{"code":"10002198","display":"Anafilaxia","definition":"Anafilaxia é uma reação alérgica aguda e grave que começa subitamente, entre menos de um minuto e até algumas horas após a exposição a um alérgeno, ao qual a pessoa desenvolveu hipersensibilidade, e que pode ser fatal.","designation":[{"language":"pt-BR","use":{"system":"http://terminology.hl7.org/CodeSystem/designation-usage","code":"display"},"value":"Anafilaxia"}]},{"code":"10002424","display":"Angioedema","definition":"Edema súbito da derme, tecido subcutâneo, mucosa e tecido submucoso.","designation":[{"language":"pt-BR","use":{"system":"http://terminology.hl7.org/CodeSystem/designation-usage","code":"display"},"value":"Angioedema"}]},{"code":"10003246","display":"Artrite","definition":"Inflamação numa ou mais articulações.","designation":[{"language":"pt-BR","use":{"system":"http://terminology.hl7.org/CodeSystem/designation-usage","code":"display"},"value":"Artrite"}]},{"code":"10003553","display":"Asma","definition":"Asma é uma doença inflamatória das vias aéreas.","designation":[{"language":"pt-BR","use":{"system":"http://terminology.hl7.org/CodeSystem/designation-usage","code":"display"},"value":"Asma"}]},{"code":"10006482","display":"Broncoespasmo","definition":"Estreitamento do lúmen brônquico, em consequência da contração da musculatura brônquica.","designation":[{"language":"pt-BR","use":{"system":"http://terminology.hl7.org/CodeSystem/designation-usage","code":"display"},"value":"Broncoespasmo"}]},{"code":"10010741","display":"Conjuntivite","definition":"Inflamação da conjuntiva.","designation":[{"language":"pt-BR","use":{"system":"http://terminology.hl7.org/CodeSystem/designation-usage","code":"display"},"value":"Conjuntivite"}]},{"code":"10003639","display":"Dermatite atópica","definition":"Caracteriza-se pela presença de erupções pruriginosas e com crosta.","designation":[{"language":"pt-BR","use":{"system":"http://terminology.hl7.org/CodeSystem/designation-usage","code":"display"},"value":"Dermatite atópica"}]},{"code":"10012442","display":"Dermatite de contato","definition":"Reação inflamatória que ocorre devido ao contato da pele com um agente irritante.","designation":[{"language":"pt-BR","use":{"system":"http://terminology.hl7.org/CodeSystem/designation-usage","code":"display"},"value":"Dermatite de contato"}]},{"code":"10012735","display":"Diarréia","definition":"Evacuação de fezes líquidas de forma frequente e sem controle, podendo ser aguda ou crônica","designation":[{"language":"pt-BR","use":{"system":"http://terminology.hl7.org/CodeSystem/designation-usage","code":"display"},"value":"Diarréia"}]},{"code":"10013968","display":"Dispnéia","definition":"É uma sensação de dificuldade em respirar.","designation":[{"language":"pt-BR","use":{"system":"http://terminology.hl7.org/CodeSystem/designation-usage","code":"display"},"value":"Dispnéia"}]},{"code":"10014184","display":"Eczema","definition":"Tipo de inflamação cutânea.","designation":[{"language":"pt-BR","use":{"system":"http://terminology.hl7.org/CodeSystem/designation-usage","code":"display"},"value":"Eczema"}]},{"code":"10023845","display":"Edema de Glote","definition":"Edema súbito da glote que impede a passagem de ar.","designation":[{"language":"pt-BR","use":{"system":"http://terminology.hl7.org/CodeSystem/designation-usage","code":"display"},"value":"Edema de Glote"}]},{"code":"10015218","display":"Eritema Multiforme","definition":"Reação imunológica da pele e mucosas.","designation":[{"language":"pt-BR","use":{"system":"http://terminology.hl7.org/CodeSystem/designation-usage","code":"display"},"value":"Eritema Multiforme"}]},{"code":"10012441","display":"Exantema bolhoso","definition":"Erupção cutânea constituída por bolhas.","designation":[{"language":"pt-BR","use":{"system":"http://terminology.hl7.org/CodeSystem/designation-usage","code":"display"},"value":"Exantema bolhoso"}]},{"code":"10037868","display":"Exantema maculopapular","definition":"Erupção cutânea que se caracteriza pelo aparecimento de manchas e pápulas eritematosas.","designation":[{"language":"pt-BR","use":{"system":"http://terminology.hl7.org/CodeSystem/designation-usage","code":"display"},"value":"Exantema maculopapular"}]},{"code":"10034972","display":"Fotossensibilidade","definition":"Queimaduras ou outras reações cutâneas desencadeadas pela exposição aos raios ultravioleta.","designation":[{"language":"pt-BR","use":{"system":"http://terminology.hl7.org/CodeSystem/designation-usage","code":"display"},"value":"Fotossensibilidade"}]},{"code":"10028116","display":"Mucosite","definition":"A mucosite é uma inflamação da mucosa do tubo digestivo.","designation":[{"language":"pt-BR","use":{"system":"http://terminology.hl7.org/CodeSystem/designation-usage","code":"display"},"value":"Mucosite"}]},{"code":"10029117","display":"Nefrite","definition":"Processo inflamatório localizado ao rim.","designation":[{"language":"pt-BR","use":{"system":"http://terminology.hl7.org/CodeSystem/designation-usage","code":"display"},"value":"Nefrite"}]},{"code":"10007617","display":"Parada Cardiorespiratória","definition":"Interrupção súbita da circulação sanguínea e dos movimentos respiratórios.","designation":[{"language":"pt-BR","use":{"system":"http://terminology.hl7.org/CodeSystem/designation-usage","code":"display"},"value":"Parada Cardiorespiratória"}]},{"code":"10037087","display":"Prurido","definition":"Sensação de irritação intensa da pele, que induz a coceira.","designation":[{"language":"pt-BR","use":{"system":"http://terminology.hl7.org/CodeSystem/designation-usage","code":"display"},"value":"Prurido"}]},{"code":"10039083","display":"Rinite","definition":"Irritação e inflamação crônica ou aguda da mucosa nasal.","designation":[{"language":"pt-BR","use":{"system":"http://terminology.hl7.org/CodeSystem/designation-usage","code":"display"},"value":"Rinite"}]},{"code":"10073508","display":"Síndrome de DRESS","definition":"Reação adversa sistêmica a um fármaco, consistindo em erupções cutâneas graves, febre, adenopatias, hepatite e alterações hematológicas (hipereosinofilia e linfocitose atípica).","designation":[{"language":"pt-BR","use":{"system":"http://terminology.hl7.org/CodeSystem/designation-usage","code":"display"},"value":"Síndrome de DRESS"}]},{"code":"10044223","display":"Síndrome de Lyell","definition":"Lesão dermatológica rara, de extrema gravidade, caracterizada pelo aparecimento súbito de febre elevada, sinais de toxicidade sistémica e exfoliação mucocutânea intensa.","designation":[{"language":"pt-BR","use":{"system":"http://terminology.hl7.org/CodeSystem/designation-usage","code":"display"},"value":"Síndrome de Lyell"}]},{"code":"10042033","display":"Síndrome de Stevens-Johnson","definition":"Erupções cutâneas generalizadas, febre, mucosite oral e conjuntivite purulenta graves.","designation":[{"language":"pt-BR","use":{"system":"http://terminology.hl7.org/CodeSystem/designation-usage","code":"display"},"value":"Síndrome de Stevens-Johnson"}]},{"code":"10011224","display":"Tosse","definition":"Resposta reflexa ou voluntária do organismo, resultante de irritação das vias áreas e que funciona como uma contração espasmódica e normalmente repetitiva, do tórax.","designation":[{"language":"pt-BR","use":{"system":"http://terminology.hl7.org/CodeSystem/designation-usage","code":"display"},"value":"Tosse"}]},{"code":"10046735","display":"Urticária","definition":"Tipo de erupção cutânea, pruriginosa, caracterizada por placas salientes, que se assemelham às produzidas pela urtiga.","designation":[{"language":"pt-BR","use":{"system":"http://terminology.hl7.org/CodeSystem/designation-usage","code":"display"},"value":"Urticária"}]},{"code":"10047115","display":"Vasculite","definition":"Inflamação vascular, que pode estender-se ao endotélio, causando estenose e/ou oclusão.","designation":[{"language":"pt-BR","use":{"system":"http://terminology.hl7.org/CodeSystem/designation-usage","code":"display"},"value":"Vasculite"}]},{"code":"10047700","display":"Vômito","definition":"É a expulsão ativa do conteúdo gástrico pela boca.","designation":[{"language":"pt-BR","use":{"system":"http://terminology.hl7.org/CodeSystem/designation-usage","code":"display"},"value":"Vômito"}]}]}