{"resourceType":"CodeSystem","id":"BRRacaCor","meta":{"lastUpdated":"2021-08-06T14:00:12.538+00:00"},"language":"pt-BR","text":{"status":"generated","div":"<div xmlns=\"http://www.w3.org/1999/xhtml\" xml:lang=\"pt-BR\" lang=\"pt-BR\"><p>This case-sensitive code system <code>http://www.saude.gov.br/fhir/r4/CodeSystem/BRRacaCor</code> defines the following codes:</p><table class=\"codes\"><tr><td style=\"white-space:nowrap\"><b>Code</b></td><td><b>Display</b></td></tr><tr><td style=\"white-space:nowrap\">01<a name=\"BRRacaCor-01\"> </a></td><td>Branca</td></tr><tr><td style=\"white-space:nowrap\">02<a name=\"BRRacaCor-02\"> </a></td><td>Preta</td></tr><tr><td style=\"white-space:nowrap\">03<a name=\"BRRacaCor-03\"> </a></td><td>Parda</td></tr><tr><td style=\"white-space:nowrap\">04<a name=\"BRRacaCor-04\"> </a></td><td>Amarela</td></tr><tr><td style=\"white-space:nowrap\">05<a name=\"BRRacaCor-05\"> </a></td><td>Indígena</td></tr><tr><td style=\"white-space:nowrap\">99<a name=\"BRRacaCor-99\"> </a></td><td>Sem informação</td></tr></table></div>"},"extension":[{"url":"http://hl7.org/fhir/StructureDefinition/structuredefinition-fmm","valueInteger":1,"_valueInteger":{"extension":[{"url":"http://hl7.org/fhir/StructureDefinition/structuredefinition-conformance-derivedFrom","valueCanonical":"http://www.saude.gov.br/fhir/r4/ImplementationGuide/hl7.fhir.br.rac"}]}},{"url":"http://hl7.org/fhir/StructureDefinition/structuredefinition-standards-status","valueCode":"informative","_valueCode":{"extension":[{"url":"http://hl7.org/fhir/StructureDefinition/structuredefinition-conformance-derivedFrom","valueCanonical":"http://www.saude.gov.br/fhir/r4/ImplementationGuide/hl7.fhir.br.rac"}]}}],"url":"http://www.saude.gov.br/fhir/r4/CodeSystem/BRRacaCor","version":"0.1.0","name":"BRRacaCor","title":"Raça/Cor","status":"active","experimental":false,"date":"2020-03-11T18:20:40.0457007+00:00","publisher":"Ministério da Saúde do Brasil","contact":[{"telecom":[{"system":"url","value":"http://www.saude.gov.br"}]}],"description":"Códigos para representação de raça/cor.","jurisdiction":[{"coding":[{"system":"urn:iso:std:iso:3166","code":"BR"}]}],"caseSensitive":true,"content":"complete","concept":[{"code":"01","display":"Branca","designation":[{"language":"pt-BR","use":{"system":"http://terminology.hl7.org/CodeSystem/designation-usage","code":"display"},"value":"Branca"}]},{"code":"02","display":"Preta","designation":[{"language":"pt-BR","use":{"system":"http://terminology.hl7.org/CodeSystem/designation-usage","code":"display"},"value":"Preta"}]},{"code":"03","display":"Parda","designation":[{"language":"pt-BR","use":{"system":"http://terminology.hl7.org/CodeSystem/designation-usage","code":"display"},"value":"Parda"}]},{"code":"04","display":"Amarela","designation":[{"language":"pt-BR","use":{"system":"http://terminology.hl7.org/CodeSystem/designation-usage","code":"display"},"value":"Amarela"}]},{"code":"05","display":"Indígena","designation":[{"language":"pt-BR","use":{"system":"http://terminology.hl7.org/CodeSystem/designation-usage","code":"display"},"value":"Indígena"}]},{"code":"99","display":"Sem informação","designation":[{"language":"pt-BR","use":{"system":"http://terminology.hl7.org/CodeSystem/designation-usage","code":"display"},"value":"Sem informação"}]}]}