{"resourceType":"CodeSystem","id":"BRLocalAfericao","meta":{"lastUpdated":"2020-03-11T18:15:18.190+00:00"},"language":"pt-BR","text":{"status":"generated","div":"<div xmlns=\"http://www.w3.org/1999/xhtml\" xml:lang=\"pt-BR\" lang=\"pt-BR\"><p>This case-sensitive code system <code>http://www.saude.gov.br/fhir/r4/CodeSystem/BRLocalAfericao</code> defines the following codes:</p><table class=\"codes\"><tr><td style=\"white-space:nowrap\"><b>Code</b></td><td><b>Display</b></td></tr><tr><td style=\"white-space:nowrap\">1<a name=\"BRLocalAfericao-1\"> </a></td><td>Braço direito</td></tr><tr><td style=\"white-space:nowrap\">2<a name=\"BRLocalAfericao-2\"> </a></td><td>Braço esquerdo</td></tr><tr><td style=\"white-space:nowrap\">3<a name=\"BRLocalAfericao-3\"> </a></td><td>Coxa direita</td></tr><tr><td style=\"white-space:nowrap\">4<a name=\"BRLocalAfericao-4\"> </a></td><td>Coxa esquerda</td></tr><tr><td style=\"white-space:nowrap\">5<a name=\"BRLocalAfericao-5\"> </a></td><td>Pulso direito</td></tr><tr><td style=\"white-space:nowrap\">6<a name=\"BRLocalAfericao-6\"> </a></td><td>Pulso esquerdo</td></tr><tr><td style=\"white-space:nowrap\">7<a name=\"BRLocalAfericao-7\"> </a></td><td>Tornozelo direito</td></tr><tr><td style=\"white-space:nowrap\">8<a name=\"BRLocalAfericao-8\"> </a></td><td>Tornozelo esquerdo</td></tr><tr><td style=\"white-space:nowrap\">9<a name=\"BRLocalAfericao-9\"> </a></td><td>Dedo da mão</td></tr><tr><td style=\"white-space:nowrap\">10<a name=\"BRLocalAfericao-10\"> </a></td><td>Dedo do pé</td></tr></table></div>"},"extension":[{"url":"http://hl7.org/fhir/StructureDefinition/structuredefinition-fmm","valueInteger":1,"_valueInteger":{"extension":[{"url":"http://hl7.org/fhir/StructureDefinition/structuredefinition-conformance-derivedFrom","valueCanonical":"http://www.saude.gov.br/fhir/r4/ImplementationGuide/hl7.fhir.br.rac"}]}},{"url":"http://hl7.org/fhir/StructureDefinition/structuredefinition-standards-status","valueCode":"informative","_valueCode":{"extension":[{"url":"http://hl7.org/fhir/StructureDefinition/structuredefinition-conformance-derivedFrom","valueCanonical":"http://www.saude.gov.br/fhir/r4/ImplementationGuide/hl7.fhir.br.rac"}]}}],"url":"http://www.saude.gov.br/fhir/r4/CodeSystem/BRLocalAfericao","version":"0.1.0","name":"BRLocalAfericao","title":"Local de Aferição","status":"active","experimental":false,"date":"2020-03-11T18:15:38.6898126+00:00","publisher":"Ministério da Saúde do Brasil","contact":[{"telecom":[{"system":"url","value":"http://www.saude.gov.br"}]}],"description":"Identifica a parte do corpo utilizada para realizar uma mensuração ou aferição.","jurisdiction":[{"coding":[{"system":"urn:iso:std:iso:3166","code":"BR"}]}],"caseSensitive":true,"content":"complete","concept":[{"code":"1","display":"Braço direito","designation":[{"language":"pt-BR","use":{"system":"http://terminology.hl7.org/CodeSystem/designation-usage","code":"display"},"value":"Braço direito"}]},{"code":"2","display":"Braço esquerdo","designation":[{"language":"pt-BR","use":{"system":"http://terminology.hl7.org/CodeSystem/designation-usage","code":"display"},"value":"Braço esquerdo"}]},{"code":"3","display":"Coxa direita","designation":[{"language":"pt-BR","use":{"system":"http://terminology.hl7.org/CodeSystem/designation-usage","code":"display"},"value":"Coxa direita"}]},{"code":"4","display":"Coxa esquerda","designation":[{"language":"pt-BR","use":{"system":"http://terminology.hl7.org/CodeSystem/designation-usage","code":"display"},"value":"Coxa esquerda"}]},{"code":"5","display":"Pulso direito","designation":[{"language":"pt-BR","use":{"system":"http://terminology.hl7.org/CodeSystem/designation-usage","code":"display"},"value":"Pulso direito"}]},{"code":"6","display":"Pulso esquerdo","designation":[{"language":"pt-BR","use":{"system":"http://terminology.hl7.org/CodeSystem/designation-usage","code":"display"},"value":"Pulso esquerdo"}]},{"code":"7","display":"Tornozelo direito","designation":[{"language":"pt-BR","use":{"system":"http://terminology.hl7.org/CodeSystem/designation-usage","code":"display"},"value":"Tornozelo direito"}]},{"code":"8","display":"Tornozelo esquerdo","designation":[{"language":"pt-BR","use":{"system":"http://terminology.hl7.org/CodeSystem/designation-usage","code":"display"},"value":"Tornozelo esquerdo"}]},{"code":"9","display":"Dedo da mão","designation":[{"language":"pt-BR","use":{"system":"http://terminology.hl7.org/CodeSystem/designation-usage","code":"display"},"value":"Dedo da mão"}]},{"code":"10","display":"Dedo do pé","designation":[{"language":"pt-BR","use":{"system":"http://terminology.hl7.org/CodeSystem/designation-usage","code":"display"},"value":"Dedo do pé"}]}]}