{"resourceType":"CodeSystem","id":"BRTipoObservacao","meta":{"lastUpdated":"2020-03-11T18:25:29.666+00:00"},"language":"pt-BR","text":{"status":"generated","div":"<div xmlns=\"http://www.w3.org/1999/xhtml\" xml:lang=\"pt-BR\" lang=\"pt-BR\"><p class=\"res-header-id\"><b>Narrativa gerada: CodeSystem BRTipoObservacao</b></p><a name=\"BRTipoObservacao\"> </a><a name=\"hcBRTipoObservacao\"> </a><div style=\"display: inline-block; background-color: #d9e0e7; padding: 6px; margin: 4px; border: 1px solid #8da1b4; border-radius: 5px; line-height: 60%\"><p style=\"margin-bottom: 0px\">Última atualização: 2020-03-11 18:25:29+0000; Língua: pt-BR</p></div><p>Este case-sensitive sistema de código <code>http://www.saude.gov.br/fhir/r4/CodeSystem/BRTipoObservacao</code> define o seguinte códigos:</p><table class=\"codes\"><tr><td style=\"white-space:nowrap\"><b>Código</b></td><td><b>Ecrã</b></td></tr><tr><td style=\"white-space:nowrap\">DSIA<a name=\"BRTipoObservacao-DSIA\"> </a></td><td>Declaração Subjetiva do Indivíudo para o Atendimento</td></tr><tr><td style=\"white-space:nowrap\">RECIDI<a name=\"BRTipoObservacao-RECIDI\"> </a></td><td>Resumo da evolução clínica do indivíduo durante a internação</td></tr><tr><td style=\"white-space:nowrap\">DF<a name=\"BRTipoObservacao-DF\"> </a></td><td>Dados do desfecho</td></tr><tr><td style=\"white-space:nowrap\">IAC<a name=\"BRTipoObservacao-IAC\"> </a></td><td>Informações Adicionais/Complementares</td></tr><tr><td style=\"white-space:nowrap\">P<a name=\"BRTipoObservacao-P\"> </a></td><td>Peso</td></tr><tr><td style=\"white-space:nowrap\">A<a name=\"BRTipoObservacao-A\"> </a></td><td>Altura</td></tr><tr><td style=\"white-space:nowrap\">PC<a name=\"BRTipoObservacao-PC\"> </a></td><td>Perímetro Cefálico</td></tr><tr><td style=\"white-space:nowrap\">CA<a name=\"BRTipoObservacao-CA\"> </a></td><td>Circunferência Abdominal</td></tr><tr><td style=\"white-space:nowrap\">PA<a name=\"BRTipoObservacao-PA\"> </a></td><td>Pressão Arterial</td></tr></table></div>"},"extension":[{"url":"http://hl7.org/fhir/StructureDefinition/structuredefinition-fmm","valueInteger":1,"_valueInteger":{"extension":[{"url":"http://hl7.org/fhir/StructureDefinition/structuredefinition-conformance-derivedFrom","valueCanonical":"http://www.saude.gov.br/fhir/r4/ImplementationGuide/br.gov.saude.rac.fhir"}]}},{"url":"http://hl7.org/fhir/StructureDefinition/structuredefinition-standards-status","valueCode":"informative","_valueCode":{"extension":[{"url":"http://hl7.org/fhir/StructureDefinition/structuredefinition-conformance-derivedFrom","valueCanonical":"http://www.saude.gov.br/fhir/r4/ImplementationGuide/br.gov.saude.rac.fhir"}]}}],"url":"http://www.saude.gov.br/fhir/r4/CodeSystem/BRTipoObservacao","version":"1.0.0","name":"BRTipoObservacao","title":"Tipo de Observação","status":"active","experimental":false,"date":"2020-03-11T18:25:50.173869+00:00","publisher":"Ministério da Saúde do Brasil","contact":[{"telecom":[{"system":"url","value":"http://www.saude.gov.br"}]}],"description":"Tipo de Observação.","jurisdiction":[{"coding":[{"system":"urn:iso:std:iso:3166","code":"BR"}]}],"caseSensitive":true,"content":"complete","concept":[{"code":"DSIA","display":"Declaração Subjetiva do Indivíudo para o Atendimento","designation":[{"language":"pt-BR","use":{"system":"http://terminology.hl7.org/CodeSystem/designation-usage","code":"display"},"value":"Declaração Subjetiva do Indivíudo para o Atendimento"},{"language":"pt-BR","use":{"system":"http://terminology.hl7.org/CodeSystem/designation-usage","code":"display"},"value":"Declaração Subjetiva do Indivíudo para o Atendimento"}]},{"code":"RECIDI","display":"Resumo da evolução clínica do indivíduo durante a internação","designation":[{"language":"pt-BR","use":{"system":"http://terminology.hl7.org/CodeSystem/designation-usage","code":"display"},"value":"Resumo da evolução clínica do indivíduo durante a internação"},{"language":"pt-BR","use":{"system":"http://terminology.hl7.org/CodeSystem/designation-usage","code":"display"},"value":"Resumo da evolução clínica do indivíduo durante a internação"}]},{"code":"DF","display":"Dados do desfecho","designation":[{"language":"pt-BR","use":{"system":"http://terminology.hl7.org/CodeSystem/designation-usage","code":"display"},"value":"Dados do desfecho"},{"language":"pt-BR","use":{"system":"http://terminology.hl7.org/CodeSystem/designation-usage","code":"display"},"value":"Dados do desfecho"}]},{"code":"IAC","display":"Informações Adicionais/Complementares","designation":[{"language":"pt-BR","use":{"system":"http://terminology.hl7.org/CodeSystem/designation-usage","code":"display"},"value":"Informações Adicionais/Complementares"},{"language":"pt-BR","use":{"system":"http://terminology.hl7.org/CodeSystem/designation-usage","code":"display"},"value":"Informações Adicionais/Complementares"}]},{"code":"P","display":"Peso","designation":[{"language":"pt-BR","use":{"system":"http://terminology.hl7.org/CodeSystem/designation-usage","code":"display"},"value":"Peso"},{"language":"pt-BR","use":{"system":"http://terminology.hl7.org/CodeSystem/designation-usage","code":"display"},"value":"Peso"}]},{"code":"A","display":"Altura","designation":[{"language":"pt-BR","use":{"system":"http://terminology.hl7.org/CodeSystem/designation-usage","code":"display"},"value":"Altura"},{"language":"pt-BR","use":{"system":"http://terminology.hl7.org/CodeSystem/designation-usage","code":"display"},"value":"Altura"}]},{"code":"PC","display":"Perímetro Cefálico","designation":[{"language":"pt-BR","use":{"system":"http://terminology.hl7.org/CodeSystem/designation-usage","code":"display"},"value":"Perímetro Cefálico"},{"language":"pt-BR","use":{"system":"http://terminology.hl7.org/CodeSystem/designation-usage","code":"display"},"value":"Perímetro Cefálico"}]},{"code":"CA","display":"Circunferência Abdominal","designation":[{"language":"pt-BR","use":{"system":"http://terminology.hl7.org/CodeSystem/designation-usage","code":"display"},"value":"Circunferência Abdominal"},{"language":"pt-BR","use":{"system":"http://terminology.hl7.org/CodeSystem/designation-usage","code":"display"},"value":"Circunferência Abdominal"}]},{"code":"PA","display":"Pressão Arterial","designation":[{"language":"pt-BR","use":{"system":"http://terminology.hl7.org/CodeSystem/designation-usage","code":"display"},"value":"Pressão Arterial"},{"language":"pt-BR","use":{"system":"http://terminology.hl7.org/CodeSystem/designation-usage","code":"display"},"value":"Pressão Arterial"}]}]}