{"resourceType":"CodeSystem","id":"BRFrequenciaUsoSubstancia","meta":{"versionId":"1","lastUpdated":"2020-09-20T22:59:38.544+00:00"},"language":"pt-BR","text":{"status":"generated","div":"<div xmlns=\"http://www.w3.org/1999/xhtml\" xml:lang=\"pt-BR\" lang=\"pt-BR\"><p class=\"res-header-id\"><b>Narrativa gerada: CodeSystem BRFrequenciaUsoSubstancia</b></p><a name=\"BRFrequenciaUsoSubstancia\"> </a><a name=\"hcBRFrequenciaUsoSubstancia\"> </a><div style=\"display: inline-block; background-color: #d9e0e7; padding: 6px; margin: 4px; border: 1px solid #8da1b4; border-radius: 5px; line-height: 60%\"><p style=\"margin-bottom: 0px\">versão: 1; Última atualização: 2020-09-20 22:59:38+0000; Língua: pt-BR</p></div><p>Este case-sensitive sistema de código <code>http://www.saude.gov.br/fhir/r4/CodeSystem/BRFrequenciaUsoSubstancia</code> define o seguinte códigos:</p><table class=\"codes\"><tr><td style=\"white-space:nowrap\"><b>Código</b></td><td><b>Ecrã</b></td></tr><tr><td style=\"white-space:nowrap\">nunca<a name=\"BRFrequenciaUsoSubstancia-nunca\"> </a></td><td>Nunca</td></tr><tr><td style=\"white-space:nowrap\">uma-ou-duas<a name=\"BRFrequenciaUsoSubstancia-uma-ou-duas\"> </a></td><td>1 ou 2 vezes</td></tr></table></div>"},"extension":[{"url":"http://hl7.org/fhir/StructureDefinition/structuredefinition-fmm","valueInteger":1,"_valueInteger":{"extension":[{"url":"http://hl7.org/fhir/StructureDefinition/structuredefinition-conformance-derivedFrom","valueCanonical":"http://www.saude.gov.br/fhir/r4/ImplementationGuide/br.gov.saude.rac.fhir"}]}},{"url":"http://hl7.org/fhir/StructureDefinition/structuredefinition-standards-status","valueCode":"informative","_valueCode":{"extension":[{"url":"http://hl7.org/fhir/StructureDefinition/structuredefinition-conformance-derivedFrom","valueCanonical":"http://www.saude.gov.br/fhir/r4/ImplementationGuide/br.gov.saude.rac.fhir"}]}}],"url":"http://www.saude.gov.br/fhir/r4/CodeSystem/BRFrequenciaUsoSubstancia","version":"1.0.0","name":"BRFrequenciaUsoSubstancia","title":"Frequência de Uso de Substância","status":"active","experimental":false,"date":"2020-09-20T22:59:37.2719923+00:00","publisher":"Ministério da Saúde do Brasil","contact":[{"telecom":[{"system":"url","value":"http://www.saude.gov.br"}]}],"description":"Identifica a frequência de uso da substância conforme declaração do indivíduo, de acordo com o especificado no modelo de informação do Registro de Atendimento Clínico da Resolução CIT nº 33/2018.","jurisdiction":[{"coding":[{"system":"urn:iso:std:iso:3166","code":"BR"}]}],"caseSensitive":true,"content":"complete","concept":[{"code":"nunca","display":"Nunca","designation":[{"language":"pt-BR","use":{"system":"http://terminology.hl7.org/CodeSystem/designation-usage","code":"display"},"value":"Nunca"},{"language":"pt-BR","use":{"system":"http://terminology.hl7.org/CodeSystem/designation-usage","code":"display"},"value":"Nunca"}]},{"code":"uma-ou-duas","display":"1 ou 2 vezes","designation":[{"language":"pt-BR","use":{"system":"http://terminology.hl7.org/CodeSystem/designation-usage","code":"display"},"value":"1 ou 2 vezes"},{"language":"pt-BR","use":{"system":"http://terminology.hl7.org/CodeSystem/designation-usage","code":"display"},"value":"1 ou 2 vezes"}]}]}