{"resourceType":"CodeSystem","id":"BRImunobiologico","meta":{"lastUpdated":"2021-01-20T14:39:24.326+00:00"},"language":"pt-BR","text":{"status":"generated","div":"<div xmlns=\"http://www.w3.org/1999/xhtml\" xml:lang=\"pt-BR\" lang=\"pt-BR\"><p>This case-sensitive code system <code>http://www.saude.gov.br/fhir/r4/CodeSystem/BRImunobiologico</code> defines the following codes:</p><table class=\"codes\"><tr><td style=\"white-space:nowrap\"><b>Code</b></td><td><b>Display</b></td><td><b>Definition</b></td></tr><tr><td style=\"white-space:nowrap\">1<a name=\"BRImunobiologico-1\"> </a></td><td>IGHT</td><td>Imunoglobulina humana antitétano</td></tr><tr><td style=\"white-space:nowrap\">2<a name=\"BRImunobiologico-2\"> </a></td><td>SAT</td><td>Soro antitetânico</td></tr><tr><td style=\"white-space:nowrap\">3<a name=\"BRImunobiologico-3\"> </a></td><td>SARC</td><td>Soro antiaracnídico</td></tr><tr><td style=\"white-space:nowrap\">4<a name=\"BRImunobiologico-4\"> </a></td><td>SAESCOR</td><td>Soro antiescorpiônico</td></tr><tr><td style=\"white-space:nowrap\">5<a name=\"BRImunobiologico-5\"> </a></td><td>DT</td><td>Vacina difteria e tétano infantil</td></tr><tr><td style=\"white-space:nowrap\">6<a name=\"BRImunobiologico-6\"> </a></td><td>SAELAP</td><td>Soro antielapídico</td></tr><tr><td style=\"white-space:nowrap\">7<a name=\"BRImunobiologico-7\"> </a></td><td>SAR</td><td>Soro antirrábico</td></tr><tr><td style=\"white-space:nowrap\">8<a name=\"BRImunobiologico-8\"> </a></td><td>SABOTR</td><td>Soro antibotrópico (pentavalente)</td></tr><tr><td style=\"white-space:nowrap\">9<a name=\"BRImunobiologico-9\"> </a></td><td>HepB</td><td>Vacina hepatite B</td></tr><tr><td style=\"white-space:nowrap\">10<a name=\"BRImunobiologico-10\"> </a></td><td>SAD</td><td>Soro antidiftérico</td></tr><tr><td style=\"white-space:nowrap\">11<a name=\"BRImunobiologico-11\"> </a></td><td>SABOCR</td><td>Soro antibotrópico (pentavalente) e anticrotálico</td></tr><tr><td style=\"white-space:nowrap\">12<a name=\"BRImunobiologico-12\"> </a></td><td>SABOLA</td><td>Soro antibotrópico (pentavalente) e antilaquético</td></tr><tr><td style=\"white-space:nowrap\">13<a name=\"BRImunobiologico-13\"> </a></td><td>Meningo AC</td><td>Vacina meningocócica AC</td></tr><tr><td style=\"white-space:nowrap\">14<a name=\"BRImunobiologico-14\"> </a></td><td>VFA</td><td>Vacina febre amarela</td></tr><tr><td style=\"white-space:nowrap\">15<a name=\"BRImunobiologico-15\"> </a></td><td>BCG</td><td>Vacina BCG</td></tr><tr><td style=\"white-space:nowrap\">16<a name=\"BRImunobiologico-16\"> </a></td><td>SACROT</td><td>Soro anticrotálico</td></tr><tr><td style=\"white-space:nowrap\">17<a name=\"BRImunobiologico-17\"> </a></td><td>Hib</td><td>Vacina Hib</td></tr><tr><td style=\"white-space:nowrap\">18<a name=\"BRImunobiologico-18\"> </a></td><td>VR</td><td>Vacina raiva embrião de galinha</td></tr><tr><td style=\"white-space:nowrap\">19<a name=\"BRImunobiologico-19\"> </a></td><td>IGHV</td><td>Imunoglobulina humana antivaricela</td></tr><tr><td style=\"white-space:nowrap\">20<a name=\"BRImunobiologico-20\"> </a></td><td>IGHHB</td><td>Imunoglobulina humana anti-hepatite B</td></tr><tr><td style=\"white-space:nowrap\">21<a name=\"BRImunobiologico-21\"> </a></td><td>VPP23</td><td>Vacina pneumo 23</td></tr><tr><td style=\"white-space:nowrap\">22<a name=\"BRImunobiologico-22\"> </a></td><td>VIP</td><td>Vacina polio injetável</td></tr><tr><td style=\"white-space:nowrap\">23<a name=\"BRImunobiologico-23\"> </a></td><td>IGHR</td><td>Imunoglobulina humana antirrábica</td></tr><tr><td style=\"white-space:nowrap\">24<a name=\"BRImunobiologico-24\"> </a></td><td>SCR</td><td>Vacina sarampo, caxumba, rubéola</td></tr><tr><td style=\"white-space:nowrap\">25<a name=\"BRImunobiologico-25\"> </a></td><td>dT</td><td>Vacina difteria e tétano adulto</td></tr><tr><td style=\"white-space:nowrap\">26<a name=\"BRImunobiologico-26\"> </a></td><td>VPC10</td><td>Vacina pneumo 10</td></tr><tr><td style=\"white-space:nowrap\">27<a name=\"BRImunobiologico-27\"> </a></td><td>SLATRO</td><td>Soro latrodectus</td></tr><tr><td style=\"white-space:nowrap\">28<a name=\"BRImunobiologico-28\"> </a></td><td>VOP</td><td>Vacina polio oral</td></tr><tr><td style=\"white-space:nowrap\">29<a name=\"BRImunobiologico-29\"> </a></td><td>PENTA acelular</td><td>Vacina penta acelular (DTPa/VIP/Hib)</td></tr><tr><td style=\"white-space:nowrap\">30<a name=\"BRImunobiologico-30\"> </a></td><td>FTp</td><td>Vacina febre tifóide</td></tr><tr><td style=\"white-space:nowrap\">31<a name=\"BRImunobiologico-31\"> </a></td><td>SALOXO</td><td>Soro antiloxoscélico (trivalente)</td></tr><tr><td style=\"white-space:nowrap\">32<a name=\"BRImunobiologico-32\"> </a></td><td>SALONO</td><td>Soro antilonômico</td></tr><tr><td style=\"white-space:nowrap\">33<a name=\"BRImunobiologico-33\"> </a></td><td>INF3</td><td>Vacina influenza trivalente</td></tr><tr><td style=\"white-space:nowrap\">34<a name=\"BRImunobiologico-34\"> </a></td><td>VAR</td><td>Vacina varicela</td></tr><tr><td style=\"white-space:nowrap\">35<a name=\"BRImunobiologico-35\"> </a></td><td>HA</td><td>Vacina hepatite A</td></tr><tr><td style=\"white-space:nowrap\">36<a name=\"BRImunobiologico-36\"> </a></td><td>SR</td><td>Vacina sarampo, rubéola</td></tr><tr><td style=\"white-space:nowrap\">37<a name=\"BRImunobiologico-37\"> </a></td><td>Vero</td><td>Vacina raiva em cultivo celular vero</td></tr><tr><td style=\"white-space:nowrap\">38<a name=\"BRImunobiologico-38\"> </a></td><td>SBOTULTRI</td><td>Soro antibotulínico (trivalente)</td></tr><tr><td style=\"white-space:nowrap\">39<a name=\"BRImunobiologico-39\"> </a></td><td>Tetra</td><td>Vacina DTP/Hib</td></tr><tr><td style=\"white-space:nowrap\">40<a name=\"BRImunobiologico-40\"> </a></td><td>Pncc7V</td><td>Vacina pneumocócica 7V</td></tr><tr><td style=\"white-space:nowrap\">41<a name=\"BRImunobiologico-41\"> </a></td><td>MenC</td><td>Vacina meningo C</td></tr><tr><td style=\"white-space:nowrap\">42<a name=\"BRImunobiologico-42\"> </a></td><td>PENTA</td><td>Vacina penta (DTP/HepB/Hib)</td></tr><tr><td style=\"white-space:nowrap\">43<a name=\"BRImunobiologico-43\"> </a></td><td>HEXA</td><td>Vacina hexa (DTPa/HepB/VIP/Hib)</td></tr><tr><td style=\"white-space:nowrap\">44<a name=\"BRImunobiologico-44\"> </a></td><td>H1N1</td><td>Vacina Influenza H1N1</td></tr><tr><td style=\"white-space:nowrap\">45<a name=\"BRImunobiologico-45\"> </a></td><td>ROTA</td><td>Vacina rotavírus</td></tr><tr><td style=\"white-space:nowrap\">46<a name=\"BRImunobiologico-46\"> </a></td><td>DTP</td><td>Vacina DTP</td></tr><tr><td style=\"white-space:nowrap\">47<a name=\"BRImunobiologico-47\"> </a></td><td>DTPa</td><td>Vacina DTPa infantil</td></tr><tr><td style=\"white-space:nowrap\">48<a name=\"BRImunobiologico-48\"> </a></td><td>DILSRC</td><td>Diluente para vacina sarampo, caxumba, rubéola</td></tr><tr><td style=\"white-space:nowrap\">49<a name=\"BRImunobiologico-49\"> </a></td><td>DILVFA</td><td>Diluente para vacina febre amarela</td></tr><tr><td style=\"white-space:nowrap\">50<a name=\"BRImunobiologico-50\"> </a></td><td>DILHib</td><td>Diluente para vacina haemophilus influenzae B</td></tr><tr><td style=\"white-space:nowrap\">51<a name=\"BRImunobiologico-51\"> </a></td><td>Fta</td><td>Vacina febre tifóide (atenuada)</td></tr><tr><td style=\"white-space:nowrap\">52<a name=\"BRImunobiologico-52\"> </a></td><td>DilMengAC</td><td>Diluente meningo AC</td></tr><tr><td style=\"white-space:nowrap\">53<a name=\"BRImunobiologico-53\"> </a></td><td>DILSR</td><td>Diluente para vacina sarampo, rubéola</td></tr><tr><td style=\"white-space:nowrap\">54<a name=\"BRImunobiologico-54\"> </a></td><td>DILVAR</td><td>Diluente para vacina varicela</td></tr><tr><td style=\"white-space:nowrap\">55<a name=\"BRImunobiologico-55\"> </a></td><td>HepAinf</td><td>Vacina hepatite A infantil</td></tr><tr><td style=\"white-space:nowrap\">56<a name=\"BRImunobiologico-56\"> </a></td><td>SCRV</td><td>Vacina sarampo, caxumba, rubéola e varicela</td></tr><tr><td style=\"white-space:nowrap\">57<a name=\"BRImunobiologico-57\"> </a></td><td>dTpa</td><td>Vacina dTpa adulto</td></tr><tr><td style=\"white-space:nowrap\">58<a name=\"BRImunobiologico-58\"> </a></td><td>TETRA acelular</td><td>Vacina DTPa/VIP</td></tr><tr><td style=\"white-space:nowrap\">59<a name=\"BRImunobiologico-59\"> </a></td><td>VPC13</td><td>Vacina pneumo 13</td></tr><tr><td style=\"white-space:nowrap\">60<a name=\"BRImunobiologico-60\"> </a></td><td>HPV2</td><td>Vacina HPV bivalente</td></tr><tr><td style=\"white-space:nowrap\">61<a name=\"BRImunobiologico-61\"> </a></td><td>TT</td><td>Vacina toxóide tetânico</td></tr><tr><td style=\"white-space:nowrap\">62<a name=\"BRImunobiologico-62\"> </a></td><td>HAeHBped</td><td>Hepatite AeB (pediátrica)</td></tr><tr><td style=\"white-space:nowrap\">63<a name=\"BRImunobiologico-63\"> </a></td><td>HAeHB</td><td>Vacina hepatite AeB (uso adulto)</td></tr><tr><td style=\"white-space:nowrap\">64<a name=\"BRImunobiologico-64\"> </a></td><td>FLU ID</td><td>Vacina influenza ID</td></tr><tr><td style=\"white-space:nowrap\">65<a name=\"BRImunobiologico-65\"> </a></td><td>ROTA5</td><td>Vacina rotavírus pentavalente</td></tr><tr><td style=\"white-space:nowrap\">66<a name=\"BRImunobiologico-66\"> </a></td><td>MEN BC</td><td>Vacina meningocócica B/C</td></tr><tr><td style=\"white-space:nowrap\">67<a name=\"BRImunobiologico-67\"> </a></td><td>HPV4</td><td>Vacina HPV quadrivalente</td></tr><tr><td style=\"white-space:nowrap\">68<a name=\"BRImunobiologico-68\"> </a></td><td>HPV Bi</td><td>Vacina HPV bivalente</td></tr><tr><td style=\"white-space:nowrap\">69<a name=\"BRImunobiologico-69\"> </a></td><td>SABOT</td><td>Soro antibotulínico AB (bivalente)</td></tr><tr><td style=\"white-space:nowrap\">70<a name=\"BRImunobiologico-70\"> </a></td><td>Sarampo</td><td>Vacina sarampo</td></tr><tr><td style=\"white-space:nowrap\">71<a name=\"BRImunobiologico-71\"> </a></td><td>Rubeola</td><td>Vacina rubéola</td></tr><tr><td style=\"white-space:nowrap\">72<a name=\"BRImunobiologico-72\"> </a></td><td>Gripe Sazonal</td><td>Vacina gripe</td></tr><tr><td style=\"white-space:nowrap\">73<a name=\"BRImunobiologico-73\"> </a></td><td>Quadrupla Viral</td><td>Vacina quádrupla viral</td></tr><tr><td style=\"white-space:nowrap\">74<a name=\"BRImunobiologico-74\"> </a></td><td>MenACWY</td><td>Vacina meningo ACWY</td></tr><tr><td style=\"white-space:nowrap\">75<a name=\"BRImunobiologico-75\"> </a></td><td>COLERA</td><td>Vacina cólera</td></tr><tr><td style=\"white-space:nowrap\">76<a name=\"BRImunobiologico-76\"> </a></td><td>VHZ</td><td>Vacina herpes-zóster</td></tr><tr><td style=\"white-space:nowrap\">77<a name=\"BRImunobiologico-77\"> </a></td><td>INF4</td><td>Vacina influenza tetravalente</td></tr><tr><td style=\"white-space:nowrap\">78<a name=\"BRImunobiologico-78\"> </a></td><td>MenB</td><td>Vacina meningo B</td></tr><tr><td style=\"white-space:nowrap\">79<a name=\"BRImunobiologico-79\"> </a></td><td>DILBCG</td><td>Diluente para vacina BCG</td></tr><tr><td style=\"white-space:nowrap\">80<a name=\"BRImunobiologico-80\"> </a></td><td>DILVRvero</td><td>Diluente para vacina raiva cultivo celulas vero</td></tr><tr><td style=\"white-space:nowrap\">81<a name=\"BRImunobiologico-81\"> </a></td><td>DILMenC</td><td>Diluente para vacina meningo C</td></tr><tr><td style=\"white-space:nowrap\">82<a name=\"BRImunobiologico-82\"> </a></td><td>Dengue</td><td>Vacina dengue</td></tr><tr><td style=\"white-space:nowrap\">83<a name=\"BRImunobiologico-83\"> </a></td><td>HEPAad</td><td>Vacina hepatite A adulto</td></tr><tr><td style=\"white-space:nowrap\">84<a name=\"BRImunobiologico-84\"> </a></td><td>VFA-F</td><td>Vacina febre amarela fracionada</td></tr><tr><td style=\"white-space:nowrap\">85<a name=\"BRImunobiologico-85\"> </a></td><td>COVID-19 ASTRAZENECA/FIOCRUZ - COVISHIELD</td><td>Vacina Covid-19 ASTRAZENECA/FIOCRUZ - COVISHIELD, recombinante</td></tr><tr><td style=\"white-space:nowrap\">86<a name=\"BRImunobiologico-86\"> </a></td><td>COVID-19 SINOVAC/BUTANTAN - CORONAVAC</td><td>Vacina COVID-19 SINOVAC/BUTANTAN - CORONAVAC, inativada</td></tr><tr><td style=\"white-space:nowrap\">87<a name=\"BRImunobiologico-87\"> </a></td><td>COVID-19 PFIZER - COMIRNATY</td><td>Vacina COVID-19 PFIZER - COMIRNATY, RNAm</td></tr><tr><td style=\"white-space:nowrap\">88<a name=\"BRImunobiologico-88\"> </a></td><td>COVID-19 JANSSEN - Ad26.COV2.S</td><td>Vacina COVID-19 JANSSEN - Ad26.COV2.S, recombinante</td></tr><tr><td style=\"white-space:nowrap\">89<a name=\"BRImunobiologico-89\"> </a></td><td>COVID-19 ASTRAZENECA - ChAdOx1-S</td><td>Vacina COVID-19 ASTRAZENECA - ChAdOx1-S, recombinante</td></tr><tr><td style=\"white-space:nowrap\">90<a name=\"BRImunobiologico-90\"> </a></td><td>DILSCRV</td><td>Diluente para vacina sarampo, caxumba, rubéola e varicela</td></tr><tr><td style=\"white-space:nowrap\">91<a name=\"BRImunobiologico-91\"> </a></td><td>DILVR</td><td>Diluente para vacina raiva cultivo embrião de galinha</td></tr><tr><td style=\"white-space:nowrap\">92<a name=\"BRImunobiologico-92\"> </a></td><td>VRvero</td><td>Vacina raiva cultivo celulas vero</td></tr><tr><td style=\"white-space:nowrap\">93<a name=\"BRImunobiologico-93\"> </a></td><td>HPV9</td><td>Vacina HPV nonavalente</td></tr><tr><td style=\"white-space:nowrap\">94<a name=\"BRImunobiologico-94\"> </a></td><td>DILCOV</td><td>Diluente Covid-19</td></tr><tr><td style=\"white-space:nowrap\">95<a name=\"BRImunobiologico-95\"> </a></td><td>COVID-19 GAMALEYA - SPUTNIK V</td><td>Vacina COVID-19 GAMALEYA - SPUTNIK V recombinante</td></tr><tr><td style=\"white-space:nowrap\">96<a name=\"BRImunobiologico-96\"> </a></td><td>COVID-19 BHARAT - COVAXIN</td><td>Vacina Covid-19 COVID-19 BHARAT - COVAXIN inativada</td></tr><tr><td style=\"white-space:nowrap\">97<a name=\"BRImunobiologico-97\"> </a></td><td>COVID-19 MODERNA</td><td>Vacina COVID-19 MODERNA RNAm</td></tr><tr><td style=\"white-space:nowrap\">98<a name=\"BRImunobiologico-98\"> </a></td><td>COVID-19 SINOVAC - CORONAVAC</td><td>Vacina COVID-19 SINOVAC - CORONAVAC inativada</td></tr><tr><td style=\"white-space:nowrap\">99<a name=\"BRImunobiologico-99\"> </a></td><td>COVID-19 PFIZER - COMIRNATY PEDIÁTRICA</td><td>Vacina COVID-19 PFIZER - COMIRNATY PEDIÁTRICA, RNAm</td></tr><tr><td style=\"white-space:nowrap\">100<a name=\"BRImunobiologico-100\"> </a></td><td>VVBN</td><td>Vacina Varíola Bavarian Nordic</td></tr><tr><td style=\"white-space:nowrap\">101<a name=\"BRImunobiologico-101\"> </a></td><td>VZR</td><td>Vacina Herpes-Zoster, recombinante</td></tr><tr><td style=\"white-space:nowrap\">102<a name=\"BRImunobiologico-102\"> </a></td><td>COVID-19 PFIZER - COMIRNATY PEDIÁTRICA MENOR DE 5 ANOS</td><td>Vacina COVID-19 PFIZER - COMIRNATY PEDIÁTRICA MENOR DE 5 ANOS, RNAm</td></tr><tr><td style=\"white-space:nowrap\">103<a name=\"BRImunobiologico-103\"> </a></td><td>COVID-19 PFIZER - COMIRNATY BIVALENTE</td><td>Vacina COVID-19 PFIZER - COMIRNATY BIVALENTE, RNAm</td></tr><tr><td style=\"white-space:nowrap\">104<a name=\"BRImunobiologico-104\"> </a></td><td>DNG</td><td>Vacina dengue (atenuada)</td></tr><tr><td style=\"white-space:nowrap\">105<a name=\"BRImunobiologico-105\"> </a></td><td>COVID-19 MODERNA - SPIKEVAX BIVALENTE</td><td>Vacina Covid-19-RNAm, Moderna (Spikevax) bivalente</td></tr><tr><td style=\"white-space:nowrap\">106<a name=\"BRImunobiologico-106\"> </a></td><td>VPC15</td><td>Vacina adsorvida pneumocócica 15-valente (conjugada, polissacarídica)</td></tr></table><p><b>Additional Language Displays</b></p><table class=\"codes\"><tr><td><b>Code</b></td><td><b>English (English, en)</b></td><td><b>Spanish (es)</b></td></tr><tr><td>1</td><td></td><td></td></tr><tr><td>2</td><td></td><td></td></tr><tr><td>3</td><td></td><td></td></tr><tr><td>4</td><td></td><td></td></tr><tr><td>5</td><td></td><td></td></tr><tr><td>6</td><td></td><td></td></tr><tr><td>7</td><td></td><td></td></tr><tr><td>8</td><td></td><td></td></tr><tr><td>9</td><td></td><td></td></tr><tr><td>10</td><td></td><td></td></tr><tr><td>11</td><td></td><td></td></tr><tr><td>12</td><td></td><td></td></tr><tr><td>13</td><td></td><td></td></tr><tr><td>14</td><td></td><td></td></tr><tr><td>15</td><td></td><td></td></tr><tr><td>16</td><td></td><td></td></tr><tr><td>17</td><td></td><td></td></tr><tr><td>18</td><td></td><td></td></tr><tr><td>19</td><td></td><td></td></tr><tr><td>20</td><td></td><td></td></tr><tr><td>21</td><td></td><td></td></tr><tr><td>22</td><td></td><td></td></tr><tr><td>23</td><td></td><td></td></tr><tr><td>24</td><td></td><td></td></tr><tr><td>25</td><td></td><td></td></tr><tr><td>26</td><td></td><td></td></tr><tr><td>27</td><td></td><td></td></tr><tr><td>28</td><td></td><td></td></tr><tr><td>29</td><td></td><td></td></tr><tr><td>30</td><td></td><td></td></tr><tr><td>31</td><td></td><td></td></tr><tr><td>32</td><td></td><td></td></tr><tr><td>33</td><td>Influenza vaccine trivalent</td><td>Vacuna influenza trivalente</td></tr><tr><td>34</td><td></td><td></td></tr><tr><td>35</td><td></td><td></td></tr><tr><td>36</td><td></td><td></td></tr><tr><td>37</td><td></td><td></td></tr><tr><td>38</td><td></td><td></td></tr><tr><td>39</td><td></td><td></td></tr><tr><td>40</td><td></td><td></td></tr><tr><td>41</td><td></td><td></td></tr><tr><td>42</td><td></td><td></td></tr><tr><td>43</td><td></td><td></td></tr><tr><td>44</td><td></td><td></td></tr><tr><td>45</td><td></td><td></td></tr><tr><td>46</td><td></td><td></td></tr><tr><td>47</td><td></td><td></td></tr><tr><td>48</td><td></td><td></td></tr><tr><td>49</td><td></td><td></td></tr><tr><td>50</td><td></td><td></td></tr><tr><td>51</td><td></td><td></td></tr><tr><td>52</td><td></td><td></td></tr><tr><td>53</td><td></td><td></td></tr><tr><td>54</td><td></td><td></td></tr><tr><td>55</td><td></td><td></td></tr><tr><td>56</td><td></td><td></td></tr><tr><td>57</td><td></td><td></td></tr><tr><td>58</td><td></td><td></td></tr><tr><td>59</td><td></td><td></td></tr><tr><td>60</td><td></td><td></td></tr><tr><td>61</td><td></td><td></td></tr><tr><td>62</td><td></td><td></td></tr><tr><td>63</td><td></td><td></td></tr><tr><td>64</td><td></td><td></td></tr><tr><td>65</td><td></td><td></td></tr><tr><td>66</td><td></td><td></td></tr><tr><td>67</td><td></td><td></td></tr><tr><td>68</td><td></td><td></td></tr><tr><td>69</td><td></td><td></td></tr><tr><td>70</td><td></td><td></td></tr><tr><td>71</td><td></td><td></td></tr><tr><td>72</td><td></td><td></td></tr><tr><td>73</td><td></td><td></td></tr><tr><td>74</td><td></td><td></td></tr><tr><td>75</td><td></td><td></td></tr><tr><td>76</td><td></td><td></td></tr><tr><td>77</td><td>Influenza vaccine tetravalent</td><td>Vacuna influenza tetravalente</td></tr><tr><td>78</td><td></td><td></td></tr><tr><td>79</td><td></td><td></td></tr><tr><td>80</td><td></td><td></td></tr><tr><td>81</td><td></td><td></td></tr><tr><td>82</td><td></td><td></td></tr><tr><td>83</td><td></td><td></td></tr><tr><td>84</td><td></td><td></td></tr><tr><td>85</td><td>XM9QW8 COVID-19 vaccine, non-replicating viral vector</td><td>XM9QW8 Vacuna COVID-19, vector viral no replicante</td></tr><tr><td>86</td><td>XM1NL1 COVID-19 vaccine, inactivated virus</td><td>XM1NL1 Vacuna COVID-19, virus inactivado</td></tr><tr><td>87</td><td>XM0GQ8 COVID-19 vaccine, RNA based</td><td>XM0GQ8 Vacuna COVID-19, basada en ARN</td></tr><tr><td>88</td><td>XM9QW8 COVID-19 vaccine, non-replicating viral vector</td><td>XM9QW8 Vacuna COVID-19, vector viral no replicante</td></tr><tr><td>89</td><td>XM9QW8 COVID-19 vaccine, non-replicating viral vector</td><td>XM9QW8 Vacuna COVID-19, vector viral no replicante</td></tr><tr><td>90</td><td></td><td></td></tr><tr><td>91</td><td></td><td></td></tr><tr><td>92</td><td></td><td></td></tr><tr><td>93</td><td></td><td></td></tr><tr><td>94</td><td></td><td></td></tr><tr><td>95</td><td>XM9QW8 COVID-19 vaccine, non-replicating viral vector</td><td>XM9QW8 Vacuna COVID-19, vector viral no replicante</td></tr><tr><td>96</td><td>XM1NL1 COVID-19 vaccine, inactivated virus</td><td>XM1NL1 Vacuna COVID-19, virus inactivado</td></tr><tr><td>97</td><td>XM0GQ8 COVID-19 vaccine, RNA based</td><td>XM0GQ8 Vacuna COVID-19, basada en ARN</td></tr><tr><td>98</td><td>XM1NL1 COVID-19 vaccine, inactivated virus</td><td>XM1NL1 Vacuna COVID-19, virus inactivado</td></tr><tr><td>99</td><td>XM0GQ8 COVID-19 vaccine, RNA based</td><td>XM0GQ8 Vacuna COVID-19, basada en ARN</td></tr><tr><td>100</td><td></td><td></td></tr><tr><td>101</td><td></td><td></td></tr><tr><td>102</td><td>XM0GQ8 COVID-19 vaccine, RNA based</td><td>XM0GQ8 Vacuna COVID-19, basada en ARN</td></tr><tr><td>103</td><td>XM0GQ8 COVID-19 vaccine, RNA based</td><td>XM0GQ8 Vacuna COVID-19, basada en ARN</td></tr><tr><td>104</td><td></td><td></td></tr><tr><td>105</td><td></td><td></td></tr><tr><td>106</td><td></td><td></td></tr></table></div>"},"extension":[{"url":"http://hl7.org/fhir/StructureDefinition/structuredefinition-fmm","valueInteger":1,"_valueInteger":{"extension":[{"url":"http://hl7.org/fhir/StructureDefinition/structuredefinition-conformance-derivedFrom","valueCanonical":"http://www.saude.gov.br/fhir/r4/ImplementationGuide/br.gov.saude.rnds.rac"}]}},{"url":"http://hl7.org/fhir/StructureDefinition/structuredefinition-standards-status","valueCode":"informative","_valueCode":{"extension":[{"url":"http://hl7.org/fhir/StructureDefinition/structuredefinition-conformance-derivedFrom","valueCanonical":"http://www.saude.gov.br/fhir/r4/ImplementationGuide/br.gov.saude.rnds.rac"}]}}],"url":"http://www.saude.gov.br/fhir/r4/CodeSystem/BRImunobiologico","version":"0.1.0","name":"BRImunobiologico","title":"Imunobiológico","status":"active","experimental":false,"date":"2023-01-12T18:40:15.6103207+00:00","publisher":"Ministério da Saúde do Brasil","contact":[{"telecom":[{"system":"url","value":"http://www.saude.gov.br"}]}],"description":"Classifica os tipos de imunobiológicos.","jurisdiction":[{"coding":[{"system":"urn:iso:std:iso:3166","code":"BR"}]}],"caseSensitive":true,"content":"complete","concept":[{"code":"1","display":"IGHT","definition":"Imunoglobulina humana antitétano","designation":[{"language":"pt-BR","use":{"system":"http://terminology.hl7.org/CodeSystem/designation-usage","code":"display"},"value":"IGHT"}]},{"code":"2","display":"SAT","definition":"Soro antitetânico","designation":[{"language":"pt-BR","use":{"system":"http://terminology.hl7.org/CodeSystem/designation-usage","code":"display"},"value":"SAT"}]},{"code":"3","display":"SARC","definition":"Soro antiaracnídico","designation":[{"language":"pt-BR","use":{"system":"http://terminology.hl7.org/CodeSystem/designation-usage","code":"display"},"value":"SARC"}]},{"code":"4","display":"SAESCOR","definition":"Soro antiescorpiônico","designation":[{"language":"pt-BR","use":{"system":"http://terminology.hl7.org/CodeSystem/designation-usage","code":"display"},"value":"SAESCOR"}]},{"code":"5","display":"DT","definition":"Vacina difteria e tétano infantil","designation":[{"language":"pt-BR","use":{"system":"http://terminology.hl7.org/CodeSystem/designation-usage","code":"display"},"value":"DT"}]},{"code":"6","display":"SAELAP","definition":"Soro antielapídico","designation":[{"language":"pt-BR","use":{"system":"http://terminology.hl7.org/CodeSystem/designation-usage","code":"display"},"value":"SAELAP"}]},{"code":"7","display":"SAR","definition":"Soro antirrábico","designation":[{"language":"pt-BR","use":{"system":"http://terminology.hl7.org/CodeSystem/designation-usage","code":"display"},"value":"SAR"}]},{"code":"8","display":"SABOTR","definition":"Soro antibotrópico (pentavalente)","designation":[{"language":"pt-BR","use":{"system":"http://terminology.hl7.org/CodeSystem/designation-usage","code":"display"},"value":"SABOTR"}]},{"code":"9","display":"HepB","definition":"Vacina hepatite B","designation":[{"language":"pt-BR","use":{"system":"http://terminology.hl7.org/CodeSystem/designation-usage","code":"display"},"value":"HepB"}]},{"code":"10","display":"SAD","definition":"Soro antidiftérico","designation":[{"language":"pt-BR","use":{"system":"http://terminology.hl7.org/CodeSystem/designation-usage","code":"display"},"value":"SAD"}]},{"code":"11","display":"SABOCR","definition":"Soro antibotrópico (pentavalente) e anticrotálico","designation":[{"language":"pt-BR","use":{"system":"http://terminology.hl7.org/CodeSystem/designation-usage","code":"display"},"value":"SABOCR"}]},{"code":"12","display":"SABOLA","definition":"Soro antibotrópico (pentavalente) e antilaquético","designation":[{"language":"pt-BR","use":{"system":"http://terminology.hl7.org/CodeSystem/designation-usage","code":"display"},"value":"SABOLA"}]},{"code":"13","display":"Meningo AC","definition":"Vacina meningocócica AC","designation":[{"language":"pt-BR","use":{"system":"http://terminology.hl7.org/CodeSystem/designation-usage","code":"display"},"value":"Meningo AC"}]},{"code":"14","display":"VFA","definition":"Vacina febre amarela","designation":[{"language":"pt-BR","use":{"system":"http://terminology.hl7.org/CodeSystem/designation-usage","code":"display"},"value":"VFA"}]},{"code":"15","display":"BCG","definition":"Vacina BCG","designation":[{"language":"pt-BR","use":{"system":"http://terminology.hl7.org/CodeSystem/designation-usage","code":"display"},"value":"BCG"}]},{"code":"16","display":"SACROT","definition":"Soro anticrotálico","designation":[{"language":"pt-BR","use":{"system":"http://terminology.hl7.org/CodeSystem/designation-usage","code":"display"},"value":"SACROT"}]},{"code":"17","display":"Hib","definition":"Vacina Hib","designation":[{"language":"pt-BR","use":{"system":"http://terminology.hl7.org/CodeSystem/designation-usage","code":"display"},"value":"Hib"}]},{"code":"18","display":"VR","definition":"Vacina raiva embrião de galinha","designation":[{"language":"pt-BR","use":{"system":"http://terminology.hl7.org/CodeSystem/designation-usage","code":"display"},"value":"VR"}],"property":[{"code":"inativo","valueBoolean":true}]},{"code":"19","display":"IGHV","definition":"Imunoglobulina humana antivaricela","designation":[{"language":"pt-BR","use":{"system":"http://terminology.hl7.org/CodeSystem/designation-usage","code":"display"},"value":"IGHV"}]},{"code":"20","display":"IGHHB","definition":"Imunoglobulina humana anti-hepatite B","designation":[{"language":"pt-BR","use":{"system":"http://terminology.hl7.org/CodeSystem/designation-usage","code":"display"},"value":"IGHHB"}]},{"code":"21","display":"VPP23","definition":"Vacina pneumo 23","designation":[{"language":"pt-BR","use":{"system":"http://terminology.hl7.org/CodeSystem/designation-usage","code":"display"},"value":"VPP23"}]},{"code":"22","display":"VIP","definition":"Vacina polio injetável","designation":[{"language":"pt-BR","use":{"system":"http://terminology.hl7.org/CodeSystem/designation-usage","code":"display"},"value":"VIP"}]},{"code":"23","display":"IGHR","definition":"Imunoglobulina humana antirrábica","designation":[{"language":"pt-BR","use":{"system":"http://terminology.hl7.org/CodeSystem/designation-usage","code":"display"},"value":"IGHR"}]},{"code":"24","display":"SCR","definition":"Vacina sarampo, caxumba, rubéola","designation":[{"language":"pt-BR","use":{"system":"http://terminology.hl7.org/CodeSystem/designation-usage","code":"display"},"value":"SCR"}]},{"code":"25","display":"dT","definition":"Vacina difteria e tétano adulto","designation":[{"language":"pt-BR","use":{"system":"http://terminology.hl7.org/CodeSystem/designation-usage","code":"display"},"value":"dT"}]},{"code":"26","display":"VPC10","definition":"Vacina pneumo 10","designation":[{"language":"pt-BR","use":{"system":"http://terminology.hl7.org/CodeSystem/designation-usage","code":"display"},"value":"VPC10"}]},{"code":"27","display":"SLATRO","definition":"Soro latrodectus","designation":[{"language":"pt-BR","use":{"system":"http://terminology.hl7.org/CodeSystem/designation-usage","code":"display"},"value":"SLATRO"}]},{"code":"28","display":"VOP","definition":"Vacina polio oral","designation":[{"language":"pt-BR","use":{"system":"http://terminology.hl7.org/CodeSystem/designation-usage","code":"display"},"value":"VOP"}]},{"code":"29","display":"PENTA acelular","definition":"Vacina penta acelular (DTPa/VIP/Hib)","designation":[{"language":"pt-BR","use":{"system":"http://terminology.hl7.org/CodeSystem/designation-usage","code":"display"},"value":"PENTA acelular"}]},{"code":"30","display":"FTp","definition":"Vacina febre tifóide","designation":[{"language":"pt-BR","use":{"system":"http://terminology.hl7.org/CodeSystem/designation-usage","code":"display"},"value":"FTp"}]},{"code":"31","display":"SALOXO","definition":"Soro antiloxoscélico (trivalente)","designation":[{"language":"pt-BR","use":{"system":"http://terminology.hl7.org/CodeSystem/designation-usage","code":"display"},"value":"SALOXO"}]},{"code":"32","display":"SALONO","definition":"Soro antilonômico","designation":[{"language":"pt-BR","use":{"system":"http://terminology.hl7.org/CodeSystem/designation-usage","code":"display"},"value":"SALONO"}]},{"code":"33","display":"INF3","definition":"Vacina influenza trivalente","designation":[{"language":"en","value":"Influenza vaccine trivalent"},{"language":"es","value":"Vacuna influenza trivalente"},{"language":"pt-BR","use":{"system":"http://terminology.hl7.org/CodeSystem/designation-usage","code":"display"},"value":"INF3"}]},{"code":"34","display":"VAR","definition":"Vacina varicela","designation":[{"language":"pt-BR","use":{"system":"http://terminology.hl7.org/CodeSystem/designation-usage","code":"display"},"value":"VAR"}]},{"code":"35","display":"HA","definition":"Vacina hepatite A","designation":[{"language":"pt-BR","use":{"system":"http://terminology.hl7.org/CodeSystem/designation-usage","code":"display"},"value":"HA"}]},{"code":"36","display":"SR","definition":"Vacina sarampo, rubéola","designation":[{"language":"pt-BR","use":{"system":"http://terminology.hl7.org/CodeSystem/designation-usage","code":"display"},"value":"SR"}]},{"code":"37","display":"Vero","definition":"Vacina raiva em cultivo celular vero","designation":[{"language":"pt-BR","use":{"system":"http://terminology.hl7.org/CodeSystem/designation-usage","code":"display"},"value":"Vero"}]},{"code":"38","display":"SBOTULTRI","definition":"Soro antibotulínico (trivalente)","designation":[{"language":"pt-BR","use":{"system":"http://terminology.hl7.org/CodeSystem/designation-usage","code":"display"},"value":"SBOTULTRI"}]},{"code":"39","display":"Tetra","definition":"Vacina DTP/Hib","designation":[{"language":"pt-BR","use":{"system":"http://terminology.hl7.org/CodeSystem/designation-usage","code":"display"},"value":"Tetra"}]},{"code":"40","display":"Pncc7V","definition":"Vacina pneumocócica 7V","designation":[{"language":"pt-BR","use":{"system":"http://terminology.hl7.org/CodeSystem/designation-usage","code":"display"},"value":"Pncc7V"}]},{"code":"41","display":"MenC","definition":"Vacina meningo C","designation":[{"language":"pt-BR","use":{"system":"http://terminology.hl7.org/CodeSystem/designation-usage","code":"display"},"value":"MenC"}]},{"code":"42","display":"PENTA","definition":"Vacina penta (DTP/HepB/Hib)","designation":[{"language":"pt-BR","use":{"system":"http://terminology.hl7.org/CodeSystem/designation-usage","code":"display"},"value":"PENTA"}]},{"code":"43","display":"HEXA","definition":"Vacina hexa (DTPa/HepB/VIP/Hib)","designation":[{"language":"pt-BR","use":{"system":"http://terminology.hl7.org/CodeSystem/designation-usage","code":"display"},"value":"HEXA"}]},{"code":"44","display":"H1N1","definition":"Vacina Influenza H1N1","designation":[{"language":"pt-BR","use":{"system":"http://terminology.hl7.org/CodeSystem/designation-usage","code":"display"},"value":"H1N1"}]},{"code":"45","display":"ROTA","definition":"Vacina rotavírus","designation":[{"language":"pt-BR","use":{"system":"http://terminology.hl7.org/CodeSystem/designation-usage","code":"display"},"value":"ROTA"}]},{"code":"46","display":"DTP","definition":"Vacina DTP","designation":[{"language":"pt-BR","use":{"system":"http://terminology.hl7.org/CodeSystem/designation-usage","code":"display"},"value":"DTP"}]},{"code":"47","display":"DTPa","definition":"Vacina DTPa infantil","designation":[{"language":"pt-BR","use":{"system":"http://terminology.hl7.org/CodeSystem/designation-usage","code":"display"},"value":"DTPa"}]},{"code":"48","display":"DILSRC","definition":"Diluente para vacina sarampo, caxumba, rubéola","designation":[{"language":"pt-BR","use":{"system":"http://terminology.hl7.org/CodeSystem/designation-usage","code":"display"},"value":"DILSRC"}]},{"code":"49","display":"DILVFA","definition":"Diluente para vacina febre amarela","designation":[{"language":"pt-BR","use":{"system":"http://terminology.hl7.org/CodeSystem/designation-usage","code":"display"},"value":"DILVFA"}]},{"code":"50","display":"DILHib","definition":"Diluente para vacina haemophilus influenzae B","designation":[{"language":"pt-BR","use":{"system":"http://terminology.hl7.org/CodeSystem/designation-usage","code":"display"},"value":"DILHib"}]},{"code":"51","display":"Fta","definition":"Vacina febre tifóide (atenuada)","designation":[{"language":"pt-BR","use":{"system":"http://terminology.hl7.org/CodeSystem/designation-usage","code":"display"},"value":"Fta"}]},{"code":"52","display":"DilMengAC","definition":"Diluente meningo AC","designation":[{"language":"pt-BR","use":{"system":"http://terminology.hl7.org/CodeSystem/designation-usage","code":"display"},"value":"DilMengAC"}]},{"code":"53","display":"DILSR","definition":"Diluente para vacina sarampo, rubéola","designation":[{"language":"pt-BR","use":{"system":"http://terminology.hl7.org/CodeSystem/designation-usage","code":"display"},"value":"DILSR"}]},{"code":"54","display":"DILVAR","definition":"Diluente para vacina varicela","designation":[{"language":"pt-BR","use":{"system":"http://terminology.hl7.org/CodeSystem/designation-usage","code":"display"},"value":"DILVAR"}]},{"code":"55","display":"HepAinf","definition":"Vacina hepatite A infantil","designation":[{"language":"pt-BR","use":{"system":"http://terminology.hl7.org/CodeSystem/designation-usage","code":"display"},"value":"HepAinf"}]},{"code":"56","display":"SCRV","definition":"Vacina sarampo, caxumba, rubéola e varicela","designation":[{"language":"pt-BR","use":{"system":"http://terminology.hl7.org/CodeSystem/designation-usage","code":"display"},"value":"SCRV"}]},{"code":"57","display":"dTpa","definition":"Vacina dTpa adulto","designation":[{"language":"pt-BR","use":{"system":"http://terminology.hl7.org/CodeSystem/designation-usage","code":"display"},"value":"dTpa"}]},{"code":"58","display":"TETRA acelular","definition":"Vacina DTPa/VIP","designation":[{"language":"pt-BR","use":{"system":"http://terminology.hl7.org/CodeSystem/designation-usage","code":"display"},"value":"TETRA acelular"}]},{"code":"59","display":"VPC13","definition":"Vacina pneumo 13","designation":[{"language":"pt-BR","use":{"system":"http://terminology.hl7.org/CodeSystem/designation-usage","code":"display"},"value":"VPC13"}]},{"code":"60","display":"HPV2","definition":"Vacina HPV bivalente","designation":[{"language":"pt-BR","use":{"system":"http://terminology.hl7.org/CodeSystem/designation-usage","code":"display"},"value":"HPV2"}]},{"code":"61","display":"TT","definition":"Vacina toxóide tetânico","designation":[{"language":"pt-BR","use":{"system":"http://terminology.hl7.org/CodeSystem/designation-usage","code":"display"},"value":"TT"}]},{"code":"62","display":"HAeHBped","definition":"Hepatite AeB (pediátrica)","designation":[{"language":"pt-BR","use":{"system":"http://terminology.hl7.org/CodeSystem/designation-usage","code":"display"},"value":"HAeHBped"}]},{"code":"63","display":"HAeHB","definition":"Vacina hepatite AeB (uso adulto)","designation":[{"language":"pt-BR","use":{"system":"http://terminology.hl7.org/CodeSystem/designation-usage","code":"display"},"value":"HAeHB"}]},{"code":"64","display":"FLU ID","definition":"Vacina influenza ID","designation":[{"language":"pt-BR","use":{"system":"http://terminology.hl7.org/CodeSystem/designation-usage","code":"display"},"value":"FLU ID"}]},{"code":"65","display":"ROTA5","definition":"Vacina rotavírus pentavalente","designation":[{"language":"pt-BR","use":{"system":"http://terminology.hl7.org/CodeSystem/designation-usage","code":"display"},"value":"ROTA5"}]},{"code":"66","display":"MEN BC","definition":"Vacina meningocócica B/C","designation":[{"language":"pt-BR","use":{"system":"http://terminology.hl7.org/CodeSystem/designation-usage","code":"display"},"value":"MEN BC"}]},{"code":"67","display":"HPV4","definition":"Vacina HPV quadrivalente","designation":[{"language":"pt-BR","use":{"system":"http://terminology.hl7.org/CodeSystem/designation-usage","code":"display"},"value":"HPV4"}]},{"code":"68","display":"HPV Bi","definition":"Vacina HPV bivalente","designation":[{"language":"pt-BR","use":{"system":"http://terminology.hl7.org/CodeSystem/designation-usage","code":"display"},"value":"HPV Bi"}]},{"code":"69","display":"SABOT","definition":"Soro antibotulínico AB (bivalente)","designation":[{"language":"pt-BR","use":{"system":"http://terminology.hl7.org/CodeSystem/designation-usage","code":"display"},"value":"SABOT"}]},{"code":"70","display":"Sarampo","definition":"Vacina sarampo","designation":[{"language":"pt-BR","use":{"system":"http://terminology.hl7.org/CodeSystem/designation-usage","code":"display"},"value":"Sarampo"}]},{"code":"71","display":"Rubeola","definition":"Vacina rubéola","designation":[{"language":"pt-BR","use":{"system":"http://terminology.hl7.org/CodeSystem/designation-usage","code":"display"},"value":"Rubeola"}]},{"code":"72","display":"Gripe Sazonal","definition":"Vacina gripe","designation":[{"language":"pt-BR","use":{"system":"http://terminology.hl7.org/CodeSystem/designation-usage","code":"display"},"value":"Gripe Sazonal"}]},{"code":"73","display":"Quadrupla Viral","definition":"Vacina quádrupla viral","designation":[{"language":"pt-BR","use":{"system":"http://terminology.hl7.org/CodeSystem/designation-usage","code":"display"},"value":"Quadrupla Viral"}]},{"code":"74","display":"MenACWY","definition":"Vacina meningo ACWY","designation":[{"language":"pt-BR","use":{"system":"http://terminology.hl7.org/CodeSystem/designation-usage","code":"display"},"value":"MenACWY"}]},{"code":"75","display":"COLERA","definition":"Vacina cólera","designation":[{"language":"pt-BR","use":{"system":"http://terminology.hl7.org/CodeSystem/designation-usage","code":"display"},"value":"COLERA"}]},{"code":"76","display":"VHZ","definition":"Vacina herpes-zóster","designation":[{"language":"pt-BR","use":{"system":"http://terminology.hl7.org/CodeSystem/designation-usage","code":"display"},"value":"VHZ"}]},{"code":"77","display":"INF4","definition":"Vacina influenza tetravalente","designation":[{"language":"en","value":"Influenza vaccine tetravalent"},{"language":"es","value":"Vacuna influenza tetravalente"},{"language":"pt-BR","use":{"system":"http://terminology.hl7.org/CodeSystem/designation-usage","code":"display"},"value":"INF4"}]},{"code":"78","display":"MenB","definition":"Vacina meningo B","designation":[{"language":"pt-BR","use":{"system":"http://terminology.hl7.org/CodeSystem/designation-usage","code":"display"},"value":"MenB"}]},{"code":"79","display":"DILBCG","definition":"Diluente para vacina BCG","designation":[{"language":"pt-BR","use":{"system":"http://terminology.hl7.org/CodeSystem/designation-usage","code":"display"},"value":"DILBCG"}]},{"code":"80","display":"DILVRvero","definition":"Diluente para vacina raiva cultivo celulas vero","designation":[{"language":"pt-BR","use":{"system":"http://terminology.hl7.org/CodeSystem/designation-usage","code":"display"},"value":"DILVRvero"}]},{"code":"81","display":"DILMenC","definition":"Diluente para vacina meningo C","designation":[{"language":"pt-BR","use":{"system":"http://terminology.hl7.org/CodeSystem/designation-usage","code":"display"},"value":"DILMenC"}]},{"code":"82","display":"Dengue","definition":"Vacina dengue","designation":[{"language":"pt-BR","use":{"system":"http://terminology.hl7.org/CodeSystem/designation-usage","code":"display"},"value":"Dengue"}]},{"code":"83","display":"HEPAad","definition":"Vacina hepatite A adulto","designation":[{"language":"pt-BR","use":{"system":"http://terminology.hl7.org/CodeSystem/designation-usage","code":"display"},"value":"HEPAad"}]},{"code":"84","display":"VFA-F","definition":"Vacina febre amarela fracionada","designation":[{"language":"pt-BR","use":{"system":"http://terminology.hl7.org/CodeSystem/designation-usage","code":"display"},"value":"VFA-F"}]},{"code":"85","display":"COVID-19 ASTRAZENECA/FIOCRUZ - COVISHIELD","definition":"Vacina Covid-19 ASTRAZENECA/FIOCRUZ - COVISHIELD, recombinante","designation":[{"language":"en","value":"XM9QW8 COVID-19 vaccine, non-replicating viral vector"},{"language":"es","value":"XM9QW8 Vacuna COVID-19, vector viral no replicante"},{"language":"pt-BR","use":{"system":"http://terminology.hl7.org/CodeSystem/designation-usage","code":"display"},"value":"COVID-19 ASTRAZENECA/FIOCRUZ - COVISHIELD"}]},{"code":"86","display":"COVID-19 SINOVAC/BUTANTAN - CORONAVAC","definition":"Vacina COVID-19 SINOVAC/BUTANTAN - CORONAVAC, inativada","designation":[{"language":"en","value":"XM1NL1 COVID-19 vaccine, inactivated virus"},{"language":"es","value":"XM1NL1 Vacuna COVID-19, virus inactivado"},{"language":"pt-BR","use":{"system":"http://terminology.hl7.org/CodeSystem/designation-usage","code":"display"},"value":"COVID-19 SINOVAC/BUTANTAN - CORONAVAC"}]},{"code":"87","display":"COVID-19 PFIZER - COMIRNATY","definition":"Vacina COVID-19 PFIZER - COMIRNATY, RNAm","designation":[{"language":"en","value":"XM0GQ8 COVID-19 vaccine, RNA based"},{"language":"es","value":"XM0GQ8 Vacuna COVID-19, basada en ARN"},{"language":"pt-BR","use":{"system":"http://terminology.hl7.org/CodeSystem/designation-usage","code":"display"},"value":"COVID-19 PFIZER - COMIRNATY"}]},{"code":"88","display":"COVID-19 JANSSEN - Ad26.COV2.S","definition":"Vacina COVID-19 JANSSEN - Ad26.COV2.S, recombinante","designation":[{"language":"en","value":"XM9QW8 COVID-19 vaccine, non-replicating viral vector"},{"language":"es","value":"XM9QW8 Vacuna COVID-19, vector viral no replicante"},{"language":"pt-BR","use":{"system":"http://terminology.hl7.org/CodeSystem/designation-usage","code":"display"},"value":"COVID-19 JANSSEN - Ad26.COV2.S"}]},{"code":"89","display":"COVID-19 ASTRAZENECA - ChAdOx1-S","definition":"Vacina COVID-19 ASTRAZENECA - ChAdOx1-S, recombinante","designation":[{"language":"en","value":"XM9QW8 COVID-19 vaccine, non-replicating viral vector"},{"language":"es","value":"XM9QW8 Vacuna COVID-19, vector viral no replicante"},{"language":"pt-BR","use":{"system":"http://terminology.hl7.org/CodeSystem/designation-usage","code":"display"},"value":"COVID-19 ASTRAZENECA - ChAdOx1-S"}]},{"code":"90","display":"DILSCRV","definition":"Diluente para vacina sarampo, caxumba, rubéola e varicela","designation":[{"language":"pt-BR","use":{"system":"http://terminology.hl7.org/CodeSystem/designation-usage","code":"display"},"value":"DILSCRV"}]},{"code":"91","display":"DILVR","definition":"Diluente para vacina raiva cultivo embrião de galinha","designation":[{"language":"pt-BR","use":{"system":"http://terminology.hl7.org/CodeSystem/designation-usage","code":"display"},"value":"DILVR"}]},{"code":"92","display":"VRvero","definition":"Vacina raiva cultivo celulas vero","designation":[{"language":"pt-BR","use":{"system":"http://terminology.hl7.org/CodeSystem/designation-usage","code":"display"},"value":"VRvero"}]},{"code":"93","display":"HPV9","definition":"Vacina HPV nonavalente","designation":[{"language":"pt-BR","use":{"system":"http://terminology.hl7.org/CodeSystem/designation-usage","code":"display"},"value":"HPV9"}]},{"code":"94","display":"DILCOV","definition":"Diluente Covid-19","designation":[{"language":"pt-BR","use":{"system":"http://terminology.hl7.org/CodeSystem/designation-usage","code":"display"},"value":"DILCOV"}]},{"code":"95","display":"COVID-19 GAMALEYA - SPUTNIK V","definition":"Vacina COVID-19 GAMALEYA - SPUTNIK V recombinante","designation":[{"language":"en","value":"XM9QW8 COVID-19 vaccine, non-replicating viral vector"},{"language":"es","value":"XM9QW8 Vacuna COVID-19, vector viral no replicante"},{"language":"pt-BR","use":{"system":"http://terminology.hl7.org/CodeSystem/designation-usage","code":"display"},"value":"COVID-19 GAMALEYA - SPUTNIK V"}],"property":[{"code":"inativo","valueBoolean":true}]},{"code":"96","display":"COVID-19 BHARAT - COVAXIN","definition":"Vacina Covid-19 COVID-19 BHARAT - COVAXIN inativada","designation":[{"language":"en","value":"XM1NL1 COVID-19 vaccine, inactivated virus"},{"language":"es","value":"XM1NL1 Vacuna COVID-19, virus inactivado"},{"language":"pt-BR","use":{"system":"http://terminology.hl7.org/CodeSystem/designation-usage","code":"display"},"value":"COVID-19 BHARAT - COVAXIN"}],"property":[{"code":"inativo","valueBoolean":true}]},{"code":"97","display":"COVID-19 MODERNA","definition":"Vacina COVID-19 MODERNA RNAm","designation":[{"language":"en","value":"XM0GQ8 COVID-19 vaccine, RNA based"},{"language":"es","value":"XM0GQ8 Vacuna COVID-19, basada en ARN"},{"language":"pt-BR","use":{"system":"http://terminology.hl7.org/CodeSystem/designation-usage","code":"display"},"value":"COVID-19 MODERNA"}],"property":[{"code":"inativo","valueBoolean":true}]},{"code":"98","display":"COVID-19 SINOVAC - CORONAVAC","definition":"Vacina COVID-19 SINOVAC - CORONAVAC inativada","designation":[{"language":"en","value":"XM1NL1 COVID-19 vaccine, inactivated virus"},{"language":"es","value":"XM1NL1 Vacuna COVID-19, virus inactivado"},{"language":"pt-BR","use":{"system":"http://terminology.hl7.org/CodeSystem/designation-usage","code":"display"},"value":"COVID-19 SINOVAC - CORONAVAC"}]},{"code":"99","display":"COVID-19 PFIZER - COMIRNATY PEDIÁTRICA","definition":"Vacina COVID-19 PFIZER - COMIRNATY PEDIÁTRICA, RNAm","designation":[{"language":"en","value":"XM0GQ8 COVID-19 vaccine, RNA based"},{"language":"es","value":"XM0GQ8 Vacuna COVID-19, basada en ARN"},{"language":"pt-BR","use":{"system":"http://terminology.hl7.org/CodeSystem/designation-usage","code":"display"},"value":"COVID-19 PFIZER - COMIRNATY PEDIÁTRICA"}]},{"code":"100","display":"VVBN","definition":"Vacina Varíola Bavarian Nordic","designation":[{"language":"pt-BR","use":{"system":"http://terminology.hl7.org/CodeSystem/designation-usage","code":"display"},"value":"VVBN"}]},{"code":"101","display":"VZR","definition":"Vacina Herpes-Zoster, recombinante","designation":[{"language":"pt-BR","use":{"system":"http://terminology.hl7.org/CodeSystem/designation-usage","code":"display"},"value":"VZR"}]},{"code":"102","display":"COVID-19 PFIZER - COMIRNATY PEDIÁTRICA MENOR DE 5 ANOS","definition":"Vacina COVID-19 PFIZER - COMIRNATY PEDIÁTRICA MENOR DE 5 ANOS, RNAm","designation":[{"language":"en","value":"XM0GQ8 COVID-19 vaccine, RNA based"},{"language":"es","value":"XM0GQ8 Vacuna COVID-19, basada en ARN"},{"language":"pt-BR","use":{"system":"http://terminology.hl7.org/CodeSystem/designation-usage","code":"display"},"value":"COVID-19 PFIZER - COMIRNATY PEDIÁTRICA MENOR DE 5 ANOS"}]},{"code":"103","display":"COVID-19 PFIZER - COMIRNATY BIVALENTE","definition":"Vacina COVID-19 PFIZER - COMIRNATY BIVALENTE, RNAm","designation":[{"language":"en","value":"XM0GQ8 COVID-19 vaccine, RNA based"},{"language":"es","value":"XM0GQ8 Vacuna COVID-19, basada en ARN"},{"language":"pt-BR","use":{"system":"http://terminology.hl7.org/CodeSystem/designation-usage","code":"display"},"value":"COVID-19 PFIZER - COMIRNATY BIVALENTE"}]},{"code":"104","display":"DNG","definition":"Vacina dengue (atenuada)","designation":[{"language":"pt-BR","use":{"system":"http://terminology.hl7.org/CodeSystem/designation-usage","code":"display"},"value":"DNG"}]},{"code":"105","display":"COVID-19 MODERNA - SPIKEVAX BIVALENTE","definition":"Vacina Covid-19-RNAm, Moderna (Spikevax) bivalente","designation":[{"language":"pt-BR","use":{"system":"http://terminology.hl7.org/CodeSystem/designation-usage","code":"display"},"value":"COVID-19 MODERNA - SPIKEVAX BIVALENTE"}]},{"code":"106","display":"VPC15","definition":"Vacina adsorvida pneumocócica 15-valente (conjugada, polissacarídica)","designation":[{"language":"pt-BR","use":{"system":"http://terminology.hl7.org/CodeSystem/designation-usage","code":"display"},"value":"VPC15"}]}]}