{"resourceType":"CodeSystem","id":"BRPapelProblemaDiagnostico","meta":{"lastUpdated":"2020-03-11T18:16:07.800+00:00"},"language":"pt-BR","text":{"status":"generated","div":"<div xmlns=\"http://www.w3.org/1999/xhtml\" xml:lang=\"pt-BR\" lang=\"pt-BR\"><p>This case-sensitive code system <code>http://www.saude.gov.br/fhir/r4/CodeSystem/BRPapelProblemaDiagnostico</code> defines the following codes:</p><table class=\"codes\"><tr><td style=\"white-space:nowrap\"><b>Code</b></td><td><b>Display</b></td></tr><tr><td style=\"white-space:nowrap\">NAD<a name=\"BRPapelProblemaDiagnostico-NAD\"> </a></td><td>Diagnosis not present on admission</td></tr><tr><td style=\"white-space:nowrap\">UNK<a name=\"BRPapelProblemaDiagnostico-UNK\"> </a></td><td>Unknown</td></tr></table></div>"},"extension":[{"url":"http://hl7.org/fhir/StructureDefinition/structuredefinition-fmm","valueInteger":1,"_valueInteger":{"extension":[{"url":"http://hl7.org/fhir/StructureDefinition/structuredefinition-conformance-derivedFrom","valueCanonical":"http://www.saude.gov.br/fhir/r4/ImplementationGuide/hl7.fhir.br.rac"}]}},{"url":"http://hl7.org/fhir/StructureDefinition/structuredefinition-standards-status","valueCode":"informative","_valueCode":{"extension":[{"url":"http://hl7.org/fhir/StructureDefinition/structuredefinition-conformance-derivedFrom","valueCanonical":"http://www.saude.gov.br/fhir/r4/ImplementationGuide/hl7.fhir.br.rac"}]}}],"url":"http://www.saude.gov.br/fhir/r4/CodeSystem/BRPapelProblemaDiagnostico","version":"0.1.0","name":"BRPapelProblemaDiagnostico","title":"Classificação do papel de um problema e diagnóstico","status":"active","experimental":false,"date":"2020-03-11T18:16:28.3110021+00:00","publisher":"Ministério da Saúde do Brasil","contact":[{"telecom":[{"system":"url","value":"http://www.saude.gov.br"}]}],"description":"Classificação do papel de um problema/diagnóstico.","jurisdiction":[{"coding":[{"system":"urn:iso:std:iso:3166","code":"BR"}]}],"caseSensitive":true,"content":"complete","concept":[{"code":"NAD","display":"Diagnosis not present on admission","designation":[{"language":"pt-BR","value":"Diagnóstico não presente na admissão"},{"language":"pt-BR","use":{"system":"http://terminology.hl7.org/CodeSystem/designation-usage","code":"display"},"value":"Diagnosis not present on admission"}]},{"code":"UNK","display":"Unknown","designation":[{"language":"pt-BR","value":"Desconhecido"},{"language":"pt-BR","use":{"system":"http://terminology.hl7.org/CodeSystem/designation-usage","code":"display"},"value":"Unknown"}]}]}