{"resourceType":"ValueSet","id":"BRCategoriaCondicao","meta":{"lastUpdated":"2020-03-11T19:14:51.806+00:00"},"language":"pt-BR","text":{"status":"extensions","div":"<div xmlns=\"http://www.w3.org/1999/xhtml\" xml:lang=\"pt-BR\" lang=\"pt-BR\"><p class=\"res-header-id\"><b>Generated Narrative: ValueSet BRCategoriaCondicao</b></p><a name=\"BRCategoriaCondicao\"> </a><a name=\"hcBRCategoriaCondicao\"> </a><a name=\"BRCategoriaCondicao-und\"> </a><div style=\"display: inline-block; background-color: #d9e0e7; padding: 6px; margin: 4px; border: 1px solid #8da1b4; border-radius: 5px; line-height: 60%\"><p style=\"margin-bottom: 0px\">Last updated: 2020-03-11 19:14:51+0000; Language: pt-BR</p></div><ul><li>Include these codes as defined in <a href=\"http://terminology.hl7.org/6.0.2/CodeSystem-condition-category.html\"><code>http://terminology.hl7.org/CodeSystem/condition-category</code></a> version <code>*</code><table class=\"none\"><tr><td style=\"white-space:nowrap\"><b>Code</b></td><td><b>Display</b></td><td><b>Definition</b></td><td><b>Portuguese (Brazil) (pt)</b></td></tr><tr><td><a href=\"http://terminology.hl7.org/6.0.2/CodeSystem-condition-category.html#condition-category-problem-list-item\">problem-list-item</a></td><td>Problem List Item</td><td>An item on a problem list that can be managed over time and can be expressed by a practitioner (e.g. physician, nurse), patient, or related person.</td><td>Problema listado</td></tr><tr><td><a href=\"http://terminology.hl7.org/6.0.2/CodeSystem-condition-category.html#condition-category-encounter-diagnosis\">encounter-diagnosis</a></td><td>Encounter Diagnosis</td><td>A point in time diagnosis (e.g. from a physician or nurse) in context of an encounter.</td><td>Diagnóstico</td></tr></table></li></ul></div>"},"extension":[{"url":"http://hl7.org/fhir/StructureDefinition/structuredefinition-fmm","valueInteger":1,"_valueInteger":{"extension":[{"url":"http://hl7.org/fhir/StructureDefinition/structuredefinition-conformance-derivedFrom","valueCanonical":"http://www.saude.gov.br/fhir/r4/ImplementationGuide/br.gov.saude.rnds.rac"}]}},{"url":"http://hl7.org/fhir/StructureDefinition/structuredefinition-standards-status","valueCode":"informative","_valueCode":{"extension":[{"url":"http://hl7.org/fhir/StructureDefinition/structuredefinition-conformance-derivedFrom","valueCanonical":"http://www.saude.gov.br/fhir/r4/ImplementationGuide/br.gov.saude.rnds.rac"}]}}],"url":"http://www.saude.gov.br/fhir/r4/ValueSet/BRCategoriaCondicao","version":"0.1.0","name":"BRCategoriaCondicao","title":"Classificação de uma condição","status":"active","experimental":false,"date":"2020-03-11T19:15:12.2909517+00:00","publisher":"Ministério da Saúde do Brasil","contact":[{"telecom":[{"system":"url","value":"http://www.saude.gov.br"}]}],"description":"Tradução para o português do brasil da classificação de uma condição","jurisdiction":[{"coding":[{"system":"urn:iso:std:iso:3166","code":"BR"}]}],"immutable":false,"compose":{"include":[{"system":"http://terminology.hl7.org/CodeSystem/condition-category","version":"*","concept":[{"code":"problem-list-item","display":"Problem List Item","designation":[{"language":"pt-BR","value":"Problema listado"}]},{"code":"encounter-diagnosis","display":"Encounter Diagnosis","designation":[{"language":"pt-BR","value":"Diagnóstico"}]}]}]}}