{"resourceType":"ValueSet","id":"BREstadoSolicitacao-1.0","meta":{"versionId":"1","lastUpdated":"2020-09-20T20:51:02.648+00:00"},"language":"pt-BR","text":{"status":"extensions","div":"<div xmlns=\"http://www.w3.org/1999/xhtml\" xml:lang=\"pt-BR\" lang=\"pt-BR\"><ul><li>Include these codes as defined in <a href=\"http://hl7.org/fhir/R4/codesystem-request-status.html\"><code>http://hl7.org/fhir/request-status</code></a> version <code>*</code><table class=\"none\"><tr><td style=\"white-space:nowrap\"><b>Code</b></td><td><b>Display</b></td><td><b>Definition</b></td></tr><tr><td><a href=\"http://hl7.org/fhir/R4/codesystem-request-status.html#request-status-active\">active</a></td><td>Ativo</td><td>The request is in force and ready to be acted upon.</td></tr><tr><td><a href=\"http://hl7.org/fhir/R4/codesystem-request-status.html#request-status-entered-in-error\">entered-in-error</a></td><td>Cancelada por informação errada</td><td>This request should never have existed and should be considered 'void'.  (It is possible that real-world decisions were based on it.  If real-world activity has occurred, the status should be &quot;revoked&quot; rather than &quot;entered-in-error&quot;.).</td></tr></table></li></ul></div>"},"extension":[{"url":"http://hl7.org/fhir/StructureDefinition/structuredefinition-fmm","valueInteger":1,"_valueInteger":{"extension":[{"url":"http://hl7.org/fhir/StructureDefinition/structuredefinition-conformance-derivedFrom","valueCanonical":"http://www.saude.gov.br/fhir/r4/ImplementationGuide/hl7.fhir.br.rac"}]}},{"url":"http://hl7.org/fhir/StructureDefinition/structuredefinition-standards-status","valueCode":"informative","_valueCode":{"extension":[{"url":"http://hl7.org/fhir/StructureDefinition/structuredefinition-conformance-derivedFrom","valueCanonical":"http://www.saude.gov.br/fhir/r4/ImplementationGuide/hl7.fhir.br.rac"}]}}],"url":"http://www.saude.gov.br/fhir/r4/ValueSet/BREstadoSolicitacao-1.0","version":"1.0.0","name":"BREstadoSolicitacao","title":"Estado da Solicitação","status":"active","experimental":false,"date":"2020-09-20T20:51:00.5465258+00:00","publisher":"Ministério da Saúde do Brasil","contact":[{"telecom":[{"system":"url","value":"http://www.saude.gov.br"}]}],"description":"Estado da solicitação.","jurisdiction":[{"coding":[{"system":"urn:iso:std:iso:3166","code":"BR"}]}],"immutable":false,"compose":{"include":[{"system":"http://hl7.org/fhir/request-status","version":"*","concept":[{"code":"active","display":"Ativo"},{"code":"entered-in-error","display":"Cancelada por informação errada"}]}]}}