{"resourceType":"ValueSet","id":"BRReacoesAdversasMedDRA-1.0","meta":{"versionId":"1","lastUpdated":"2020-09-20T20:38:38.152+00:00"},"language":"pt-BR","text":{"status":"generated","div":"<div xmlns=\"http://www.w3.org/1999/xhtml\" xml:lang=\"pt-BR\" lang=\"pt-BR\"><p class=\"res-header-id\"><b>Narrativa gerada: ValueSet BRReacoesAdversasMedDRA-1.0</b></p><a name=\"BRReacoesAdversasMedDRA-1.0\"> </a><a name=\"hcBRReacoesAdversasMedDRA-1.0\"> </a><div style=\"display: inline-block; background-color: #d9e0e7; padding: 6px; margin: 4px; border: 1px solid #8da1b4; border-radius: 5px; line-height: 60%\"><p style=\"margin-bottom: 0px\">versão: 1; Última atualização: 2020-09-20 20:38:38+0000; Língua: pt-BR</p></div><ul><li>Include todos os códigos definidos em <a href=\"CodeSystem-BRMedDRA.html\"><code>http://www.saude.gov.br/fhir/r4/CodeSystem/BRMedDRA</code></a></li></ul></div>"},"extension":[{"url":"http://hl7.org/fhir/StructureDefinition/structuredefinition-fmm","valueInteger":1,"_valueInteger":{"extension":[{"url":"http://hl7.org/fhir/StructureDefinition/structuredefinition-conformance-derivedFrom","valueCanonical":"http://www.saude.gov.br/fhir/r4/ImplementationGuide/br.gov.saude.rac.fhir"}]}},{"url":"http://hl7.org/fhir/StructureDefinition/structuredefinition-standards-status","valueCode":"informative","_valueCode":{"extension":[{"url":"http://hl7.org/fhir/StructureDefinition/structuredefinition-conformance-derivedFrom","valueCanonical":"http://www.saude.gov.br/fhir/r4/ImplementationGuide/br.gov.saude.rac.fhir"}]}}],"url":"http://www.saude.gov.br/fhir/r4/ValueSet/BRReacoesAdversasMedDRA-1.0","version":"1.0.0","name":"BRReacoesAdversasMedDRA","title":"Reações Adversas da MedDRA","status":"active","experimental":false,"date":"2020-09-20T20:38:38.026206+00:00","publisher":"Ministério da Saúde do Brasil","contact":[{"telecom":[{"system":"url","value":"http://www.saude.gov.br"}]}],"description":"Classifica as reações adversas de acordo com o Medical Dictionary for Regulatory Activities.","jurisdiction":[{"coding":[{"system":"urn:iso:std:iso:3166","code":"BR"}]}],"immutable":false,"compose":{"include":[{"system":"http://www.saude.gov.br/fhir/r4/CodeSystem/BRMedDRA","version":"*"}]}}