{"resourceType":"ValueSet","id":"BRGrauCertezaAlergiasReacoesAdversas-1.0","meta":{"versionId":"1","lastUpdated":"2020-09-20T20:38:00.513+00:00"},"language":"pt-BR","text":{"status":"extensions","div":"<div xmlns=\"http://www.w3.org/1999/xhtml\" xml:lang=\"pt-BR\" lang=\"pt-BR\"><ul><li>Include these codes as defined in <a href=\"http://terminology.hl7.org/5.3.0/CodeSystem-allergyintolerance-verification.html\"><code>http://terminology.hl7.org/CodeSystem/allergyintolerance-verification</code></a> version <code>*</code><table class=\"none\"><tr><td style=\"white-space:nowrap\"><b>Code</b></td><td><b>Display</b></td><td><b>Definition</b></td></tr><tr><td><a href=\"http://terminology.hl7.org/5.3.0/CodeSystem-allergyintolerance-verification.html#allergyintolerance-verification-unconfirmed\">unconfirmed</a></td><td>Não confirmada</td><td>The propensity for a reaction to the identified substance has not been objectively verified.</td></tr><tr><td><a href=\"http://terminology.hl7.org/5.3.0/CodeSystem-allergyintolerance-verification.html#allergyintolerance-verification-confirmed\">confirmed</a></td><td>Confirmada</td><td>The propensity for a reaction to the identified substance has been objectively verified (which may include clinical evidence by testing, rechallenge, or observation).</td></tr><tr><td><a href=\"http://terminology.hl7.org/5.3.0/CodeSystem-allergyintolerance-verification.html#allergyintolerance-verification-refuted\">refuted</a></td><td>Refutada</td><td>A propensity for a reaction to the identified substance has been disputed or disproven with a sufficient level of clinical certainty to justify invalidating the assertion. This might or might not include testing or rechallenge.</td></tr><tr><td><a href=\"http://terminology.hl7.org/5.3.0/CodeSystem-allergyintolerance-verification.html#allergyintolerance-verification-entered-in-error\">entered-in-error</a></td><td>Cancelada por informação errada</td><td>The statement was entered in error and is not valid.</td></tr></table></li></ul></div>"},"extension":[{"url":"http://hl7.org/fhir/StructureDefinition/structuredefinition-fmm","valueInteger":1,"_valueInteger":{"extension":[{"url":"http://hl7.org/fhir/StructureDefinition/structuredefinition-conformance-derivedFrom","valueCanonical":"http://www.saude.gov.br/fhir/r4/ImplementationGuide/hl7.fhir.br.rac"}]}},{"url":"http://hl7.org/fhir/StructureDefinition/structuredefinition-standards-status","valueCode":"informative","_valueCode":{"extension":[{"url":"http://hl7.org/fhir/StructureDefinition/structuredefinition-conformance-derivedFrom","valueCanonical":"http://www.saude.gov.br/fhir/r4/ImplementationGuide/hl7.fhir.br.rac"}]}}],"url":"http://www.saude.gov.br/fhir/r4/ValueSet/BRGrauCertezaAlergiasReacoesAdversas-1.0","version":"0.1.0","name":"BRGrauCertezaAlergiasReacoesAdversas","title":"Grau de Certeza de Alergias e Reações Adversas","status":"draft","experimental":false,"date":"2020-09-20T20:38:00.3881645+00:00","publisher":"Ministério da Saúde do Brasil","contact":[{"telecom":[{"system":"url","value":"http://www.saude.gov.br"}]}],"description":"Indica o grau de certeza que se possui ao avaliar uma alergia ou reação adversa.","jurisdiction":[{"coding":[{"system":"urn:iso:std:iso:3166","code":"BR"}]}],"immutable":false,"compose":{"include":[{"system":"http://terminology.hl7.org/CodeSystem/allergyintolerance-verification","version":"*","concept":[{"code":"unconfirmed","display":"Não confirmada"},{"code":"confirmed","display":"Confirmada"},{"code":"refuted","display":"Refutada"},{"code":"entered-in-error","display":"Cancelada por informação errada"}]}]}}