{"resourceType":"ValueSet","id":"BRTerminologiaMedicamento","meta":{"lastUpdated":"2021-12-01T13:16:09.8385573+00:00"},"language":"pt-BR","text":{"status":"generated","div":"<div xmlns=\"http://www.w3.org/1999/xhtml\" xml:lang=\"pt-BR\" lang=\"pt-BR\"><p>This value set includes codes based on the following rules:</p><ul><li>Include all codes defined in <a href=\"CodeSystem-BRObmCATMAT.html\"><code>http://www.saude.gov.br/fhir/r4/CodeSystem/BRObmCATMAT</code></a></li><li>Include all codes defined in <a href=\"CodeSystem-BRObmEAN.html\"><code>http://www.saude.gov.br/fhir/r4/CodeSystem/BRObmEAN</code></a></li><li>Include all codes defined in <a href=\"CodeSystem-BRObmANVISA.html\"><code>http://www.saude.gov.br/fhir/r4/CodeSystem/BRObmANVISA</code></a></li><li>Include all codes defined in <a href=\"CodeSystem-BRObmAMPP.html\"><code>http://www.saude.gov.br/fhir/r4/CodeSystem/BRObmAMPP</code></a></li><li>Include all codes defined in <a href=\"CodeSystem-BRObmVMP.html\"><code>http://www.saude.gov.br/fhir/r4/CodeSystem/BRObmVMP</code></a></li></ul></div>"},"extension":[{"url":"http://hl7.org/fhir/StructureDefinition/structuredefinition-fmm","valueInteger":1,"_valueInteger":{"extension":[{"url":"http://hl7.org/fhir/StructureDefinition/structuredefinition-conformance-derivedFrom","valueCanonical":"http://www.saude.gov.br/fhir/r4/ImplementationGuide/hl7.fhir.br.rac"}]}},{"url":"http://hl7.org/fhir/StructureDefinition/structuredefinition-standards-status","valueCode":"informative","_valueCode":{"extension":[{"url":"http://hl7.org/fhir/StructureDefinition/structuredefinition-conformance-derivedFrom","valueCanonical":"http://www.saude.gov.br/fhir/r4/ImplementationGuide/hl7.fhir.br.rac"}]}}],"url":"http://www.saude.gov.br/fhir/r4/ValueSet/BRTerminologiaMedicamento","version":"0.1.0","name":"BRTerminologiaMedicamento","title":"Terminologia dos medicamentos","status":"draft","experimental":false,"date":"2021-12-01T13:16:09.8385573+00:00","publisher":"Ministério da Saúde do Brasil","contact":[{"telecom":[{"system":"url","value":"http://www.saude.gov.br"}]}],"description":"ValueSet utilizado para definir a terminologia de um dado medicamento.","jurisdiction":[{"coding":[{"system":"urn:iso:std:iso:3166","code":"BR"}]}],"immutable":false,"compose":{"include":[{"system":"http://www.saude.gov.br/fhir/r4/CodeSystem/BRObmCATMAT","version":"*"},{"system":"http://www.saude.gov.br/fhir/r4/CodeSystem/BRObmEAN","version":"*"},{"system":"http://www.saude.gov.br/fhir/r4/CodeSystem/BRObmANVISA","version":"*"},{"system":"http://www.saude.gov.br/fhir/r4/CodeSystem/BRObmAMPP","version":"*"},{"system":"http://www.saude.gov.br/fhir/r4/CodeSystem/BRObmVMP","version":"*"}]}}