{"resourceType":"ValueSet","id":"BRCriticidadeAlergiasReacoesAdversas-1.0","meta":{"versionId":"1","lastUpdated":"2020-09-20T20:36:31.553+00:00"},"language":"pt-BR","text":{"status":"extensions","div":"<div xmlns=\"http://www.w3.org/1999/xhtml\" xml:lang=\"pt-BR\" lang=\"pt-BR\"><p class=\"res-header-id\"><b>Narrativa gerada: ValueSet BRCriticidadeAlergiasReacoesAdversas-1.0</b></p><a name=\"BRCriticidadeAlergiasReacoesAdversas-1.0\"> </a><a name=\"hcBRCriticidadeAlergiasReacoesAdversas-1.0\"> </a><div style=\"display: inline-block; background-color: #d9e0e7; padding: 6px; margin: 4px; border: 1px solid #8da1b4; border-radius: 5px; line-height: 60%\"><p style=\"margin-bottom: 0px\">versão: 1; Última atualização: 2020-09-20 20:36:31+0000; Língua: pt-BR</p></div><ul><li>Include estes códigos, tal como definidos em <a href=\"http://hl7.org/fhir/R4/codesystem-allergy-intolerance-criticality.html\"><code>http://hl7.org/fhir/allergy-intolerance-criticality</code></a> versão <code>*</code><table class=\"none\"><tr><td style=\"white-space:nowrap\"><b>Código</b></td><td><b>Ecrã</b></td><td><b>Definição</b></td></tr><tr><td><a href=\"http://hl7.org/fhir/R4/codesystem-allergy-intolerance-criticality.html#allergy-intolerance-criticality-low\">low</a></td><td>Baixa</td><td>Worst case result of a future exposure is not assessed to be life-threatening or having high potential for organ system failure.</td></tr><tr><td><a href=\"http://hl7.org/fhir/R4/codesystem-allergy-intolerance-criticality.html#allergy-intolerance-criticality-high\">high</a></td><td>Alta</td><td>Worst case result of a future exposure is assessed to be life-threatening or having high potential for organ system failure.</td></tr><tr><td><a href=\"http://hl7.org/fhir/R4/codesystem-allergy-intolerance-criticality.html#allergy-intolerance-criticality-unable-to-assess\">unable-to-assess</a></td><td>Indeterminada</td><td>Unable to assess the worst case result of a future exposure.</td></tr></table></li></ul></div>"},"extension":[{"url":"http://hl7.org/fhir/StructureDefinition/structuredefinition-fmm","valueInteger":1,"_valueInteger":{"extension":[{"url":"http://hl7.org/fhir/StructureDefinition/structuredefinition-conformance-derivedFrom","valueCanonical":"http://www.saude.gov.br/fhir/r4/ImplementationGuide/br.gov.saude.rac.fhir"}]}},{"url":"http://hl7.org/fhir/StructureDefinition/structuredefinition-standards-status","valueCode":"informative","_valueCode":{"extension":[{"url":"http://hl7.org/fhir/StructureDefinition/structuredefinition-conformance-derivedFrom","valueCanonical":"http://www.saude.gov.br/fhir/r4/ImplementationGuide/br.gov.saude.rac.fhir"}]}}],"url":"http://www.saude.gov.br/fhir/r4/ValueSet/BRCriticidadeAlergiasReacoesAdversas-1.0","version":"1.0.0","name":"BRCriticidadeAlergiasReacoesAdversas","title":"Criticidade de Alergias e Reações Adversas","status":"active","experimental":false,"date":"2020-09-20T20:36:30.5275401+00:00","publisher":"Ministério da Saúde do Brasil","contact":[{"telecom":[{"system":"url","value":"http://www.saude.gov.br"}]}],"description":"Indica o potencial de danos nos órgãos críticos do sistema ou consequência de ameaça à vida..","jurisdiction":[{"coding":[{"system":"urn:iso:std:iso:3166","code":"BR"}]}],"immutable":false,"compose":{"include":[{"system":"http://hl7.org/fhir/allergy-intolerance-criticality","version":"*","concept":[{"code":"low","display":"Baixa"},{"code":"high","display":"Alta"},{"code":"unable-to-assess","display":"Indeterminada"}]}]}}