{"resourceType":"ValueSet","id":"BRFinanciamento-1.0","meta":{"lastUpdated":"2020-03-12T13:10:39.310+00:00"},"language":"pt-BR","text":{"status":"generated","div":"<div xmlns=\"http://www.w3.org/1999/xhtml\" xml:lang=\"pt-BR\" lang=\"pt-BR\"><ul><li>Include all codes defined in <a href=\"CodeSystem-BRFinanciamento.html\"><code>http://www.saude.gov.br/fhir/r4/CodeSystem/BRFinanciamento</code></a></li></ul></div>"},"extension":[{"url":"http://hl7.org/fhir/StructureDefinition/structuredefinition-fmm","valueInteger":1,"_valueInteger":{"extension":[{"url":"http://hl7.org/fhir/StructureDefinition/structuredefinition-conformance-derivedFrom","valueCanonical":"http://www.saude.gov.br/fhir/r4/ImplementationGuide/br.gov.saude.rnds.rac"}]}},{"url":"http://hl7.org/fhir/StructureDefinition/structuredefinition-standards-status","valueCode":"informative","_valueCode":{"extension":[{"url":"http://hl7.org/fhir/StructureDefinition/structuredefinition-conformance-derivedFrom","valueCanonical":"http://www.saude.gov.br/fhir/r4/ImplementationGuide/br.gov.saude.rnds.rac"}]}}],"url":"http://www.saude.gov.br/fhir/r4/ValueSet/BRFinanciamento-1.0","version":"0.1.0","name":"BRFinanciamento","title":"Financiamento do procedimento realizado","status":"active","experimental":false,"date":"2020-03-12T13:10:38.3145222+00:00","publisher":"Ministério da Saúde do Brasil","contact":[{"telecom":[{"system":"url","value":"http://www.saude.gov.br"}]}],"description":"Descreve o agente, instituição ou entidade responsável por custear as ações e serviços de saúde.","jurisdiction":[{"coding":[{"system":"urn:iso:std:iso:3166","code":"BR"}]}],"immutable":false,"compose":{"include":[{"system":"http://www.saude.gov.br/fhir/r4/CodeSystem/BRFinanciamento","version":"*"}]}}