{"resourceType":"ValueSet","id":"BRAlergenos-1.0","meta":{"lastUpdated":"2020-09-20T20:36:53.436+00:00"},"language":"pt-BR","text":{"status":"generated","div":"<div xmlns=\"http://www.w3.org/1999/xhtml\" xml:lang=\"pt-BR\" lang=\"pt-BR\"><p class=\"res-header-id\"><b>Generated Narrative: ValueSet BRAlergenos-1.0</b></p><a name=\"BRAlergenos-1.0\"> </a><a name=\"hcBRAlergenos-1.0\"> </a><a name=\"BRAlergenos-1.0-und\"> </a><div style=\"display: inline-block; background-color: #d9e0e7; padding: 6px; margin: 4px; border: 1px solid #8da1b4; border-radius: 5px; line-height: 60%\"><p style=\"margin-bottom: 0px\">Last updated: 2020-09-20 20:36:53+0000; Language: pt-BR</p></div><p>This value set includes codes based on the following rules:</p><ul><li>Include all codes defined in <a href=\"CodeSystem-BRAlergenosCBARA.html\"><code>http://www.saude.gov.br/fhir/r4/CodeSystem/BRAlergenosCBARA</code></a></li><li>Include all codes defined in <a href=\"CodeSystem-BRImunobiologico.html\"><code>http://www.saude.gov.br/fhir/r4/CodeSystem/BRImunobiologico</code></a></li><li>Include all codes defined in <a href=\"CodeSystem-BRMedicamento.html\"><code>http://www.saude.gov.br/fhir/r4/CodeSystem/BRMedicamento</code></a></li></ul></div>"},"extension":[{"url":"http://hl7.org/fhir/StructureDefinition/structuredefinition-fmm","valueInteger":1,"_valueInteger":{"extension":[{"url":"http://hl7.org/fhir/StructureDefinition/structuredefinition-conformance-derivedFrom","valueCanonical":"http://www.saude.gov.br/fhir/r4/ImplementationGuide/br.gov.saude.rnds.rac"}]}},{"url":"http://hl7.org/fhir/StructureDefinition/structuredefinition-standards-status","valueCode":"informative","_valueCode":{"extension":[{"url":"http://hl7.org/fhir/StructureDefinition/structuredefinition-conformance-derivedFrom","valueCanonical":"http://www.saude.gov.br/fhir/r4/ImplementationGuide/br.gov.saude.rnds.rac"}]}}],"url":"http://www.saude.gov.br/fhir/r4/ValueSet/BRAlergenos-1.0","version":"0.1.0","name":"BRAlergenos","title":"Alérgenos","status":"active","experimental":false,"date":"2020-09-20T20:36:53.3154683+00:00","publisher":"Ministério da Saúde do Brasil","contact":[{"telecom":[{"system":"url","value":"http://www.saude.gov.br"}]}],"description":"Descreve o agente capaz de causar alergia ou reação adversa em seres humanos.","jurisdiction":[{"coding":[{"system":"urn:iso:std:iso:3166","code":"BR"}]}],"immutable":false,"compose":{"include":[{"system":"http://www.saude.gov.br/fhir/r4/CodeSystem/BRAlergenosCBARA","version":"*"},{"system":"http://www.saude.gov.br/fhir/r4/CodeSystem/BRImunobiologico","version":"*"},{"system":"http://www.saude.gov.br/fhir/r4/CodeSystem/BRMedicamento","version":"*"}]}}