{"resourceType":"ValueSet","id":"BREstadoContatoAssistencial-1.0","meta":{"lastUpdated":"2020-04-07T21:01:37.692+00:00"},"language":"pt-BR","text":{"status":"extensions","div":"<div xmlns=\"http://www.w3.org/1999/xhtml\" xml:lang=\"pt-BR\" lang=\"pt-BR\"><p class=\"res-header-id\"><b>Generated Narrative: ValueSet BREstadoContatoAssistencial-1.0</b></p><a name=\"BREstadoContatoAssistencial-1.0\"> </a><a name=\"hcBREstadoContatoAssistencial-1.0\"> </a><a name=\"BREstadoContatoAssistencial-1.0-und\"> </a><div style=\"display: inline-block; background-color: #d9e0e7; padding: 6px; margin: 4px; border: 1px solid #8da1b4; border-radius: 5px; line-height: 60%\"><p style=\"margin-bottom: 0px\">Last updated: 2020-04-07 21:01:37+0000; Language: pt-BR</p></div><ul><li>Include these codes as defined in <a href=\"http://hl7.org/fhir/R4/codesystem-encounter-status.html\"><code>http://hl7.org/fhir/encounter-status</code></a> version <code>*</code><table class=\"none\"><tr><td style=\"white-space:nowrap\"><b>Code</b></td><td><b>Display</b></td><td><b>Definition</b></td></tr><tr><td><a href=\"http://hl7.org/fhir/R4/codesystem-encounter-status.html#encounter-status-finished\">finished</a></td><td>Contato Assistencial finalizado ou concluído</td><td>The Encounter has ended.</td></tr><tr><td><a href=\"http://hl7.org/fhir/R4/codesystem-encounter-status.html#encounter-status-entered-in-error\">entered-in-error</a></td><td>Contato Assistencial anulado por informação errada</td><td>This instance should not have been part of this patient's medical record.</td></tr></table></li></ul></div>"},"extension":[{"url":"http://hl7.org/fhir/StructureDefinition/structuredefinition-fmm","valueInteger":1,"_valueInteger":{"extension":[{"url":"http://hl7.org/fhir/StructureDefinition/structuredefinition-conformance-derivedFrom","valueCanonical":"http://www.saude.gov.br/fhir/r4/ImplementationGuide/br.gov.saude.rnds.rac"}]}},{"url":"http://hl7.org/fhir/StructureDefinition/structuredefinition-standards-status","valueCode":"informative","_valueCode":{"extension":[{"url":"http://hl7.org/fhir/StructureDefinition/structuredefinition-conformance-derivedFrom","valueCanonical":"http://www.saude.gov.br/fhir/r4/ImplementationGuide/br.gov.saude.rnds.rac"}]}}],"url":"http://www.saude.gov.br/fhir/r4/ValueSet/BREstadoContatoAssistencial-1.0","version":"0.1.0","name":"BREstadoContatoAssistencial","title":"Estado do Contato Assistencial","status":"active","experimental":false,"date":"2020-04-07T21:01:35.632661+00:00","publisher":"Ministério da Saúde do Brasil","contact":[{"telecom":[{"system":"url","value":"http://www.saude.gov.br"}]}],"description":"Classifica o estado de um Contato Assistencial.","jurisdiction":[{"coding":[{"system":"urn:iso:std:iso:3166","code":"BR"}]}],"immutable":false,"compose":{"include":[{"system":"http://hl7.org/fhir/encounter-status","version":"*","concept":[{"code":"finished","display":"Contato Assistencial finalizado ou concluído"},{"code":"entered-in-error","display":"Contato Assistencial anulado por informação errada"}]}]}}