{"resourceType":"ValueSet","id":"BREstadoObservacao-1.0","meta":{"lastUpdated":"2020-03-12T13:09:43.939+00:00"},"language":"pt-BR","text":{"status":"extensions","div":"<div xmlns=\"http://www.w3.org/1999/xhtml\" xml:lang=\"pt-BR\" lang=\"pt-BR\"><p class=\"res-header-id\"><b>Narrativa gerada: ValueSet BREstadoObservacao-1.0</b></p><a name=\"BREstadoObservacao-1.0\"> </a><a name=\"hcBREstadoObservacao-1.0\"> </a><div style=\"display: inline-block; background-color: #d9e0e7; padding: 6px; margin: 4px; border: 1px solid #8da1b4; border-radius: 5px; line-height: 60%\"><p style=\"margin-bottom: 0px\">Última atualização: 2020-03-12 13:09:43+0000; Língua: pt-BR</p></div><ul><li>Include estes códigos, tal como definidos em <a href=\"http://hl7.org/fhir/R4/codesystem-observation-status.html\"><code>http://hl7.org/fhir/observation-status</code></a> versão <code>*</code><table class=\"none\"><tr><td style=\"white-space:nowrap\"><b>Código</b></td><td><b>Ecrã</b></td><td><b>Definição</b></td></tr><tr><td><a href=\"http://hl7.org/fhir/R4/codesystem-observation-status.html#observation-status-final\">final</a></td><td>Concluída</td><td>The observation is complete and there are no further actions needed. Additional information such &quot;released&quot;, &quot;signed&quot;, etc would be represented using [Provenance](provenance.html) which provides not only the act but also the actors and dates and other related data. These act states would be associated with an observation status of `preliminary` until they are all completed and then a status of `final` would be applied.</td></tr><tr><td><a href=\"http://hl7.org/fhir/R4/codesystem-observation-status.html#observation-status-entered-in-error\">entered-in-error</a></td><td>Cancelada por informação errada</td><td>The observation has been withdrawn following previous final release.  This electronic record should never have existed, though it is possible that real-world decisions were based on it. (If real-world activity has occurred, the status should be &quot;cancelled&quot; rather than &quot;entered-in-error&quot;.).</td></tr></table></li></ul></div>"},"extension":[{"url":"http://hl7.org/fhir/StructureDefinition/structuredefinition-fmm","valueInteger":1,"_valueInteger":{"extension":[{"url":"http://hl7.org/fhir/StructureDefinition/structuredefinition-conformance-derivedFrom","valueCanonical":"http://www.saude.gov.br/fhir/r4/ImplementationGuide/br.gov.saude.rac.fhir"}]}},{"url":"http://hl7.org/fhir/StructureDefinition/structuredefinition-standards-status","valueCode":"informative","_valueCode":{"extension":[{"url":"http://hl7.org/fhir/StructureDefinition/structuredefinition-conformance-derivedFrom","valueCanonical":"http://www.saude.gov.br/fhir/r4/ImplementationGuide/br.gov.saude.rac.fhir"}]}}],"url":"http://www.saude.gov.br/fhir/r4/ValueSet/BREstadoObservacao-1.0","version":"1.0.0","name":"BREstadoObservacao","title":"Estado da Observação","status":"active","experimental":false,"date":"2020-03-12T13:09:42.3921631+00:00","publisher":"Ministério da Saúde do Brasil","contact":[{"telecom":[{"system":"url","value":"http://www.saude.gov.br"}]}],"description":"Tipos de estados de uma observação.","jurisdiction":[{"coding":[{"system":"urn:iso:std:iso:3166","code":"BR"}]}],"immutable":false,"compose":{"include":[{"system":"http://hl7.org/fhir/observation-status","version":"*","concept":[{"code":"final","display":"Concluída"},{"code":"entered-in-error","display":"Cancelada por informação errada"}]}]}}