{"resourceType":"ValueSet","id":"BRIntencaoAtestado","meta":{"lastUpdated":"2023-04-13T13:17:22.715+00:00"},"language":"pt-BR","text":{"status":"extensions","div":"<div xmlns=\"http://www.w3.org/1999/xhtml\" xml:lang=\"pt-BR\" lang=\"pt-BR\"><p class=\"res-header-id\"><b>Narrativa gerada: ValueSet BRIntencaoAtestado</b></p><a name=\"BRIntencaoAtestado\"> </a><a name=\"hcBRIntencaoAtestado\"> </a><div style=\"display: inline-block; background-color: #d9e0e7; padding: 6px; margin: 4px; border: 1px solid #8da1b4; border-radius: 5px; line-height: 60%\"><p style=\"margin-bottom: 0px\">Última atualização: 2023-04-13 13:17:22+0000; Língua: pt-BR</p></div><ul><li>Include estes códigos, tal como definidos em <a href=\"http://hl7.org/fhir/R4/codesystem-request-intent.html\"><code>http://hl7.org/fhir/request-intent</code></a> versão <code>*</code><table class=\"none\"><tr><td style=\"white-space:nowrap\"><b>Código</b></td><td><b>Ecrã</b></td><td><b>Definição</b></td><td><b>Portuguese (Brazil) (pt)</b></td></tr><tr><td><a href=\"http://hl7.org/fhir/R4/codesystem-request-intent.html#request-intent-plan\">plan</a></td><td>Plan</td><td>The request represents an intention to ensure something occurs without providing an authorization for others to act.</td><td>Planejado</td></tr></table></li></ul></div>"},"extension":[{"url":"http://hl7.org/fhir/StructureDefinition/structuredefinition-fmm","valueInteger":1,"_valueInteger":{"extension":[{"url":"http://hl7.org/fhir/StructureDefinition/structuredefinition-conformance-derivedFrom","valueCanonical":"http://www.saude.gov.br/fhir/r4/ImplementationGuide/br.gov.saude.rac.fhir"}]}},{"url":"http://hl7.org/fhir/StructureDefinition/structuredefinition-standards-status","valueCode":"informative","_valueCode":{"extension":[{"url":"http://hl7.org/fhir/StructureDefinition/structuredefinition-conformance-derivedFrom","valueCanonical":"http://www.saude.gov.br/fhir/r4/ImplementationGuide/br.gov.saude.rac.fhir"}]}}],"url":"http://www.saude.gov.br/fhir/r4/ValueSet/BRIntencaoAtestado","version":"1.0.0","name":"BRIntencaoAtestado","title":"Intenção do atestado","status":"active","experimental":false,"date":"2023-04-13T13:17:18.5012669+00:00","publisher":"Ministério da Saúde do Brasil","contact":[{"telecom":[{"system":"url","value":"http://www.saude.gov.br"}]}],"description":"Intenção do atestado médico/odontológico.","jurisdiction":[{"coding":[{"system":"urn:iso:std:iso:3166","code":"BR"}]}],"immutable":false,"compose":{"include":[{"system":"http://hl7.org/fhir/request-intent","version":"*","concept":[{"code":"plan","display":"Plan","designation":[{"language":"pt-BR","value":"Planejado"}]}]}]}}