{"resourceType":"ValueSet","id":"BRModalidadeAssistencial-1.0","meta":{"lastUpdated":"2020-03-12T13:17:22.715+00:00"},"language":"pt-BR","text":{"status":"generated","div":"<div xmlns=\"http://www.w3.org/1999/xhtml\" xml:lang=\"pt-BR\" lang=\"pt-BR\"><p class=\"res-header-id\"><b>Narrativa gerada: ValueSet BRModalidadeAssistencial-1.0</b></p><a name=\"BRModalidadeAssistencial-1.0\"> </a><a name=\"hcBRModalidadeAssistencial-1.0\"> </a><div style=\"display: inline-block; background-color: #d9e0e7; padding: 6px; margin: 4px; border: 1px solid #8da1b4; border-radius: 5px; line-height: 60%\"><p style=\"margin-bottom: 0px\">Última atualização: 2020-03-12 13:17:22+0000; Língua: pt-BR</p></div><ul><li>Include todos os códigos definidos em <a href=\"CodeSystem-BRModalidadeAssistencial.html\"><code>http://www.saude.gov.br/fhir/r4/CodeSystem/BRModalidadeAssistencial</code></a></li></ul></div>"},"extension":[{"url":"http://hl7.org/fhir/StructureDefinition/structuredefinition-fmm","valueInteger":1,"_valueInteger":{"extension":[{"url":"http://hl7.org/fhir/StructureDefinition/structuredefinition-conformance-derivedFrom","valueCanonical":"http://www.saude.gov.br/fhir/r4/ImplementationGuide/br.gov.saude.rac.fhir"}]}},{"url":"http://hl7.org/fhir/StructureDefinition/structuredefinition-standards-status","valueCode":"informative","_valueCode":{"extension":[{"url":"http://hl7.org/fhir/StructureDefinition/structuredefinition-conformance-derivedFrom","valueCanonical":"http://www.saude.gov.br/fhir/r4/ImplementationGuide/br.gov.saude.rac.fhir"}]}}],"url":"http://www.saude.gov.br/fhir/r4/ValueSet/BRModalidadeAssistencial-1.0","version":"1.0.0","name":"BRModalidadeAssistencial","title":"Modalidade Assistencial","status":"active","experimental":false,"date":"2020-03-12T13:17:18.5012669+00:00","publisher":"Ministério da Saúde do Brasil","contact":[{"telecom":[{"system":"url","value":"http://www.saude.gov.br"}]}],"description":"Classificação dos documentos e contatos assistenciais de acordo com as especificidades do modo, local e duração do atendimento.","jurisdiction":[{"coding":[{"system":"urn:iso:std:iso:3166","code":"BR"}]}],"immutable":false,"compose":{"include":[{"system":"http://www.saude.gov.br/fhir/r4/CodeSystem/BRModalidadeAssistencial","version":"*"}]}}