<?xml version="1.0" encoding="UTF-8"?>

<Bundle xmlns="http://hl7.org/fhir">
  <id value="bundle-example-rac"/>
  <meta>
    <lastUpdated value="2022-05-09T18:11:18.946402Z"/>
  </meta>
  <identifier>
    <system value="http://www.saude.gov.br/fhir/r4/NamingSystem/BRRNDS-1"/>
    <value value="4629213170263-312915-F461111112-IF46111112M312915.EUT-82313"/>
  </identifier>
  <type value="document"/>
  <timestamp value="2022-05-09T18:11:19.005486Z"/>
  <entry>
    <fullUrl value="urn:uuid:e9599dfe-179f-45e7-8c60-7f53add27dfe"/>
    <resource>
      <Composition>
        <id value="e9599dfe-179f-45e7-8c60-7f53add27dfe"/>
        <meta>
          <lastUpdated value="2022-05-09T17:28:34.132629Z"/>
          <profile value="http://www.saude.gov.br/fhir/r4/StructureDefinition/BRRegistroAtendimentoClinico"/>
        </meta>
        <text>
          <status value="generated"/><div xmlns="http://www.w3.org/1999/xhtml"><p><b>Generated Narrative: Composition</b><a name="e9599dfe-179f-45e7-8c60-7f53add27dfe"> </a></p><div style="display: inline-block; background-color: #d9e0e7; padding: 6px; margin: 4px; border: 1px solid #8da1b4; border-radius: 5px; line-height: 60%"><p style="margin-bottom: 0px">Resource Composition &quot;e9599dfe-179f-45e7-8c60-7f53add27dfe&quot; Updated &quot;2022-05-09 17:28:34+0000&quot; </p><p style="margin-bottom: 0px">Profile: <a href="StructureDefinition-BRRegistroAtendimentoClinico.html">Registro de Atendimento Clínico</a></p></div><p><b>status</b>: final</p><p><b>type</b>: Registro de Atendimento Clínico <span style="background: LightGoldenRodYellow; margin: 4px; border: 1px solid khaki"> (<a href="CodeSystem-BRTipoDocumento.html">Tipo de Documento</a>#RAC)</span></p><p><b>category</b>: Atenção Hospitalar <span style="background: LightGoldenRodYellow; margin: 4px; border: 1px solid khaki"> (<a href="CodeSystem-BRModalidadeAssistencial.html">Modalidade Assistencial</a>#04)</span></p><p><b>date</b>: 2022-05-09</p><p><b>author</b>: <span>id: 3191384</span></p><p><b>title</b>: Registro de Atendimento Clínico</p></div>
        </text>
        <status value="final"/>
        <type>
          <coding>
            <system value="http://www.saude.gov.br/fhir/r4/CodeSystem/BRTipoDocumento"/>
            <code value="RAC"/>
          </coding>
        </type>
        <category>
          <coding>
            <system value="http://www.saude.gov.br/fhir/r4/CodeSystem/BRModalidadeAssistencial"/>
            <code value="04"/>
          </coding>
        </category>
        <subject>
          <identifier>
            <system value="http://www.saude.gov.br/fhir/r4/StructureDefinition/BRIndividuo-1.0"/>
            <value value="819217217061851"/>
          </identifier>
        </subject>
        <date value="2022-05-09"/>
        <author>
          <identifier>
            <system value="http://www.saude.gov.br/fhir/r4/StructureDefinition/BREstabelecimentoSaude-1.0"/>
            <value value="3191384"/>
          </identifier>
        </author>
        <title value="Registro de Atendimento Clínico"/>
        <section>
          <entry>
            <reference value="urn:uuid:c6e1abf7-9e0a-47ad-ab42-37b93a40a7d0"/>
          </entry>
        </section>
        <section>
          <entry>
            <reference value="urn:uuid:1bfc75a3-19d7-4b41-8cdd-037bc3fbd35d"/>
          </entry>
        </section>
        <section>
          <entry>
            <reference value="urn:uuid:d6e7c293-41d6-4235-ae81-3e8a3529c637"/>
          </entry>
        </section>
        <section>
          <entry>
            <reference value="urn:uuid:21fcbfb6-f2f6-4b5d-8784-2a7ad807fdc8"/>
          </entry>
        </section>
        <section>
          <entry>
            <reference value="urn:uuid:d6aafdfc-9363-4db6-b5a7-f8c9994be143"/>
          </entry>
        </section>
        <section>
          <entry>
            <reference value="urn:uuid:c7cb7f6b-1d2a-47d9-86b1-9eb6149c9e8c"/>
          </entry>
        </section>
        <section>
          <entry>
            <reference value="urn:uuid:25c1c75c-e4bb-47d7-9e37-607dd5561cb6"/>
          </entry>
        </section>
        <section>
          <entry>
            <reference value="urn:uuid:e991d411-0652-4fbb-ae4b-3e2cd8fd2aa6"/>
          </entry>
        </section>
        <section>
          <entry>
            <reference value="urn:uuid:7f7c2fac-780b-412f-a890-893095b0390b"/>
          </entry>
        </section>
        <section>
          <entry>
            <reference value="urn:uuid:d4d66bd3-f851-4356-9aa4-94ddc70fde68"/>
          </entry>
        </section>
        <section>
          <entry>
            <reference value="urn:uuid:1edcec17-3dbc-4448-b382-d8d8ffad9e95"/>
          </entry>
        </section>
        <section>
          <entry>
            <reference value="urn:uuid:0b89ad08-c8b2-4863-a158-19f1d829ef97"/>
          </entry>
        </section>
        <section>
          <entry>
            <reference value="urn:uuid:a5a209b7-cbed-48f7-801c-78a4cf72e3f1"/>
          </entry>
        </section>
        <section>
          <entry>
            <reference value="urn:uuid:2870566d-ce8c-4eef-af70-6690e538ad21"/>
          </entry>
        </section>
        <section>
          <entry>
            <reference value="urn:uuid:9e56f53e-2074-4d2b-90ab-7a98ae513c48"/>
          </entry>
        </section>
        <section>
          <entry>
            <reference value="urn:uuid:9a6e6f4a-8b6b-4d08-b80b-deb85f46c022"/>
          </entry>
        </section>
        <section>
          <entry>
            <reference value="urn:uuid:601c92a4-96a7-4881-a9c5-8debca8ff558"/>
          </entry>
        </section>
        <section>
          <entry>
            <reference value="urn:uuid:e1db23fa-310c-4576-980a-5d5983118365"/>
          </entry>
        </section>
      </Composition>
    </resource>
  </entry>
  <entry>
    <fullUrl value="urn:uuid:c6e1abf7-9e0a-47ad-ab42-37b93a40a7d0"/>
    <resource>
      <Encounter>
        <id value="c6e1abf7-9e0a-47ad-ab42-37b93a40a7d0"/>
        <meta>
          <lastUpdated value="2022-05-09T17:31:16.551205Z"/>
          <profile value="http://www.saude.gov.br/fhir/r4/StructureDefinition/BRContatoAssistencial-1.0"/>
        </meta>
        <text>
          <status value="generated"/><div xmlns="http://www.w3.org/1999/xhtml"><p><b>Generated Narrative: Encounter</b><a name="c6e1abf7-9e0a-47ad-ab42-37b93a40a7d0"> </a></p><div style="display: inline-block; background-color: #d9e0e7; padding: 6px; margin: 4px; border: 1px solid #8da1b4; border-radius: 5px; line-height: 60%"><p style="margin-bottom: 0px">Resource Encounter &quot;c6e1abf7-9e0a-47ad-ab42-37b93a40a7d0&quot; Updated &quot;2022-05-09 17:31:16+0000&quot; </p><p style="margin-bottom: 0px">Profile: <a href="StructureDefinition-BRContatoAssistencial-1.0.html">Contato Assistencial</a></p></div><p><b>status</b>: finished</p><p><b>class</b>: Atenção Hospitalar (Details: http://www.saude.gov.br/fhir/r4/CodeSystem/BRModalidadeAssistencial code 04 = 'Atenção Hospitalar', stated as 'null')</p><p><b>priority</b>: Eletivo <span style="background: LightGoldenRodYellow; margin: 4px; border: 1px solid khaki"> (<a href="CodeSystem-BRCaraterAtendimento.html">Caráter de Atendimento</a>#01)</span></p><p><b>subject</b>: <span>id: 819217217061851</span></p><h3>Participants</h3><table class="grid"><tr><td style="display: none">-</td><td><b>Extension</b></td><td><b>Type</b></td><td><b>Individual</b></td></tr><tr><td style="display: none">*</td><td>, </td><td>Profissional que solicitou o Contato Assistencial <span style="background: LightGoldenRodYellow; margin: 4px; border: 1px solid khaki"> (<a href="CodeSystem-BRResponsabilidadeParticipante.html">Reponsabilidade no Contato Assistencial</a>#solicitante)</span></td><td><span>id: 815113499149874-3191384</span></td></tr></table><p><b>period</b>: 2022-04-09 --&gt; 2022-05-09</p><p><b>reasonReference</b>: </p><ul><li><a href="#Condition_1bfc75a3-19d7-4b41-8cdd-037bc3fbd35d">See above (urn:uuid:1bfc75a3-19d7-4b41-8cdd-037bc3fbd35d)</a></li><li><a href="#Condition_d6e7c293-41d6-4235-ae81-3e8a3529c637">See above (urn:uuid:d6e7c293-41d6-4235-ae81-3e8a3529c637)</a></li><li><a href="#Observation_c8b867bb-faf0-4da6-8eff-32650f7c82a2">See above (urn:uuid:c8b867bb-faf0-4da6-8eff-32650f7c82a2)</a></li></ul><blockquote><p><b>diagnosis</b></p><p><b>condition</b>: <a href="#Condition_1bfc75a3-19d7-4b41-8cdd-037bc3fbd35d">See above (urn:uuid:1bfc75a3-19d7-4b41-8cdd-037bc3fbd35d)</a></p></blockquote><blockquote><p><b>diagnosis</b></p><p><b>condition</b>: <a href="#Condition_d6e7c293-41d6-4235-ae81-3e8a3529c637">See above (urn:uuid:d6e7c293-41d6-4235-ae81-3e8a3529c637)</a></p></blockquote><blockquote><p><b>diagnosis</b></p><p><b>condition</b>: <a href="#Procedure_21fcbfb6-f2f6-4b5d-8784-2a7ad807fdc8">See above (urn:uuid:21fcbfb6-f2f6-4b5d-8784-2a7ad807fdc8)</a></p></blockquote><h3>Hospitalizations</h3><table class="grid"><tr><td style="display: none">-</td><td><b>Extension</b></td><td><b>AdmitSource</b></td><td><b>DischargeDisposition</b></td></tr><tr><td style="display: none">*</td><td/><td>Informação ausente no modelo de origem <span style="background: LightGoldenRodYellow; margin: 4px; border: 1px solid khaki"> (<a href="CodeSystem-BRProcedencia.html">Procedência</a>#99)</span></td><td>Óbito <span style="background: LightGoldenRodYellow; margin: 4px; border: 1px solid khaki"> (<a href="CodeSystem-BRMotivoDesfecho.html">Motivo do Desfecho</a>#06)</span></td></tr></table><h3>Locations</h3><table class="grid"><tr><td style="display: none">-</td><td><b>Location</b></td></tr><tr><td style="display: none">*</td><td><a href="#Location_ff945f87-f7f2-45d4-a5ec-2c98fdcf52a6">See above (urn:uuid:ff945f87-f7f2-45d4-a5ec-2c98fdcf52a6)</a></td></tr></table><p><b>serviceProvider</b>: <span>id: 162338254590005</span></p></div>
        </text>
        <status value="finished"/>
        <class>
          <system value="http://www.saude.gov.br/fhir/r4/CodeSystem/BRModalidadeAssistencial"/>
          <code value="04"/>
        </class>
        <priority>
          <coding>
            <system value="http://www.saude.gov.br/fhir/r4/CodeSystem/BRCaraterAtendimento"/>
            <code value="01"/>
          </coding>
        </priority>
        <subject>
          <identifier>
            <system value="http://www.saude.gov.br/fhir/r4/StructureDefinition/BRIndividuo-1.0"/>
            <value value="819217217061851"/>
          </identifier>
        </subject>
        <participant>
          <extension url="http://www.saude.gov.br/fhir/r4/StructureDefinition/BROcupacao-1.0">
            <valueCodeableConcept>
              <coding>
                <system value="http://www.saude.gov.br/fhir/r4/CodeSystem/BRCBO"/>
                <code value="223505"/>
              </coding>
            </valueCodeableConcept>
          </extension>
          <extension url="http://www.saude.gov.br/fhir/r4/StructureDefinition/BRIdentificacaoEquipe-1.0">
            <valueInteger value="2"/>
          </extension>
          <type>
            <coding>
              <system value="http://www.saude.gov.br/fhir/r4/CodeSystem/BRResponsabilidadeParticipante"/>
              <code value="solicitante"/>
            </coding>
          </type>
          <individual>
            <identifier>
              <system value="http://www.saude.gov.br/fhir/r4/StructureDefinition/BRLotacaoProfissional-1.0"/>
              <value value="815113499149874-3191384"/>
            </identifier>
          </individual>
        </participant>
        <period>
          <start value="2022-04-09"/>
          <end value="2022-05-09"/>
        </period>
        <reasonReference>
          <extension url="http://www.saude.gov.br/fhir/r4/StructureDefinition/BRIndicadorPresencaAdmissao-1.0">
            <valueBoolean value="true"/>
          </extension>
          <reference value="urn:uuid:1bfc75a3-19d7-4b41-8cdd-037bc3fbd35d"/>
        </reasonReference>
        <reasonReference>
          <reference value="urn:uuid:d6e7c293-41d6-4235-ae81-3e8a3529c637"/>
        </reasonReference>
        <reasonReference>
          <reference value="urn:uuid:c8b867bb-faf0-4da6-8eff-32650f7c82a2"/>
        </reasonReference>
        <diagnosis>
          <condition>
            <extension url="http://www.saude.gov.br/fhir/r4/StructureDefinition/BRIndicadorPresencaAdmissao-1.0">
              <valueBoolean value="true"/>
            </extension>
            <reference value="urn:uuid:1bfc75a3-19d7-4b41-8cdd-037bc3fbd35d"/>
          </condition>
        </diagnosis>
        <diagnosis>
          <condition>
            <extension url="http://www.saude.gov.br/fhir/r4/StructureDefinition/BRFinanciamento-1.0">
              <valueCodeableConcept>
                <coding>
                  <system value="http://www.saude.gov.br/fhir/r4/CodeSystem/BRFinanciamento"/>
                  <code value="01"/>
                </coding>
              </valueCodeableConcept>
            </extension>
            <reference value="urn:uuid:d6e7c293-41d6-4235-ae81-3e8a3529c637"/>
          </condition>
        </diagnosis>
        <diagnosis>
          <condition>
            <extension url="http://www.saude.gov.br/fhir/r4/StructureDefinition/BRFinanciamento-1.0">
              <valueCodeableConcept>
                <coding>
                  <system value="http://www.saude.gov.br/fhir/r4/CodeSystem/BRFinanciamento"/>
                  <code value="01"/>
                </coding>
              </valueCodeableConcept>
            </extension>
            <reference value="urn:uuid:21fcbfb6-f2f6-4b5d-8784-2a7ad807fdc8"/>
          </condition>
        </diagnosis>
        <hospitalization>
          <extension url="http://www.saude.gov.br/fhir/r4/StructureDefinition/BROutrasInformacoes">
            <valueAnnotation>
              <authorString value="Dr. Getúlio"/>
              <time value="2022-05-09"/>
              <text value="Paciente se queixando da presença de sangue na saliva."/>
            </valueAnnotation>
          </extension>
          <admitSource>
            <coding>
              <system value="http://www.saude.gov.br/fhir/r4/CodeSystem/BRProcedencia"/>
              <code value="99"/>
            </coding>
          </admitSource>
          <dischargeDisposition>
            <coding>
              <system value="http://www.saude.gov.br/fhir/r4/CodeSystem/BRMotivoDesfecho"/>
              <code value="06"/>
            </coding>
          </dischargeDisposition>
        </hospitalization>
        <location>
          <location>
            <reference value="urn:uuid:ff945f87-f7f2-45d4-a5ec-2c98fdcf52a6"/>
          </location>
        </location>
        <serviceProvider>
          <identifier>
            <system value="http://www.saude.gov.br/fhir/r4/StructureDefinition/BREstabelecimentoSaude-1.0"/>
            <value value="162338254590005"/>
          </identifier>
        </serviceProvider>
      </Encounter>
    </resource>
  </entry>
  <entry>
    <fullUrl value="urn:uuid:1bfc75a3-19d7-4b41-8cdd-037bc3fbd35d"/>
    <resource>
      <Condition>
        <id value="1bfc75a3-19d7-4b41-8cdd-037bc3fbd35d"/>
        <meta>
          <lastUpdated value="2022-05-09T17:37:55.000322Z"/>
          <profile value="http://www.saude.gov.br/fhir/r4/StructureDefinition/BRCID10Avaliado-1.0"/>
        </meta>
        <text>
          <status value="generated"/><div xmlns="http://www.w3.org/1999/xhtml"><p><b>Generated Narrative: Condition</b><a name="1bfc75a3-19d7-4b41-8cdd-037bc3fbd35d"> </a></p><div style="display: inline-block; background-color: #d9e0e7; padding: 6px; margin: 4px; border: 1px solid #8da1b4; border-radius: 5px; line-height: 60%"><p style="margin-bottom: 0px">Resource Condition &quot;1bfc75a3-19d7-4b41-8cdd-037bc3fbd35d&quot; Updated &quot;2022-05-09 17:37:55+0000&quot; </p><p style="margin-bottom: 0px">Profile: <a href="StructureDefinition-BRCID10Avaliado-1.0.html">CID10 Avaliado</a></p></div><p><b>clinicalStatus</b>: Active <span style="background: LightGoldenRodYellow; margin: 4px; border: 1px solid khaki"> (<a href="http://terminology.hl7.org/5.3.0/CodeSystem-condition-clinical.html">Condition Clinical Status Codes</a>#active)</span></p><p><b>category</b>: Principal <span style="background: LightGoldenRodYellow; margin: 4px; border: 1px solid khaki"> (<a href="CodeSystem-BRCategoriaDiagnostico.html">Categoria do Diagnóstico</a>#01)</span></p><p><b>code</b>: Varizes esofagianas sem sangramento <span style="background: LightGoldenRodYellow; margin: 4px; border: 1px solid khaki"> (<a href="CodeSystem-BRCID10.html">Classificação Internacional de Doenças - Décima Revisão - CID-10</a>#I859)</span></p><p><b>subject</b>: <span>id: 819217217061851</span></p><p><b>note</b>: Varizes esofagianas sem sangramento.</p></div>
        </text>
        <clinicalStatus>
          <coding>
            <system value="http://terminology.hl7.org/CodeSystem/condition-clinical"/>
            <code value="active"/>
          </coding>
        </clinicalStatus>
        <category>
          <coding>
            <system value="http://www.saude.gov.br/fhir/r4/CodeSystem/BRCategoriaDiagnostico"/>
            <code value="01"/>
            <display value="Principal"/>
          </coding>
        </category>
        <code>
          <coding>
            <system value="http://www.saude.gov.br/fhir/r4/CodeSystem/BRCID10"/>
            <code value="I859"/>
          </coding>
        </code>
        <subject>
          <identifier>
            <system value="http://www.saude.gov.br/fhir/r4/StructureDefinition/BRIndividuo-1.0"/>
            <value value="819217217061851"/>
          </identifier>
        </subject>
        <note>
          <text value="Varizes esofagianas sem sangramento."/>
        </note>
      </Condition>
    </resource>
  </entry>
  <entry>
    <fullUrl value="urn:uuid:d6e7c293-41d6-4235-ae81-3e8a3529c637"/>
    <resource>
      <Condition>
        <id value="d6e7c293-41d6-4235-ae81-3e8a3529c637"/>
        <meta>
          <lastUpdated value="2022-05-09T17:37:55.000322Z"/>
          <profile value="http://www.saude.gov.br/fhir/r4/StructureDefinition/BRCIAP2Avaliado-1.0"/>
        </meta>
        <text>
          <status value="generated"/><div xmlns="http://www.w3.org/1999/xhtml"><p><b>Generated Narrative: Condition</b><a name="d6e7c293-41d6-4235-ae81-3e8a3529c637"> </a></p><div style="display: inline-block; background-color: #d9e0e7; padding: 6px; margin: 4px; border: 1px solid #8da1b4; border-radius: 5px; line-height: 60%"><p style="margin-bottom: 0px">Resource Condition &quot;d6e7c293-41d6-4235-ae81-3e8a3529c637&quot; Updated &quot;2022-05-09 17:37:55+0000&quot; </p><p style="margin-bottom: 0px">Profile: <a href="StructureDefinition-BRCIAP2Avaliado-1.0.html">CIAP2 Avaliado</a></p></div><p><b>clinicalStatus</b>: Active <span style="background: LightGoldenRodYellow; margin: 4px; border: 1px solid khaki"> (<a href="http://terminology.hl7.org/5.3.0/CodeSystem-condition-clinical.html">Condition Clinical Status Codes</a>#active)</span></p><p><b>category</b>: Principal <span style="background: LightGoldenRodYellow; margin: 4px; border: 1px solid khaki"> (<a href="CodeSystem-BRCategoriaDiagnostico.html">Categoria do Diagnóstico</a>#01)</span></p><p><b>code</b>: Sentir-se doente <span style="background: LightGoldenRodYellow; margin: 4px; border: 1px solid khaki"> (<a href="CodeSystem-BRCIAP2.html">Classificação Internacional de Atenção Primária - Segunda Edição - CIAP2</a>#A05)</span></p><p><b>subject</b>: <span>id: 819217217061851</span></p><p><b>note</b>: Varizes esofagianas sem sangramento.</p></div>
        </text>
        <clinicalStatus>
          <coding>
            <system value="http://terminology.hl7.org/CodeSystem/condition-clinical"/>
            <code value="active"/>
          </coding>
        </clinicalStatus>
        <category>
          <coding>
            <system value="http://www.saude.gov.br/fhir/r4/CodeSystem/BRCategoriaDiagnostico"/>
            <code value="01"/>
            <display value="Principal"/>
          </coding>
        </category>
        <code>
          <coding>
            <system value="http://www.saude.gov.br/fhir/r4/CodeSystem/BRCIAP2"/>
            <code value="A05"/>
          </coding>
        </code>
        <subject>
          <identifier>
            <system value="http://www.saude.gov.br/fhir/r4/StructureDefinition/BRIndividuo-1.0"/>
            <value value="819217217061851"/>
          </identifier>
        </subject>
        <note>
          <text value="Varizes esofagianas sem sangramento."/>
        </note>
      </Condition>
    </resource>
  </entry>
  <entry>
    <fullUrl value="urn:uuid:21fcbfb6-f2f6-4b5d-8784-2a7ad807fdc8"/>
    <resource>
      <Procedure>
        <id value="21fcbfb6-f2f6-4b5d-8784-2a7ad807fdc8"/>
        <meta>
          <lastUpdated value="2022-05-09T17:39:08.701859Z"/>
          <profile value="http://www.saude.gov.br/fhir/r4/StructureDefinition/BRProcedimentoRealizado-1.0"/>
        </meta>
        <text>
          <status value="extensions"/><div xmlns="http://www.w3.org/1999/xhtml"><p><b>Generated Narrative: Procedure</b><a name="21fcbfb6-f2f6-4b5d-8784-2a7ad807fdc8"> </a></p><div style="display: inline-block; background-color: #d9e0e7; padding: 6px; margin: 4px; border: 1px solid #8da1b4; border-radius: 5px; line-height: 60%"><p style="margin-bottom: 0px">Resource Procedure &quot;21fcbfb6-f2f6-4b5d-8784-2a7ad807fdc8&quot; Updated &quot;2022-05-09 17:39:08+0000&quot; </p><p style="margin-bottom: 0px">Profile: <a href="StructureDefinition-BRProcedimentoRealizado-1.0.html">Procedimento Realizado</a></p></div><p><b>Quantidade</b>: 23</p><p><b>identifier</b>: Código de Autorização: 462921313170263</p><p><b>status</b>: completed</p><p><b>code</b>: CONSULTA DE PROFISSIONAIS DE NIVEL SUPERIOR NA ATENÇÃO ESPECIALIZADA (EXCETO MÉDICO) <span style="background: LightGoldenRodYellow; margin: 4px; border: 1px solid khaki"> (<a href="CodeSystem-BRTabelaSUS.html">Tabela de procedimentos, medicamentos e OPM do SUS</a>#0301010048)</span></p><p><b>subject</b>: <span>id: 819217217061851</span></p><p><b>performed</b>: 2022-05-09</p><h3>Performers</h3><table class="grid"><tr><td style="display: none">-</td><td><b>Extension</b></td><td><b>Function</b></td><td><b>Actor</b></td><td><b>OnBehalfOf</b></td></tr><tr><td style="display: none">*</td><td/><td>ENFERMEIRO <span style="background: LightGoldenRodYellow; margin: 4px; border: 1px solid khaki"> (<a href="CodeSystem-BRCBO.html">Classificação Brasileira de Ocupações - CBO</a>#223505)</span></td><td><span>id: 815113499149874-3191384</span></td><td><span>id: 3191384</span></td></tr></table></div>
        </text>
        <extension url="http://www.saude.gov.br/fhir/r4/StructureDefinition/BRQuantidade-1.0">
          <valuePositiveInt value="23"/>
        </extension>
        <identifier>
          <type>
            <coding>
              <system value="http://www.saude.gov.br/fhir/r4/CodeSystem/BRTipoIdentificador"/>
              <code value="AUTH"/>
            </coding>
          </type>
          <value value="462921313170263"/>
        </identifier>
        <status value="completed"/>
        <code>
          <coding>
            <system value="http://www.saude.gov.br/fhir/r4/CodeSystem/BRTabelaSUS"/>
            <code value="0301010048"/>
          </coding>
        </code>
        <subject>
          <identifier>
            <system value="http://www.saude.gov.br/fhir/r4/StructureDefinition/BRIndividuo-1.0"/>
            <value value="819217217061851"/>
          </identifier>
        </subject>
        <performedDateTime value="2022-05-09"/>
        <performer>
          <extension url="http://www.saude.gov.br/fhir/r4/StructureDefinition/BRIdentificacaoEquipe-1.0">
            <valueInteger value="2"/>
          </extension>
          <function>
            <coding>
              <system value="http://www.saude.gov.br/fhir/r4/CodeSystem/BRCBO"/>
              <code value="223505"/>
            </coding>
          </function>
          <actor>
            <identifier>
              <system value="http://www.saude.gov.br/fhir/r4/StructureDefinition/BRLotacaoProfissional-1.0"/>
              <value value="815113499149874-3191384"/>
            </identifier>
          </actor>
          <onBehalfOf>
            <identifier>
              <system value="http://www.saude.gov.br/fhir/r4/StructureDefinition/BREstabelecimentoSaude-1.0"/>
              <value value="3191384"/>
            </identifier>
          </onBehalfOf>
        </performer>
      </Procedure>
    </resource>
  </entry>
  <entry>
    <fullUrl value="urn:uuid:c8b867bb-faf0-4da6-8eff-32650f7c82a2"/>
    <resource>
      <Observation>
        <id value="c8b867bb-faf0-4da6-8eff-32650f7c82a2"/>
        <meta>
          <lastUpdated value="2022-05-09T17:37:55.000322Z"/>
          <profile value="http://www.saude.gov.br/fhir/r4/StructureDefinition/BRObservacaoDescritiva-1.0"/>
        </meta>
        <text>
          <status value="generated"/><div xmlns="http://www.w3.org/1999/xhtml"><p><b>Generated Narrative: Observation</b><a name="c8b867bb-faf0-4da6-8eff-32650f7c82a2"> </a></p><div style="display: inline-block; background-color: #d9e0e7; padding: 6px; margin: 4px; border: 1px solid #8da1b4; border-radius: 5px; line-height: 60%"><p style="margin-bottom: 0px">Resource Observation &quot;c8b867bb-faf0-4da6-8eff-32650f7c82a2&quot; Updated &quot;2022-05-09 17:37:55+0000&quot; </p><p style="margin-bottom: 0px">Profile: <a href="StructureDefinition-BRObservacaoDescritiva-1.0.html">Observação Descritiva</a></p></div><p><b>status</b>: final</p><p><b>code</b>: Declaração Subjetiva do Indivíudo para o Atendimento <span style="background: LightGoldenRodYellow; margin: 4px; border: 1px solid khaki"> (<a href="CodeSystem-BRTipoObservacao.html">Tipo de Observação</a>#DSIA)</span></p><p><b>subject</b>: <span>id: 819217217061851</span></p><p><b>issued</b>: 9 de mai. de 2022 14:39:08</p><p><b>value</b>: Varizes esofagianas sem sangramento.</p></div>
        </text>
        <status value="final"/>
        <code>
          <coding>
            <system value="http://www.saude.gov.br/fhir/r4/CodeSystem/BRTipoObservacao"/>
            <code value="DSIA"/>
          </coding>
        </code>
        <subject>
          <identifier>
            <system value="http://www.saude.gov.br/fhir/r4/StructureDefinition/BRIndividuo-1.0"/>
            <value value="819217217061851"/>
          </identifier>
        </subject>
        <issued value="2022-05-09T17:39:08.701859Z"/>
        <valueString value="Varizes esofagianas sem sangramento."/>
      </Observation>
    </resource>
  </entry>
  <entry>
    <fullUrl value="urn:uuid:ff945f87-f7f2-45d4-a5ec-2c98fdcf52a6"/>
    <resource>
      <Location>
        <id value="ff945f87-f7f2-45d4-a5ec-2c98fdcf52a6"/>
        <meta>
          <lastUpdated value="2022-05-09T17:37:55.000322Z"/>
          <profile value="http://www.saude.gov.br/fhir/r4/StructureDefinition/BRLocalAtendimento-1.0"/>
        </meta>
        <text>
          <status value="generated"/><div xmlns="http://www.w3.org/1999/xhtml"><p><b>Generated Narrative: Location</b><a name="ff945f87-f7f2-45d4-a5ec-2c98fdcf52a6"> </a></p><div style="display: inline-block; background-color: #d9e0e7; padding: 6px; margin: 4px; border: 1px solid #8da1b4; border-radius: 5px; line-height: 60%"><p style="margin-bottom: 0px">Resource Location &quot;ff945f87-f7f2-45d4-a5ec-2c98fdcf52a6&quot; Updated &quot;2022-05-09 17:37:55+0000&quot; </p><p style="margin-bottom: 0px">Profile: <a href="StructureDefinition-BRLocalAtendimento-1.0.html">Local de Atendimento</a></p></div><p><b>status</b>: active</p><p><b>name</b>: Estabelecimento de saúde</p><p><b>mode</b>: kind</p></div>
        </text>
        <status value="active"/>
        <name value="Estabelecimento de saúde"/>
        <mode value="kind"/>
      </Location>
    </resource>
  </entry>
  <entry>
    <fullUrl value="urn:uuid:d6aafdfc-9363-4db6-b5a7-f8c9994be143"/>
    <resource>
      <Observation>
        <id value="d6aafdfc-9363-4db6-b5a7-f8c9994be143"/>
        <meta>
          <profile value="http://www.saude.gov.br/fhir/r4/StructureDefinition/BRMedidaObservada"/>
        </meta>
        <text>
          <status value="extensions"/><div xmlns="http://www.w3.org/1999/xhtml"><p><b>Generated Narrative: Observation</b><a name="d6aafdfc-9363-4db6-b5a7-f8c9994be143"> </a></p><div style="display: inline-block; background-color: #d9e0e7; padding: 6px; margin: 4px; border: 1px solid #8da1b4; border-radius: 5px; line-height: 60%"><p style="margin-bottom: 0px">Resource Observation &quot;d6aafdfc-9363-4db6-b5a7-f8c9994be143&quot; </p><p style="margin-bottom: 0px">Profile: <a href="StructureDefinition-BRMedidaObservada.html">Medida Observada</a></p></div><p><b>Origem da Medição</b>: Body height Measured <span style="background: LightGoldenRodYellow; margin: 4px; border: 1px solid khaki"> (<a href="https://loinc.org/">LOINC</a>#3137-7)</span></p><p><b>status</b>: final</p><p><b>code</b>: Body height Measured <span style="background: LightGoldenRodYellow; margin: 4px; border: 1px solid khaki"> (<a href="https://loinc.org/">LOINC</a>#3137-7)</span></p><p><b>value</b>: 1.83 m<span style="background: LightGoldenRodYellow"> (Details: UCUM code m = 'm')</span></p><p><b>method</b>: Standing <span style="background: LightGoldenRodYellow; margin: 4px; border: 1px solid khaki"> (<a href="https://loinc.org/">LOINC</a>#LA11870-5)</span></p></div>
        </text>
        <extension url="http://www.saude.gov.br/fhir/r4/StructureDefinition/BROrigemMedida">
          <valueCodeableConcept>
            <coding>
              <system value="http://loinc.org"/>
              <code value="3137-7"/>
            </coding>
          </valueCodeableConcept>
        </extension>
        <status value="final"/>
        <code>
          <coding>
            <system value="http://loinc.org"/>
            <code value="3137-7"/>
          </coding>
        </code>
        <valueQuantity>
          <value value="1.83"/>
          <system value="http://unitsofmeasure.org"/>
          <code value="m"/>
        </valueQuantity>
        <method>
          <coding>
            <system value="http://loinc.org"/>
            <code value="LA11870-5"/>
          </coding>
        </method>
      </Observation>
    </resource>
  </entry>
  <entry>
    <fullUrl value="urn:uuid:c7cb7f6b-1d2a-47d9-86b1-9eb6149c9e8c"/>
    <resource>
      <Observation>
        <id value="c7cb7f6b-1d2a-47d9-86b1-9eb6149c9e8c"/>
        <meta>
          <profile value="http://www.saude.gov.br/fhir/r4/StructureDefinition/BRMedidaObservada"/>
        </meta>
        <text>
          <status value="generated"/><div xmlns="http://www.w3.org/1999/xhtml"><p><b>Generated Narrative: Observation</b><a name="c7cb7f6b-1d2a-47d9-86b1-9eb6149c9e8c"> </a></p><div style="display: inline-block; background-color: #d9e0e7; padding: 6px; margin: 4px; border: 1px solid #8da1b4; border-radius: 5px; line-height: 60%"><p style="margin-bottom: 0px">Resource Observation &quot;c7cb7f6b-1d2a-47d9-86b1-9eb6149c9e8c&quot; </p><p style="margin-bottom: 0px">Profile: <a href="StructureDefinition-BRMedidaObservada.html">Medida Observada</a></p></div><p><b>status</b>: final</p><p><b>code</b>: Waist Circumference at umbilicus by Tape measure <span style="background: LightGoldenRodYellow; margin: 4px; border: 1px solid khaki"> (<a href="https://loinc.org/">LOINC</a>#8280-0)</span></p><p><b>value</b>: 135.5 cm<span style="background: LightGoldenRodYellow"> (Details: UCUM code cm = 'cm')</span></p></div>
        </text>
        <status value="final"/>
        <code>
          <coding>
            <system value="http://loinc.org"/>
            <code value="8280-0"/>
          </coding>
        </code>
        <valueQuantity>
          <value value="135.5"/>
          <system value="http://unitsofmeasure.org"/>
          <code value="cm"/>
        </valueQuantity>
      </Observation>
    </resource>
  </entry>
  <entry>
    <fullUrl value="urn:uuid:25c1c75c-e4bb-47d7-9e37-607dd5561cb6"/>
    <resource>
      <Observation>
        <id value="25c1c75c-e4bb-47d7-9e37-607dd5561cb6"/>
        <meta>
          <profile value="http://www.saude.gov.br/fhir/r4/StructureDefinition/BRMedidaObservada"/>
        </meta>
        <text>
          <status value="generated"/><div xmlns="http://www.w3.org/1999/xhtml"><p><b>Generated Narrative: Observation</b><a name="25c1c75c-e4bb-47d7-9e37-607dd5561cb6"> </a></p><div style="display: inline-block; background-color: #d9e0e7; padding: 6px; margin: 4px; border: 1px solid #8da1b4; border-radius: 5px; line-height: 60%"><p style="margin-bottom: 0px">Resource Observation &quot;25c1c75c-e4bb-47d7-9e37-607dd5561cb6&quot; </p><p style="margin-bottom: 0px">Profile: <a href="StructureDefinition-BRMedidaObservada.html">Medida Observada</a></p></div><p><b>status</b>: final</p><p><b>code</b>: Last menstrual period start date <span style="background: LightGoldenRodYellow; margin: 4px; border: 1px solid khaki"> (<a href="https://loinc.org/">LOINC</a>#8665-2)</span></p><p><b>value</b>: 2022-05-23</p></div>
        </text>
        <status value="final"/>
        <code>
          <coding>
            <system value="http://loinc.org"/>
            <code value="8665-2"/>
          </coding>
        </code>
        <valueDateTime value="2022-05-23"/>
      </Observation>
    </resource>
  </entry>
  <entry>
    <fullUrl value="urn:uuid:e991d411-0652-4fbb-ae4b-3e2cd8fd2aa6"/>
    <resource>
      <Observation>
        <id value="e991d411-0652-4fbb-ae4b-3e2cd8fd2aa6"/>
        <meta>
          <profile value="http://www.saude.gov.br/fhir/r4/StructureDefinition/BRMedidaObservada"/>
        </meta>
        <text>
          <status value="generated"/><div xmlns="http://www.w3.org/1999/xhtml"><p><b>Generated Narrative: Observation</b><a name="e991d411-0652-4fbb-ae4b-3e2cd8fd2aa6"> </a></p><div style="display: inline-block; background-color: #d9e0e7; padding: 6px; margin: 4px; border: 1px solid #8da1b4; border-radius: 5px; line-height: 60%"><p style="margin-bottom: 0px">Resource Observation &quot;e991d411-0652-4fbb-ae4b-3e2cd8fd2aa6&quot; </p><p style="margin-bottom: 0px">Profile: <a href="StructureDefinition-BRMedidaObservada.html">Medida Observada</a></p></div><p><b>status</b>: final</p><p><b>code</b>: Type of substance abused <span style="background: LightGoldenRodYellow; margin: 4px; border: 1px solid khaki"> (<a href="https://loinc.org/">LOINC</a>#56832-9)</span></p><p><b>effective</b>: Code: 1 ou 2 vezes</p><p><b>value</b>: Bebidas Alcóolicas <span style="background: LightGoldenRodYellow; margin: 4px; border: 1px solid khaki"> (<a href="CodeSystem-BRTipoSubstanciaUso.html">Tipo de Substância em Uso</a>#alcool)</span></p><p><b>note</b>: Uso ocasional de cannabis.</p></div>
        </text>
        <status value="final"/>
        <code>
          <coding>
            <system value="http://loinc.org"/>
            <code value="56832-9"/>
          </coding>
        </code>
        <effectiveTiming>
          <code>
            <coding>
              <system value="http://www.saude.gov.br/fhir/r4/CodeSystem/BRFrequenciaUsoSubstancia"/>
              <code value="uma-ou-duas"/>
            </coding>
          </code>
        </effectiveTiming>
        <valueCodeableConcept>
          <coding>
            <system value="http://www.saude.gov.br/fhir/r4/CodeSystem/BRTipoSubstanciaUso"/>
            <code value="alcool"/>
          </coding>
        </valueCodeableConcept>
        <note>
          <text value="Uso ocasional de cannabis."/>
        </note>
      </Observation>
    </resource>
  </entry>
  <entry>
    <fullUrl value="urn:uuid:7f7c2fac-780b-412f-a890-893095b0390b"/>
    <resource>
      <Observation>
        <id value="7f7c2fac-780b-412f-a890-893095b0390b"/>
        <meta>
          <profile value="http://www.saude.gov.br/fhir/r4/StructureDefinition/BRMedidaObservada"/>
        </meta>
        <text>
          <status value="generated"/><div xmlns="http://www.w3.org/1999/xhtml"><p><b>Generated Narrative: Observation</b><a name="7f7c2fac-780b-412f-a890-893095b0390b"> </a></p><div style="display: inline-block; background-color: #d9e0e7; padding: 6px; margin: 4px; border: 1px solid #8da1b4; border-radius: 5px; line-height: 60%"><p style="margin-bottom: 0px">Resource Observation &quot;7f7c2fac-780b-412f-a890-893095b0390b&quot; </p><p style="margin-bottom: 0px">Profile: <a href="StructureDefinition-BRMedidaObservada.html">Medida Observada</a></p></div><p><b>status</b>: final</p><p><b>code</b>: Gestational age Estimated from last menstrual period <span style="background: LightGoldenRodYellow; margin: 4px; border: 1px solid khaki"> (<a href="https://loinc.org/">LOINC</a>#11885-1)</span></p><p><b>value</b>: 3.5 wk<span style="background: LightGoldenRodYellow"> (Details: UCUM code wk = 'wk')</span></p></div>
        </text>
        <status value="final"/>
        <code>
          <coding>
            <system value="http://loinc.org"/>
            <code value="11885-1"/>
          </coding>
        </code>
        <valueQuantity>
          <value value="3.5"/>
          <system value="http://unitsofmeasure.org"/>
          <code value="wk"/>
        </valueQuantity>
      </Observation>
    </resource>
  </entry>
  <entry>
    <fullUrl value="urn:uuid:d4d66bd3-f851-4356-9aa4-94ddc70fde68"/>
    <resource>
      <Observation>
        <id value="d4d66bd3-f851-4356-9aa4-94ddc70fde68"/>
        <meta>
          <profile value="http://www.saude.gov.br/fhir/r4/StructureDefinition/BRMedidaObservada"/>
        </meta>
        <text>
          <status value="generated"/><div xmlns="http://www.w3.org/1999/xhtml"><p><b>Generated Narrative: Observation</b><a name="d4d66bd3-f851-4356-9aa4-94ddc70fde68"> </a></p><div style="display: inline-block; background-color: #d9e0e7; padding: 6px; margin: 4px; border: 1px solid #8da1b4; border-radius: 5px; line-height: 60%"><p style="margin-bottom: 0px">Resource Observation &quot;d4d66bd3-f851-4356-9aa4-94ddc70fde68&quot; </p><p style="margin-bottom: 0px">Profile: <a href="StructureDefinition-BRMedidaObservada.html">Medida Observada</a></p></div><p><b>status</b>: final</p><p><b>code</b>: Head Occipital-frontal circumference <span style="background: LightGoldenRodYellow; margin: 4px; border: 1px solid khaki"> (<a href="https://loinc.org/">LOINC</a>#9843-4)</span></p><p><b>value</b>: 45.5 cm<span style="background: LightGoldenRodYellow"> (Details: UCUM code cm = 'cm')</span></p></div>
        </text>
        <status value="final"/>
        <code>
          <coding>
            <system value="http://loinc.org"/>
            <code value="9843-4"/>
          </coding>
        </code>
        <valueQuantity>
          <value value="45.5"/>
          <system value="http://unitsofmeasure.org"/>
          <code value="cm"/>
        </valueQuantity>
      </Observation>
    </resource>
  </entry>
  <entry>
    <fullUrl value="urn:uuid:1edcec17-3dbc-4448-b382-d8d8ffad9e95"/>
    <resource>
      <Observation>
        <id value="1edcec17-3dbc-4448-b382-d8d8ffad9e95"/>
        <meta>
          <profile value="http://www.saude.gov.br/fhir/r4/StructureDefinition/BRMedidaObservada"/>
        </meta>
        <text>
          <status value="extensions"/><div xmlns="http://www.w3.org/1999/xhtml"><p><b>Generated Narrative: Observation</b><a name="1edcec17-3dbc-4448-b382-d8d8ffad9e95"> </a></p><div style="display: inline-block; background-color: #d9e0e7; padding: 6px; margin: 4px; border: 1px solid #8da1b4; border-radius: 5px; line-height: 60%"><p style="margin-bottom: 0px">Resource Observation &quot;1edcec17-3dbc-4448-b382-d8d8ffad9e95&quot; </p><p style="margin-bottom: 0px">Profile: <a href="StructureDefinition-BRMedidaObservada.html">Medida Observada</a></p></div><p><b>Origem da Medição</b>: Body height Stated <span style="background: LightGoldenRodYellow; margin: 4px; border: 1px solid khaki"> (<a href="https://loinc.org/">LOINC</a>#3138-5)</span></p><p><b>Roupas Usadas na Medição</b>: Street clothes &amp; shoes <span style="background: LightGoldenRodYellow; margin: 4px; border: 1px solid khaki"> (<a href="https://loinc.org/">LOINC</a>#LA11873-9)</span></p><p><b>status</b>: final</p><p><b>code</b>: Body weight <span style="background: LightGoldenRodYellow; margin: 4px; border: 1px solid khaki"> (<a href="https://loinc.org/">LOINC</a>#29463-7)</span></p><p><b>value</b>: 88.15 kg<span style="background: LightGoldenRodYellow"> (Details: UCUM code kg = 'kg')</span></p><p><b>method</b>: Standing <span style="background: LightGoldenRodYellow; margin: 4px; border: 1px solid khaki"> (<a href="https://loinc.org/">LOINC</a>#LA11870-5)</span></p></div>
        </text>
        <extension url="http://www.saude.gov.br/fhir/r4/StructureDefinition/BROrigemMedida">
          <valueCodeableConcept>
            <coding>
              <system value="http://loinc.org"/>
              <code value="3138-5"/>
            </coding>
          </valueCodeableConcept>
        </extension>
        <extension url="http://www.saude.gov.br/fhir/r4/StructureDefinition/BRRoupasUsadasMedicao">
          <valueCodeableConcept>
            <coding>
              <system value="http://loinc.org"/>
              <code value="LA11873-9"/>
            </coding>
          </valueCodeableConcept>
        </extension>
        <status value="final"/>
        <code>
          <coding>
            <system value="http://loinc.org"/>
            <code value="29463-7"/>
          </coding>
        </code>
        <valueQuantity>
          <value value="88.15"/>
          <system value="http://unitsofmeasure.org"/>
          <code value="kg"/>
        </valueQuantity>
        <method>
          <coding>
            <system value="http://loinc.org"/>
            <code value="LA11870-5"/>
          </coding>
        </method>
      </Observation>
    </resource>
  </entry>
  <entry>
    <fullUrl value="urn:uuid:0b89ad08-c8b2-4863-a158-19f1d829ef97"/>
    <resource>
      <Observation>
        <id value="0b89ad08-c8b2-4863-a158-19f1d829ef97"/>
        <meta>
          <profile value="http://www.saude.gov.br/fhir/r4/StructureDefinition/BRMedidaObservada"/>
        </meta>
        <text>
          <status value="generated"/><div xmlns="http://www.w3.org/1999/xhtml"><p><b>Generated Narrative: Observation</b><a name="0b89ad08-c8b2-4863-a158-19f1d829ef97"> </a></p><div style="display: inline-block; background-color: #d9e0e7; padding: 6px; margin: 4px; border: 1px solid #8da1b4; border-radius: 5px; line-height: 60%"><p style="margin-bottom: 0px">Resource Observation &quot;0b89ad08-c8b2-4863-a158-19f1d829ef97&quot; </p><p style="margin-bottom: 0px">Profile: <a href="StructureDefinition-BRMedidaObservada.html">Medida Observada</a></p></div><p><b>status</b>: final</p><p><b>code</b>: Systolic blood pressure <span style="background: LightGoldenRodYellow; margin: 4px; border: 1px solid khaki"> (<a href="https://loinc.org/">LOINC</a>#8480-6)</span></p><p><b>value</b>: 0.15 mm[Hg]<span style="background: LightGoldenRodYellow"> (Details: UCUM code mm[Hg] = 'mm[Hg]')</span></p><p><b>bodySite</b>: Pulso esquerdo <span style="background: LightGoldenRodYellow; margin: 4px; border: 1px solid khaki"> (<a href="CodeSystem-BRLocalAfericao.html">Local de Aferição</a>#6)</span></p><p><b>method</b>: Sitting <span style="background: LightGoldenRodYellow; margin: 4px; border: 1px solid khaki"> (<a href="https://loinc.org/">LOINC</a>#LA11868-9)</span></p></div>
        </text>
        <status value="final"/>
        <code>
          <coding>
            <system value="http://loinc.org"/>
            <code value="8480-6"/>
          </coding>
        </code>
        <valueQuantity>
          <value value="0.15"/>
          <system value="http://unitsofmeasure.org"/>
          <code value="mm[Hg]"/>
        </valueQuantity>
        <bodySite>
          <coding>
            <system value="http://www.saude.gov.br/fhir/r4/CodeSystem/BRLocalAfericao"/>
            <code value="6"/>
          </coding>
        </bodySite>
        <method>
          <coding>
            <system value="http://loinc.org"/>
            <code value="LA11868-9"/>
          </coding>
        </method>
      </Observation>
    </resource>
  </entry>
  <entry>
    <fullUrl value="urn:uuid:a5a209b7-cbed-48f7-801c-78a4cf72e3f1"/>
    <resource>
      <Observation>
        <id value="a5a209b7-cbed-48f7-801c-78a4cf72e3f1"/>
        <meta>
          <profile value="http://www.saude.gov.br/fhir/r4/StructureDefinition/BRMedidaObservada"/>
        </meta>
        <text>
          <status value="generated"/><div xmlns="http://www.w3.org/1999/xhtml"><p><b>Generated Narrative: Observation</b><a name="a5a209b7-cbed-48f7-801c-78a4cf72e3f1"> </a></p><div style="display: inline-block; background-color: #d9e0e7; padding: 6px; margin: 4px; border: 1px solid #8da1b4; border-radius: 5px; line-height: 60%"><p style="margin-bottom: 0px">Resource Observation &quot;a5a209b7-cbed-48f7-801c-78a4cf72e3f1&quot; </p><p style="margin-bottom: 0px">Profile: <a href="StructureDefinition-BRMedidaObservada.html">Medida Observada</a></p></div><p><b>status</b>: final</p><p><b>code</b>: [#] Abortions <span style="background: LightGoldenRodYellow; margin: 4px; border: 1px solid khaki"> (<a href="https://loinc.org/">LOINC</a>#11612-9)</span></p><p><b>value</b>: 1</p></div>
        </text>
        <status value="final"/>
        <code>
          <coding>
            <system value="http://loinc.org"/>
            <code value="11612-9"/>
          </coding>
        </code>
        <valueQuantity>
          <value value="1"/>
        </valueQuantity>
      </Observation>
    </resource>
  </entry>
  <entry>
    <fullUrl value="urn:uuid:2870566d-ce8c-4eef-af70-6690e538ad21"/>
    <resource>
      <Observation>
        <id value="2870566d-ce8c-4eef-af70-6690e538ad21"/>
        <meta>
          <profile value="http://www.saude.gov.br/fhir/r4/StructureDefinition/BRMedidaObservada"/>
        </meta>
        <text>
          <status value="generated"/><div xmlns="http://www.w3.org/1999/xhtml"><p><b>Generated Narrative: Observation</b><a name="2870566d-ce8c-4eef-af70-6690e538ad21"> </a></p><div style="display: inline-block; background-color: #d9e0e7; padding: 6px; margin: 4px; border: 1px solid #8da1b4; border-radius: 5px; line-height: 60%"><p style="margin-bottom: 0px">Resource Observation &quot;2870566d-ce8c-4eef-af70-6690e538ad21&quot; </p><p style="margin-bottom: 0px">Profile: <a href="StructureDefinition-BRMedidaObservada.html">Medida Observada</a></p></div><p><b>status</b>: final</p><p><b>code</b>: [#] Pregnancies <span style="background: LightGoldenRodYellow; margin: 4px; border: 1px solid khaki"> (<a href="https://loinc.org/">LOINC</a>#11996-6)</span></p><p><b>value</b>: 2</p></div>
        </text>
        <status value="final"/>
        <code>
          <coding>
            <system value="http://loinc.org"/>
            <code value="11996-6"/>
          </coding>
        </code>
        <valueQuantity>
          <value value="2"/>
        </valueQuantity>
      </Observation>
    </resource>
  </entry>
  <entry>
    <fullUrl value="urn:uuid:9e56f53e-2074-4d2b-90ab-7a98ae513c48"/>
    <resource>
      <Observation>
        <id value="9e56f53e-2074-4d2b-90ab-7a98ae513c48"/>
        <meta>
          <profile value="http://www.saude.gov.br/fhir/r4/StructureDefinition/BRMedidaObservada"/>
        </meta>
        <text>
          <status value="generated"/><div xmlns="http://www.w3.org/1999/xhtml"><p><b>Generated Narrative: Observation</b><a name="9e56f53e-2074-4d2b-90ab-7a98ae513c48"> </a></p><div style="display: inline-block; background-color: #d9e0e7; padding: 6px; margin: 4px; border: 1px solid #8da1b4; border-radius: 5px; line-height: 60%"><p style="margin-bottom: 0px">Resource Observation &quot;9e56f53e-2074-4d2b-90ab-7a98ae513c48&quot; </p><p style="margin-bottom: 0px">Profile: <a href="StructureDefinition-BRMedidaObservada.html">Medida Observada</a></p></div><p><b>status</b>: final</p><p><b>code</b>: [#] Pregnancies <span style="background: LightGoldenRodYellow; margin: 4px; border: 1px solid khaki"> (<a href="https://loinc.org/">LOINC</a>#11996-6)</span></p><p><b>value</b>: Predominante <span style="background: LightGoldenRodYellow; margin: 4px; border: 1px solid khaki"> (<a href="CodeSystem-BRTipoAleitamentoMaterno.html">Tipo de Aleitamento Materno</a>#predominante)</span></p></div>
        </text>
        <status value="final"/>
        <code>
          <coding>
            <system value="http://loinc.org"/>
            <code value="11996-6"/>
          </coding>
        </code>
        <valueCodeableConcept>
          <coding>
            <system value="http://www.saude.gov.br/fhir/r4/CodeSystem/BRTipoAleitamentoMaterno"/>
            <code value="predominante"/>
          </coding>
        </valueCodeableConcept>
      </Observation>
    </resource>
  </entry>
  <entry>
    <fullUrl value="urn:uuid:9a6e6f4a-8b6b-4d08-b80b-deb85f46c022"/>
    <resource>
      <AllergyIntolerance>
        <id value="9a6e6f4a-8b6b-4d08-b80b-deb85f46c022"/>
        <meta>
          <profile value="http://www.saude.gov.br/fhir/r4/StructureDefinition/BRAlergiaReacaoAdversa-1.0"/>
        </meta>
        <text>
          <status value="generated"/><div xmlns="http://www.w3.org/1999/xhtml"><p><b>Generated Narrative: AllergyIntolerance</b><a name="9a6e6f4a-8b6b-4d08-b80b-deb85f46c022"> </a></p><div style="display: inline-block; background-color: #d9e0e7; padding: 6px; margin: 4px; border: 1px solid #8da1b4; border-radius: 5px; line-height: 60%"><p style="margin-bottom: 0px">Resource AllergyIntolerance &quot;9a6e6f4a-8b6b-4d08-b80b-deb85f46c022&quot; </p><p style="margin-bottom: 0px">Profile: <a href="StructureDefinition-BRAlergiaReacaoAdversa-1.0.html">Alergia ou Reação Adversa</a></p></div><p><b>clinicalStatus</b>: Active <span style="background: LightGoldenRodYellow; margin: 4px; border: 1px solid khaki"> (<a href="http://terminology.hl7.org/5.3.0/CodeSystem-allergyintolerance-clinical.html">AllergyIntolerance Clinical Status Codes</a>#active)</span></p><p><b>verificationStatus</b>: Confirmed <span style="background: LightGoldenRodYellow; margin: 4px; border: 1px solid khaki"> (<a href="http://terminology.hl7.org/5.3.0/CodeSystem-allergyintolerance-verification.html">AllergyIntolerance Verification Status</a>#confirmed)</span></p><p><b>category</b>: food</p><p><b>criticality</b>: low</p><p><b>code</b>: SAT <span style="background: LightGoldenRodYellow; margin: 4px; border: 1px solid khaki"> (<a href="CodeSystem-BRImunobiologico.html">Imunobiológico</a>#2)</span></p><p><b>patient</b>: <span>id: 819217217061851</span></p><p><b>onset</b>: 2022-06-01</p><p><b>note</b>: Soro antitetânico</p></div>
        </text>
        <clinicalStatus>
          <coding>
            <system value="http://terminology.hl7.org/CodeSystem/allergyintolerance-clinical"/>
            <code value="active"/>
            <display value="Active"/>
          </coding>
        </clinicalStatus>
        <verificationStatus>
          <coding>
            <system value="http://terminology.hl7.org/CodeSystem/allergyintolerance-verification"/>
            <code value="confirmed"/>
          </coding>
        </verificationStatus>
        <category value="food"/>
        <criticality value="low"/>
        <code>
          <coding>
            <system value="http://www.saude.gov.br/fhir/r4/CodeSystem/BRImunobiologico"/>
            <code value="2"/>
          </coding>
          <text value="SAT"/>
        </code>
        <patient>
          <identifier>
            <system value="http://www.saude.gov.br/fhir/r4/StructureDefinition/BRIndividuo-1.0"/>
            <value value="819217217061851"/>
          </identifier>
        </patient>
        <onsetDateTime value="2022-06-01"/>
        <note>
          <text value="Soro antitetânico"/>
        </note>
      </AllergyIntolerance>
    </resource>
  </entry>
  <entry>
    <fullUrl value="urn:uuid:601c92a4-96a7-4881-a9c5-8debca8ff558"/>
    <resource>
      <Composition>
        <id value="601c92a4-96a7-4881-a9c5-8debca8ff558"/>
        <meta>
          <profile value="http://www.saude.gov.br/fhir/r4/StructureDefinition/BRRegistroPrescricaoMedicamento"/>
        </meta>
        <text>
          <status value="generated"/><div xmlns="http://www.w3.org/1999/xhtml"><p><b>Generated Narrative: Composition</b><a name="601c92a4-96a7-4881-a9c5-8debca8ff558"> </a></p><div style="display: inline-block; background-color: #d9e0e7; padding: 6px; margin: 4px; border: 1px solid #8da1b4; border-radius: 5px; line-height: 60%"><p style="margin-bottom: 0px">Resource Composition &quot;601c92a4-96a7-4881-a9c5-8debca8ff558&quot; </p><p style="margin-bottom: 0px">Profile: <a href="StructureDefinition-BRRegistroPrescricaoMedicamento.html">Registro de Prescrição de Medicamento</a></p></div><p><b>status</b>: final</p><p><b>type</b>: Registro de Prescrição de Medicamento <span style="background: LightGoldenRodYellow; margin: 4px; border: 1px solid khaki"> (<a href="CodeSystem-BRTipoDocumento.html">Tipo de Documento</a>#RPM)</span></p><p><b>date</b>: 2022-03-04 14:59:51-0300</p><p><b>author</b>: <span>id: 3191384</span></p><p><b>title</b>: Registro de Prescrição de Medicamento</p></div>
        </text>
        <status value="final"/>
        <type>
          <coding>
            <system value="http://www.saude.gov.br/fhir/r4/CodeSystem/BRTipoDocumento"/>
            <code value="RPM"/>
          </coding>
        </type>
        <subject>
          <identifier>
            <system value="http://www.saude.gov.br/fhir/r4/StructureDefinition/BRIndividuo-1.0"/>
            <value value="819217217061851"/>
          </identifier>
        </subject>
        <date value="2022-03-04T14:59:51-03:00"/>
        <author>
          <identifier>
            <system value="http://www.saude.gov.br/fhir/r4/StructureDefinition/BREstabelecimentoSaude-1.0"/>
            <value value="3191384"/>
          </identifier>
        </author>
        <title value="Registro de Prescrição de Medicamento"/>
        <section>
          <entry>
            <reference value="urn:uuid:a46a0263-142e-46f5-b917-9938b16ebbda"/>
          </entry>
        </section>
      </Composition>
    </resource>
  </entry>
  <entry>
    <fullUrl value="urn:uuid:a46a0263-142e-46f5-b917-9938b16ebbda"/>
    <resource>
      <MedicationRequest>
        <id value="a46a0263-142e-46f5-b917-9938b16ebbda"/>
        <meta>
          <profile value="http://www.saude.gov.br/fhir/r4/StructureDefinition/BRPrescricaoMedicamento"/>
        </meta>
        <text>
          <status value="generated"/><div xmlns="http://www.w3.org/1999/xhtml"><p><b>Generated Narrative: MedicationRequest</b><a name="a46a0263-142e-46f5-b917-9938b16ebbda"> </a></p><div style="display: inline-block; background-color: #d9e0e7; padding: 6px; margin: 4px; border: 1px solid #8da1b4; border-radius: 5px; line-height: 60%"><p style="margin-bottom: 0px">Resource MedicationRequest &quot;a46a0263-142e-46f5-b917-9938b16ebbda&quot; </p><p style="margin-bottom: 0px">Profile: <a href="StructureDefinition-BRPrescricaoMedicamento.html">Prescrição de Medicamento</a></p></div><p><b>status</b>: completed</p><p><b>intent</b>: order</p><p><b>medication</b>: <a href="#Medication_d2bb12da-9290-45de-8565-5e8764cf512e">See above (urn:uuid:d2bb12da-9290-45de-8565-5e8764cf512e)</a></p><p><b>subject</b>: <span>id: 819217217061851</span></p><p><b>authoredOn</b>: 2022-03-04</p><p><b>requester</b>: <span>id: 3191384</span></p><p><b>recorder</b>: <span>id: 162338254590005</span></p><p><b>note</b>: Medicamento necessário para tratamento da febre devido à gripe. (By Dr. Getúlio @2022-03-04)</p><blockquote><p><b>dosageInstruction</b></p><p><b>patientInstruction</b>: Tomar uma vez ao dia via oral.</p><p><b>timing</b>: Count 1 times, 12</p><p><b>asNeeded</b>: true</p><p><b>route</b>: Oral <span style="background: LightGoldenRodYellow; margin: 4px; border: 1px solid khaki"> (<a href="CodeSystem-BRViaAdministracao.html">Via de Administração</a>#10907)</span></p><blockquote><p><b>doseAndRate</b></p></blockquote><p><b>maxDosePerAdministration</b>: 10</p></blockquote><h3>DispenseRequests</h3><table class="grid"><tr><td style="display: none">-</td><td><b>ValidityPeriod</b></td><td><b>Quantity</b></td></tr><tr><td style="display: none">*</td><td>2022-02-24 --&gt; 2022-03-03</td><td>10</td></tr></table></div>
        </text>
        <status value="completed"/>
        <intent value="order"/>
        <medicationReference>
          <reference value="urn:uuid:d2bb12da-9290-45de-8565-5e8764cf512e"/>
        </medicationReference>
        <subject>
          <identifier>
            <system value="http://www.saude.gov.br/fhir/r4/StructureDefinition/BRIndividuo-1.0"/>
            <value value="819217217061851"/>
          </identifier>
        </subject>
        <authoredOn value="2022-03-04"/>
        <requester>
          <identifier>
            <system value="http://www.saude.gov.br/fhir/r4/StructureDefinition/BREstabelecimentoSaude-1.0"/>
            <value value="3191384"/>
          </identifier>
        </requester>
        <recorder>
          <identifier>
            <system value="http://www.saude.gov.br/fhir/r4/StructureDefinition/BRProfissional-1.0"/>
            <value value="162338254590005"/>
          </identifier>
        </recorder>
        <note>
          <authorString value="Dr. Getúlio"/>
          <time value="2022-03-04"/>
          <text value="Medicamento necessário para tratamento da febre devido à gripe."/>
        </note>
        <dosageInstruction>
          <patientInstruction value="Tomar uma vez ao dia via oral."/>
          <timing>
            <repeat>
              <extension url="http://www.saude.gov.br/fhir/r4/StructureDefinition/BRTurno">
                <valueCode value="3"/>
              </extension>
              <extension url="http://www.saude.gov.br/fhir/r4/StructureDefinition/BRIntervaloDoses">
                <extension url="periodUnit">
                  <valueCode value="min"/>
                </extension>
                <extension url="period">
                  <valuePositiveInt value="1"/>
                </extension>
              </extension>
              <count value="1"/>
              <countMax value="10"/>
              <frequency value="12"/>
            </repeat>
          </timing>
          <asNeededBoolean value="true"/>
          <route>
            <coding>
              <system value="http://www.saude.gov.br/fhir/r4/CodeSystem/BRViaAdministracao"/>
              <code value="10907"/>
            </coding>
          </route>
          <doseAndRate>
            <type>
              <coding>
                <system value="http://www.saude.gov.br/fhir/r4/CodeSystem/BRUnidadeMedida"/>
                <code value="13"/>
              </coding>
            </type>
            <doseQuantity>
              <value value="10"/>
            </doseQuantity>
          </doseAndRate>
          <maxDosePerAdministration>
            <value value="10"/>
          </maxDosePerAdministration>
        </dosageInstruction>
        <dispenseRequest>
          <validityPeriod>
            <start value="2022-02-24"/>
            <end value="2022-03-03"/>
          </validityPeriod>
          <quantity>
            <value value="10"/>
          </quantity>
        </dispenseRequest>
      </MedicationRequest>
    </resource>
  </entry>
  <entry>
    <fullUrl value="urn:uuid:d2bb12da-9290-45de-8565-5e8764cf512e"/>
    <resource>
      <Medication>
        <id value="d2bb12da-9290-45de-8565-5e8764cf512e"/>
        <meta>
          <profile value="http://www.saude.gov.br/fhir/r4/StructureDefinition/BRMedicamento"/>
        </meta>
        <text>
          <status value="generated"/><div xmlns="http://www.w3.org/1999/xhtml"><p><b>Generated Narrative: Medication</b><a name="d2bb12da-9290-45de-8565-5e8764cf512e"> </a></p><div style="display: inline-block; background-color: #d9e0e7; padding: 6px; margin: 4px; border: 1px solid #8da1b4; border-radius: 5px; line-height: 60%"><p style="margin-bottom: 0px">Resource Medication &quot;d2bb12da-9290-45de-8565-5e8764cf512e&quot; </p><p style="margin-bottom: 0px">Profile: <a href="StructureDefinition-BRMedicamento.html">Medicamento</a></p></div><p><b>code</b>: Terminologia segundo CATMAT <span style="background: LightGoldenRodYellow; margin: 4px; border: 1px solid khaki"> (<a href="CodeSystem-BRObmCATMAT.html">Terminologia de Produto Medicinal Virtual (VMP) no Catálogo de Materiais (CATMAT)</a>#BR0352317)</span></p><p><b>form</b>: Ampola <span style="background: LightGoldenRodYellow; margin: 4px; border: 1px solid khaki"> (<a href="CodeSystem-BRUnidadeMedida.html">Unidade de Medida</a>#2)</span></p></div>
        </text>
        <code>
          <coding>
            <system value="http://www.saude.gov.br/fhir/r4/CodeSystem/BRObmCATMAT"/>
            <code value="BR0352317"/>
          </coding>
          <text value="Terminologia segundo CATMAT"/>
        </code>
        <form>
          <coding>
            <system value="http://www.saude.gov.br/fhir/r4/CodeSystem/BRUnidadeMedida"/>
            <code value="2"/>
          </coding>
        </form>
      </Medication>
    </resource>
  </entry>
  <entry>
    <fullUrl value="urn:uuid:e1db23fa-310c-4576-980a-5d5983118365"/>
    <resource>
      <CarePlan>
        <id value="e1db23fa-310c-4576-980a-5d5983118365"/>
        <meta>
          <profile value="http://www.saude.gov.br/fhir/r4/StructureDefinition/BRPlanoCuidados-1.0"/>
        </meta>
        <text>
          <status value="generated"/><div xmlns="http://www.w3.org/1999/xhtml"><p><b>Generated Narrative: CarePlan</b><a name="e1db23fa-310c-4576-980a-5d5983118365"> </a></p><div style="display: inline-block; background-color: #d9e0e7; padding: 6px; margin: 4px; border: 1px solid #8da1b4; border-radius: 5px; line-height: 60%"><p style="margin-bottom: 0px">Resource CarePlan &quot;e1db23fa-310c-4576-980a-5d5983118365&quot; </p><p style="margin-bottom: 0px">Profile: <a href="StructureDefinition-BRPlanoCuidados-1.0.html">Plano de Cuidados</a></p></div><p><b>status</b>: active</p><p><b>intent</b>: plan</p><p><b>description</b>: Repouso pós-medicação intramuscular</p><p><b>subject</b>: <span>id: 819217217061851</span></p></div>
        </text>
        <status value="active"/>
        <intent value="plan"/>
        <description value="Repouso pós-medicação intramuscular"/>
        <subject>
          <identifier>
            <system value="http://www.saude.gov.br/fhir/r4/StructureDefinition/BRIndividuo-1.0"/>
            <value value="819217217061851"/>
          </identifier>
        </subject>
      </CarePlan>
    </resource>
  </entry>
</Bundle>