<?xml version="1.0" encoding="UTF-8"?>

<CodeSystem xmlns="http://hl7.org/fhir">
  <id value="BRPapelProblemaDiagnostico"/>
  <meta>
    <lastUpdated value="2020-03-11T18:16:07.800+00:00"/>
  </meta>
  <language value="pt-BR"/>
  <text>
    <status value="generated"/><div xmlns="http://www.w3.org/1999/xhtml" xml:lang="pt-BR" lang="pt-BR"><p class="res-header-id"><b>Generated Narrative: CodeSystem BRPapelProblemaDiagnostico</b></p><a name="BRPapelProblemaDiagnostico"> </a><a name="hcBRPapelProblemaDiagnostico"> </a><a name="BRPapelProblemaDiagnostico-und"> </a><div style="display: inline-block; background-color: #d9e0e7; padding: 6px; margin: 4px; border: 1px solid #8da1b4; border-radius: 5px; line-height: 60%"><p style="margin-bottom: 0px">Last updated: 2020-03-11 18:16:07+0000; Language: pt-BR</p></div><p>This case-sensitive code system <code>http://www.saude.gov.br/fhir/r4/CodeSystem/BRPapelProblemaDiagnostico</code> defines the following codes:</p><table class="codes"><tr><td style="white-space:nowrap"><b>Code</b></td><td><b>Display</b></td></tr><tr><td style="white-space:nowrap">NAD<a name="BRPapelProblemaDiagnostico-NAD"> </a></td><td>Diagnosis not present on admission</td></tr><tr><td style="white-space:nowrap">UNK<a name="BRPapelProblemaDiagnostico-UNK"> </a></td><td>Unknown</td></tr></table></div>
  </text>
  <extension url="http://hl7.org/fhir/StructureDefinition/structuredefinition-fmm">
    <valueInteger value="1">
      <extension url="http://hl7.org/fhir/StructureDefinition/structuredefinition-conformance-derivedFrom">
        <valueCanonical value="http://www.saude.gov.br/fhir/r4/ImplementationGuide/br.gov.saude.rnds.rac"/>
      </extension>
    </valueInteger>
  </extension>
  <extension url="http://hl7.org/fhir/StructureDefinition/structuredefinition-standards-status">
    <valueCode value="informative">
      <extension url="http://hl7.org/fhir/StructureDefinition/structuredefinition-conformance-derivedFrom">
        <valueCanonical value="http://www.saude.gov.br/fhir/r4/ImplementationGuide/br.gov.saude.rnds.rac"/>
      </extension>
    </valueCode>
  </extension>
  <url value="http://www.saude.gov.br/fhir/r4/CodeSystem/BRPapelProblemaDiagnostico"/>
  <version value="0.1.0"/>
  <name value="BRPapelProblemaDiagnostico"/>
  <title value="Classificação do papel de um problema e diagnóstico"/>
  <status value="active"/>
  <experimental value="false"/>
  <date value="2020-03-11T18:16:28.3110021+00:00"/>
  <publisher value="Ministério da Saúde do Brasil"/>
  <contact>
    <telecom>
      <system value="url"/>
      <value value="http://www.saude.gov.br"/>
    </telecom>
  </contact>
  <description value="Classificação do papel de um problema/diagnóstico."/>
  <jurisdiction>
    <coding>
      <system value="urn:iso:std:iso:3166"/>
      <code value="BR"/>
    </coding>
  </jurisdiction>
  <caseSensitive value="true"/>
  <content value="complete"/>
  <concept>
    <code value="NAD"/>
    <display value="Diagnosis not present on admission"/>
    <designation>
      <language value="pt-BR"/>
      <value value="Diagnóstico não presente na admissão"/>
    </designation>
  </concept>
  <concept>
    <code value="UNK"/>
    <display value="Unknown"/>
    <designation>
      <language value="pt-BR"/>
      <value value="Desconhecido"/>
    </designation>
  </concept>
</CodeSystem>