<?xml version="1.0" encoding="UTF-8"?>

<CodeSystem xmlns="http://hl7.org/fhir">
  <id value="BRPosicaoIndividuo"/>
  <meta>
    <lastUpdated value="2020-03-11T18:19:54.794+00:00"/>
  </meta>
  <language value="pt-BR"/>
  <text>
    <status value="generated"/><div xmlns="http://www.w3.org/1999/xhtml" xml:lang="pt-BR" lang="pt-BR"><p>This case-sensitive code system <code>http://www.saude.gov.br/fhir/r4/CodeSystem/BRPosicaoIndividuo</code> defines the following codes:</p><table class="codes"><tr><td style="white-space:nowrap"><b>Code</b></td><td><b>Display</b></td></tr><tr><td style="white-space:nowrap">1<a name="BRPosicaoIndividuo-1"> </a></td><td>Em pé</td></tr><tr><td style="white-space:nowrap">2<a name="BRPosicaoIndividuo-2"> </a></td><td>Sentado</td></tr><tr><td style="white-space:nowrap">3<a name="BRPosicaoIndividuo-3"> </a></td><td>Reclinado</td></tr><tr><td style="white-space:nowrap">4<a name="BRPosicaoIndividuo-4"> </a></td><td>Deitado</td></tr><tr><td style="white-space:nowrap">5<a name="BRPosicaoIndividuo-5"> </a></td><td>Deitado com inclinação para esquerda</td></tr></table></div>
  </text>
  <extension url="http://hl7.org/fhir/StructureDefinition/structuredefinition-fmm">
    <valueInteger value="1">
      <extension url="http://hl7.org/fhir/StructureDefinition/structuredefinition-conformance-derivedFrom">
        <valueCanonical value="http://www.saude.gov.br/fhir/r4/ImplementationGuide/hl7.fhir.br.rac"/>
      </extension>
    </valueInteger>
  </extension>
  <extension url="http://hl7.org/fhir/StructureDefinition/structuredefinition-standards-status">
    <valueCode value="informative">
      <extension url="http://hl7.org/fhir/StructureDefinition/structuredefinition-conformance-derivedFrom">
        <valueCanonical value="http://www.saude.gov.br/fhir/r4/ImplementationGuide/hl7.fhir.br.rac"/>
      </extension>
    </valueCode>
  </extension>
  <url value="http://www.saude.gov.br/fhir/r4/CodeSystem/BRPosicaoIndividuo"/>
  <version value="0.1.0"/>
  <name value="BRPosicaoIndividuo"/>
  <title value="Posição do Indivíduo"/>
  <status value="active"/>
  <experimental value="false"/>
  <date value="2020-03-11T18:20:15.3085069+00:00"/>
  <publisher value="Ministério da Saúde do Brasil"/>
  <contact>
    <telecom>
      <system value="url"/>
      <value value="http://www.saude.gov.br"/>
    </telecom>
  </contact>
  <description value="Identifica a posição de um indivíduo em um determinado contexto."/>
  <jurisdiction>
    <coding>
      <system value="urn:iso:std:iso:3166"/>
      <code value="BR"/>
    </coding>
  </jurisdiction>
  <caseSensitive value="true"/>
  <content value="complete"/>
  <concept>
    <code value="1"/>
    <display value="Em pé"/>
  </concept>
  <concept>
    <code value="2"/>
    <display value="Sentado"/>
  </concept>
  <concept>
    <code value="3"/>
    <display value="Reclinado"/>
  </concept>
  <concept>
    <code value="4"/>
    <display value="Deitado"/>
  </concept>
  <concept>
    <code value="5"/>
    <display value="Deitado com inclinação para esquerda"/>
  </concept>
</CodeSystem>