<?xml version="1.0" encoding="UTF-8"?>

<CodeSystem xmlns="http://hl7.org/fhir">
  <id value="BRUnidadeMedida"/>
  <meta>
    <lastUpdated value="2021-12-01T13:16:09.8385573+00:00"/>
  </meta>
  <language value="pt-BR"/>
  <text>
    <status value="generated"/><div xmlns="http://www.w3.org/1999/xhtml" xml:lang="pt-BR" lang="pt-BR"><p>This case-sensitive code system <code>http://www.saude.gov.br/fhir/r4/CodeSystem/BRUnidadeMedida</code> defines the following codes:</p><table class="codes"><tr><td style="white-space:nowrap"><b>Code</b></td><td><b>Display</b></td></tr><tr><td style="white-space:nowrap">1<a name="BRUnidadeMedida-1"> </a></td><td>Adesivo</td></tr><tr><td style="white-space:nowrap">2<a name="BRUnidadeMedida-2"> </a></td><td>Ampola</td></tr><tr><td style="white-space:nowrap">3<a name="BRUnidadeMedida-3"> </a></td><td>Anel</td></tr><tr><td style="white-space:nowrap">4<a name="BRUnidadeMedida-4"> </a></td><td>Aplicação</td></tr><tr><td style="white-space:nowrap">5<a name="BRUnidadeMedida-5"> </a></td><td>Aplicador</td></tr><tr><td style="white-space:nowrap">6<a name="BRUnidadeMedida-6"> </a></td><td>Atomização</td></tr><tr><td style="white-space:nowrap">7<a name="BRUnidadeMedida-7"> </a></td><td>Bandagem</td></tr><tr><td style="white-space:nowrap">8<a name="BRUnidadeMedida-8"> </a></td><td>Barra</td></tr><tr><td style="white-space:nowrap">9<a name="BRUnidadeMedida-9"> </a></td><td>Bisnaga</td></tr><tr><td style="white-space:nowrap">10<a name="BRUnidadeMedida-10"> </a></td><td>Blíster</td></tr><tr><td style="white-space:nowrap">11<a name="BRUnidadeMedida-11"> </a></td><td>Bolsa</td></tr><tr><td style="white-space:nowrap">12<a name="BRUnidadeMedida-12"> </a></td><td>Caixa</td></tr><tr><td style="white-space:nowrap">13<a name="BRUnidadeMedida-13"> </a></td><td>Cápsula</td></tr><tr><td style="white-space:nowrap">14<a name="BRUnidadeMedida-14"> </a></td><td>Carpule</td></tr><tr><td style="white-space:nowrap">15<a name="BRUnidadeMedida-15"> </a></td><td>Cartucho</td></tr><tr><td style="white-space:nowrap">16<a name="BRUnidadeMedida-16"> </a></td><td>Catéter</td></tr><tr><td style="white-space:nowrap">17<a name="BRUnidadeMedida-17"> </a></td><td>cm (Centímetro)</td></tr><tr><td style="white-space:nowrap">18<a name="BRUnidadeMedida-18"> </a></td><td>cm² (Centímetro Quadrado)</td></tr><tr><td style="white-space:nowrap">19<a name="BRUnidadeMedida-19"> </a></td><td>Comprimido</td></tr><tr><td style="white-space:nowrap">20<a name="BRUnidadeMedida-20"> </a></td><td>Desconhecido</td></tr><tr><td style="white-space:nowrap">21<a name="BRUnidadeMedida-21"> </a></td><td>Dispositivo</td></tr><tr><td style="white-space:nowrap">22<a name="BRUnidadeMedida-22"> </a></td><td>Dispositivo de injeção pré-carregado</td></tr><tr><td style="white-space:nowrap">23<a name="BRUnidadeMedida-23"> </a></td><td>Dose</td></tr><tr><td style="white-space:nowrap">24<a name="BRUnidadeMedida-24"> </a></td><td>Emplastro</td></tr><tr><td style="white-space:nowrap">25<a name="BRUnidadeMedida-25"> </a></td><td>Endosporos</td></tr><tr><td style="white-space:nowrap">26<a name="BRUnidadeMedida-26"> </a></td><td>Enema</td></tr><tr><td style="white-space:nowrap">27<a name="BRUnidadeMedida-27"> </a></td><td>Envelope</td></tr><tr><td style="white-space:nowrap">28<a name="BRUnidadeMedida-28"> </a></td><td>Estojo</td></tr><tr><td style="white-space:nowrap">29<a name="BRUnidadeMedida-29"> </a></td><td>Filme</td></tr><tr><td style="white-space:nowrap">30<a name="BRUnidadeMedida-30"> </a></td><td>Flaconete</td></tr><tr><td style="white-space:nowrap">31<a name="BRUnidadeMedida-31"> </a></td><td>Frasco</td></tr><tr><td style="white-space:nowrap">32<a name="BRUnidadeMedida-32"> </a></td><td>Frasco-ampola</td></tr><tr><td style="white-space:nowrap">33<a name="BRUnidadeMedida-33"> </a></td><td>g (Grama)</td></tr><tr><td style="white-space:nowrap">34<a name="BRUnidadeMedida-34"> </a></td><td>Goma</td></tr><tr><td style="white-space:nowrap">35<a name="BRUnidadeMedida-35"> </a></td><td>Gota</td></tr><tr><td style="white-space:nowrap">36<a name="BRUnidadeMedida-36"> </a></td><td>Hora</td></tr><tr><td style="white-space:nowrap">37<a name="BRUnidadeMedida-37"> </a></td><td>Implante</td></tr><tr><td style="white-space:nowrap">38<a name="BRUnidadeMedida-38"> </a></td><td>kg (Quilograma)</td></tr><tr><td style="white-space:nowrap">39<a name="BRUnidadeMedida-39"> </a></td><td>L (Litro)</td></tr><tr><td style="white-space:nowrap">40<a name="BRUnidadeMedida-40"> </a></td><td>Lata</td></tr><tr><td style="white-space:nowrap">41<a name="BRUnidadeMedida-41"> </a></td><td>m (Metro)</td></tr><tr><td style="white-space:nowrap">42<a name="BRUnidadeMedida-42"> </a></td><td>mEq (Miliequivalente)</td></tr><tr><td style="white-space:nowrap">43<a name="BRUnidadeMedida-43"> </a></td><td>mg (Miligrama)</td></tr><tr><td style="white-space:nowrap">44<a name="BRUnidadeMedida-44"> </a></td><td>Micrograma</td></tr><tr><td style="white-space:nowrap">45<a name="BRUnidadeMedida-45"> </a></td><td>Microlitro</td></tr><tr><td style="white-space:nowrap">46<a name="BRUnidadeMedida-46"> </a></td><td>Milhões</td></tr><tr><td style="white-space:nowrap">47<a name="BRUnidadeMedida-47"> </a></td><td>MUI (Milhões de unidades internacionais)</td></tr><tr><td style="white-space:nowrap">48<a name="BRUnidadeMedida-48"> </a></td><td>mL (Mililitro)</td></tr><tr><td style="white-space:nowrap">49<a name="BRUnidadeMedida-49"> </a></td><td>mm (Milímetro)</td></tr><tr><td style="white-space:nowrap">50<a name="BRUnidadeMedida-50"> </a></td><td>ng (Nanograma)</td></tr><tr><td style="white-space:nowrap">51<a name="BRUnidadeMedida-51"> </a></td><td>nL (Nanolitro)</td></tr><tr><td style="white-space:nowrap">52<a name="BRUnidadeMedida-52"> </a></td><td>Pastilha</td></tr><tr><td style="white-space:nowrap">53<a name="BRUnidadeMedida-53"> </a></td><td>Pastilha dura</td></tr><tr><td style="white-space:nowrap">54<a name="BRUnidadeMedida-54"> </a></td><td>Pastilha gomosa</td></tr><tr><td style="white-space:nowrap">55<a name="BRUnidadeMedida-55"> </a></td><td>Pílula</td></tr><tr><td style="white-space:nowrap">56<a name="BRUnidadeMedida-56"> </a></td><td>Saco</td></tr><tr><td style="white-space:nowrap">57<a name="BRUnidadeMedida-57"> </a></td><td>Seringa</td></tr><tr><td style="white-space:nowrap">58<a name="BRUnidadeMedida-58"> </a></td><td>Strip</td></tr><tr><td style="white-space:nowrap">59<a name="BRUnidadeMedida-59"> </a></td><td>Supositório</td></tr><tr><td style="white-space:nowrap">60<a name="BRUnidadeMedida-60"> </a></td><td>UI (Unidade Internacional)</td></tr><tr><td style="white-space:nowrap">61<a name="BRUnidadeMedida-61"> </a></td><td>UIC (Unidade Inibidora de Calicreína)</td></tr><tr><td style="white-space:nowrap">62<a name="BRUnidadeMedida-62"> </a></td><td>Unidade</td></tr><tr><td style="white-space:nowrap">63<a name="BRUnidadeMedida-63"> </a></td><td>UTR (Unidade Redutora da Turbidez)</td></tr><tr><td style="white-space:nowrap">64<a name="BRUnidadeMedida-64"> </a></td><td>Óvulo</td></tr><tr><td style="white-space:nowrap">66<a name="BRUnidadeMedida-66"> </a></td><td>Bastão</td></tr><tr><td style="white-space:nowrap">69<a name="BRUnidadeMedida-69"> </a></td><td>Capsula inalante</td></tr><tr><td style="white-space:nowrap">70<a name="BRUnidadeMedida-70"> </a></td><td>Cartão</td></tr><tr><td style="white-space:nowrap">71<a name="BRUnidadeMedida-71"> </a></td><td>Cartela</td></tr><tr><td style="white-space:nowrap">74<a name="BRUnidadeMedida-74"> </a></td><td>Drágea</td></tr><tr><td style="white-space:nowrap">75<a name="BRUnidadeMedida-75"> </a></td><td>Pote</td></tr><tr><td style="white-space:nowrap">76<a name="BRUnidadeMedida-76"> </a></td><td>Sachê</td></tr><tr><td style="white-space:nowrap">77<a name="BRUnidadeMedida-77"> </a></td><td>Seringa preenchida</td></tr><tr><td style="white-space:nowrap">78<a name="BRUnidadeMedida-78"> </a></td><td>Tablete</td></tr><tr><td style="white-space:nowrap">79<a name="BRUnidadeMedida-79"> </a></td><td>Tubete</td></tr><tr><td style="white-space:nowrap">80<a name="BRUnidadeMedida-80"> </a></td><td>Tubo</td></tr><tr><td style="white-space:nowrap">82<a name="BRUnidadeMedida-82"> </a></td><td>Glóbulo</td></tr></table></div>
  </text>
  <extension url="http://hl7.org/fhir/StructureDefinition/structuredefinition-fmm">
    <valueInteger value="1">
      <extension url="http://hl7.org/fhir/StructureDefinition/structuredefinition-conformance-derivedFrom">
        <valueCanonical value="http://www.saude.gov.br/fhir/r4/ImplementationGuide/hl7.fhir.br.rac"/>
      </extension>
    </valueInteger>
  </extension>
  <extension url="http://hl7.org/fhir/StructureDefinition/structuredefinition-standards-status">
    <valueCode value="informative">
      <extension url="http://hl7.org/fhir/StructureDefinition/structuredefinition-conformance-derivedFrom">
        <valueCanonical value="http://www.saude.gov.br/fhir/r4/ImplementationGuide/hl7.fhir.br.rac"/>
      </extension>
    </valueCode>
  </extension>
  <url value="http://www.saude.gov.br/fhir/r4/CodeSystem/BRUnidadeMedida"/>
  <version value="0.1.0"/>
  <name value="BRUnidadeMedida"/>
  <title value="Unidade de Medida"/>
  <status value="active"/>
  <experimental value="false"/>
  <date value="2021-12-01T13:16:09.8385573+00:00"/>
  <publisher value="Ministério da Saúde do Brasil"/>
  <contact>
    <telecom>
      <system value="url"/>
      <value value="http://www.saude.gov.br"/>
    </telecom>
  </contact>
  <description value="Code System utilizado para definir a unidade de medida de um medicamento prescrito, para consumo ou especificação do fabricante."/>
  <jurisdiction>
    <coding>
      <system value="urn:iso:std:iso:3166"/>
      <code value="BR"/>
    </coding>
  </jurisdiction>
  <caseSensitive value="true"/>
  <content value="complete"/>
  <concept>
    <code value="1"/>
    <display value="Adesivo"/>
  </concept>
  <concept>
    <code value="2"/>
    <display value="Ampola"/>
  </concept>
  <concept>
    <code value="3"/>
    <display value="Anel"/>
  </concept>
  <concept>
    <code value="4"/>
    <display value="Aplicação"/>
  </concept>
  <concept>
    <code value="5"/>
    <display value="Aplicador"/>
  </concept>
  <concept>
    <code value="6"/>
    <display value="Atomização"/>
  </concept>
  <concept>
    <code value="7"/>
    <display value="Bandagem"/>
  </concept>
  <concept>
    <code value="8"/>
    <display value="Barra"/>
  </concept>
  <concept>
    <code value="9"/>
    <display value="Bisnaga"/>
  </concept>
  <concept>
    <code value="10"/>
    <display value="Blíster"/>
  </concept>
  <concept>
    <code value="11"/>
    <display value="Bolsa"/>
  </concept>
  <concept>
    <code value="12"/>
    <display value="Caixa"/>
  </concept>
  <concept>
    <code value="13"/>
    <display value="Cápsula"/>
  </concept>
  <concept>
    <code value="14"/>
    <display value="Carpule"/>
  </concept>
  <concept>
    <code value="15"/>
    <display value="Cartucho"/>
  </concept>
  <concept>
    <code value="16"/>
    <display value="Catéter"/>
  </concept>
  <concept>
    <code value="17"/>
    <display value="cm (Centímetro)"/>
  </concept>
  <concept>
    <code value="18"/>
    <display value="cm² (Centímetro Quadrado)"/>
  </concept>
  <concept>
    <code value="19"/>
    <display value="Comprimido"/>
  </concept>
  <concept>
    <code value="20"/>
    <display value="Desconhecido"/>
  </concept>
  <concept>
    <code value="21"/>
    <display value="Dispositivo"/>
  </concept>
  <concept>
    <code value="22"/>
    <display value="Dispositivo de injeção pré-carregado"/>
  </concept>
  <concept>
    <code value="23"/>
    <display value="Dose"/>
  </concept>
  <concept>
    <code value="24"/>
    <display value="Emplastro"/>
  </concept>
  <concept>
    <code value="25"/>
    <display value="Endosporos"/>
  </concept>
  <concept>
    <code value="26"/>
    <display value="Enema"/>
  </concept>
  <concept>
    <code value="27"/>
    <display value="Envelope"/>
  </concept>
  <concept>
    <code value="28"/>
    <display value="Estojo"/>
  </concept>
  <concept>
    <code value="29"/>
    <display value="Filme"/>
  </concept>
  <concept>
    <code value="30"/>
    <display value="Flaconete"/>
  </concept>
  <concept>
    <code value="31"/>
    <display value="Frasco"/>
  </concept>
  <concept>
    <code value="32"/>
    <display value="Frasco-ampola"/>
  </concept>
  <concept>
    <code value="33"/>
    <display value="g (Grama)"/>
  </concept>
  <concept>
    <code value="34"/>
    <display value="Goma"/>
  </concept>
  <concept>
    <code value="35"/>
    <display value="Gota"/>
  </concept>
  <concept>
    <code value="36"/>
    <display value="Hora"/>
  </concept>
  <concept>
    <code value="37"/>
    <display value="Implante"/>
  </concept>
  <concept>
    <code value="38"/>
    <display value="kg (Quilograma)"/>
  </concept>
  <concept>
    <code value="39"/>
    <display value="L (Litro)"/>
  </concept>
  <concept>
    <code value="40"/>
    <display value="Lata"/>
  </concept>
  <concept>
    <code value="41"/>
    <display value="m (Metro)"/>
  </concept>
  <concept>
    <code value="42"/>
    <display value="mEq (Miliequivalente)"/>
  </concept>
  <concept>
    <code value="43"/>
    <display value="mg (Miligrama)"/>
  </concept>
  <concept>
    <code value="44"/>
    <display value="Micrograma"/>
  </concept>
  <concept>
    <code value="45"/>
    <display value="Microlitro"/>
  </concept>
  <concept>
    <code value="46"/>
    <display value="Milhões"/>
  </concept>
  <concept>
    <code value="47"/>
    <display value="MUI (Milhões de unidades internacionais)"/>
  </concept>
  <concept>
    <code value="48"/>
    <display value="mL (Mililitro)"/>
  </concept>
  <concept>
    <code value="49"/>
    <display value="mm (Milímetro)"/>
  </concept>
  <concept>
    <code value="50"/>
    <display value="ng (Nanograma)"/>
  </concept>
  <concept>
    <code value="51"/>
    <display value="nL (Nanolitro)"/>
  </concept>
  <concept>
    <code value="52"/>
    <display value="Pastilha"/>
  </concept>
  <concept>
    <code value="53"/>
    <display value="Pastilha dura"/>
  </concept>
  <concept>
    <code value="54"/>
    <display value="Pastilha gomosa"/>
  </concept>
  <concept>
    <code value="55"/>
    <display value="Pílula"/>
  </concept>
  <concept>
    <code value="56"/>
    <display value="Saco"/>
  </concept>
  <concept>
    <code value="57"/>
    <display value="Seringa"/>
  </concept>
  <concept>
    <code value="58"/>
    <display value="Strip"/>
  </concept>
  <concept>
    <code value="59"/>
    <display value="Supositório"/>
  </concept>
  <concept>
    <code value="60"/>
    <display value="UI (Unidade Internacional)"/>
  </concept>
  <concept>
    <code value="61"/>
    <display value="UIC (Unidade Inibidora de Calicreína)"/>
  </concept>
  <concept>
    <code value="62"/>
    <display value="Unidade"/>
  </concept>
  <concept>
    <code value="63"/>
    <display value="UTR (Unidade Redutora da Turbidez)"/>
  </concept>
  <concept>
    <code value="64"/>
    <display value="Óvulo"/>
  </concept>
  <concept>
    <code value="66"/>
    <display value="Bastão"/>
  </concept>
  <concept>
    <code value="69"/>
    <display value="Capsula inalante"/>
  </concept>
  <concept>
    <code value="70"/>
    <display value="Cartão"/>
  </concept>
  <concept>
    <code value="71"/>
    <display value="Cartela"/>
  </concept>
  <concept>
    <code value="74"/>
    <display value="Drágea"/>
  </concept>
  <concept>
    <code value="75"/>
    <display value="Pote"/>
  </concept>
  <concept>
    <code value="76"/>
    <display value="Sachê"/>
  </concept>
  <concept>
    <code value="77"/>
    <display value="Seringa preenchida"/>
  </concept>
  <concept>
    <code value="78"/>
    <display value="Tablete"/>
  </concept>
  <concept>
    <code value="79"/>
    <display value="Tubete"/>
  </concept>
  <concept>
    <code value="80"/>
    <display value="Tubo"/>
  </concept>
  <concept>
    <code value="82"/>
    <display value="Glóbulo"/>
  </concept>
</CodeSystem>