<?xml version="1.0" encoding="UTF-8"?>

<CodeSystem xmlns="http://hl7.org/fhir">
  <id value="BRProcedencia"/>
  <meta>
    <lastUpdated value="2020-04-17T14:46:11.153+00:00"/>
  </meta>
  <language value="pt-BR"/>
  <text>
    <status value="generated"/><div xmlns="http://www.w3.org/1999/xhtml" xml:lang="pt-BR" lang="pt-BR"><p class="res-header-id"><b>Generated Narrative: CodeSystem BRProcedencia</b></p><a name="BRProcedencia"> </a><a name="hcBRProcedencia"> </a><a name="BRProcedencia-und"> </a><div style="display: inline-block; background-color: #d9e0e7; padding: 6px; margin: 4px; border: 1px solid #8da1b4; border-radius: 5px; line-height: 60%"><p style="margin-bottom: 0px">Last updated: 2020-04-17 14:46:11+0000; Language: pt-BR</p></div><p>This case-sensitive code system <code>http://www.saude.gov.br/fhir/r4/CodeSystem/BRProcedencia</code> defines the following codes:</p><table class="codes"><tr><td style="white-space:nowrap"><b>Code</b></td><td><b>Display</b></td></tr><tr><td style="white-space:nowrap">09<a name="BRProcedencia-09"> </a></td><td>Demanda espontânea</td></tr><tr><td style="white-space:nowrap">10<a name="BRProcedencia-10"> </a></td><td>Ordem Judicial</td></tr><tr><td style="white-space:nowrap">11<a name="BRProcedencia-11"> </a></td><td>Retorno</td></tr><tr><td style="white-space:nowrap">12<a name="BRProcedencia-12"> </a></td><td>Demanda referenciada</td></tr><tr><td style="white-space:nowrap">99<a name="BRProcedencia-99"> </a></td><td>Informação ausente no modelo de origem</td></tr></table></div>
  </text>
  <extension url="http://hl7.org/fhir/StructureDefinition/structuredefinition-fmm">
    <valueInteger value="1">
      <extension url="http://hl7.org/fhir/StructureDefinition/structuredefinition-conformance-derivedFrom">
        <valueCanonical value="http://www.saude.gov.br/fhir/r4/ImplementationGuide/br.gov.saude.rnds.rac"/>
      </extension>
    </valueInteger>
  </extension>
  <extension url="http://hl7.org/fhir/StructureDefinition/structuredefinition-standards-status">
    <valueCode value="informative">
      <extension url="http://hl7.org/fhir/StructureDefinition/structuredefinition-conformance-derivedFrom">
        <valueCanonical value="http://www.saude.gov.br/fhir/r4/ImplementationGuide/br.gov.saude.rnds.rac"/>
      </extension>
    </valueCode>
  </extension>
  <url value="http://www.saude.gov.br/fhir/r4/CodeSystem/BRProcedencia"/>
  <version value="0.1.0"/>
  <name value="BRProcedencia"/>
  <title value="Procedência"/>
  <status value="active"/>
  <experimental value="false"/>
  <date value="2020-04-17T14:46:08.158574+00:00"/>
  <publisher value="Ministério da Saúde do Brasil"/>
  <contact>
    <telecom>
      <system value="url"/>
      <value value="http://www.saude.gov.br"/>
    </telecom>
  </contact>
  <description value="Identifica o serviço que encaminhou o indivíduo ou a sua iniciativa/de seu responsável na busca pelo acesso ao serviço de saúde."/>
  <jurisdiction>
    <coding>
      <system value="urn:iso:std:iso:3166"/>
      <code value="BR"/>
    </coding>
  </jurisdiction>
  <caseSensitive value="true"/>
  <content value="complete"/>
  <concept>
    <code value="09"/>
    <display value="Demanda espontânea"/>
  </concept>
  <concept>
    <code value="10"/>
    <display value="Ordem Judicial"/>
  </concept>
  <concept>
    <code value="11"/>
    <display value="Retorno"/>
  </concept>
  <concept>
    <code value="12"/>
    <display value="Demanda referenciada"/>
  </concept>
  <concept>
    <code value="99"/>
    <display value="Informação ausente no modelo de origem"/>
  </concept>
</CodeSystem>