<?xml version="1.0" encoding="UTF-8"?>

<ImplementationGuide xmlns="http://hl7.org/fhir">
  <id value="hl7.fhir.br.rac"/>
  <text>
    <status value="extensions"/><div xmlns="http://www.w3.org/1999/xhtml"><h2>RACRNDSIG</h2><p>The official URL for this implementation guide is: </p><pre>http://www.saude.gov.br/fhir/r4/ImplementationGuide/hl7.fhir.br.rac</pre><div><p>Guia de Implementação da Rede Nacional de Dados em Saúde (RNDS)</p>
</div></div>
  </text>
  <extension url="http://hl7.org/fhir/StructureDefinition/structuredefinition-standards-status">
    <valueCode value="informative"/>
  </extension>
  <extension url="http://hl7.org/fhir/StructureDefinition/structuredefinition-fmm">
    <valueInteger value="1"/>
  </extension>
  <url value="http://www.saude.gov.br/fhir/r4/ImplementationGuide/hl7.fhir.br.rac"/>
  <version value="0.1.0"/>
  <name value="RACRNDSIG"/>
  <title value="Guia de Implementação do Registro de Atendimento Clínico (RAC) da RNDS"/>
  <status value="active"/>
  <experimental value="false"/>
  <date value="2024-02-07T09:19:37-03:00"/>
  <publisher value="Ministério da Saúde do Brasil"/>
  <contact>
    <telecom>
      <system value="url"/>
      <value value="http://www.saude.gov.br"/>
    </telecom>
  </contact>
  <description value="Guia de Implementação da Rede Nacional de Dados em Saúde (RNDS)"/>
  <jurisdiction>
    <coding>
      <system value="urn:iso:std:iso:3166"/>
      <code value="BR"/>
    </coding>
  </jurisdiction>
  <packageId value="hl7.fhir.br.rac"/>
  <license value="CC0-1.0"/>
  <fhirVersion value="4.0.1"/>
  <dependsOn id="hl7tx">
    <extension url="http://hl7.org/fhir/tools/StructureDefinition/implementationguide-dependency-comment">
      <valueMarkdown value="Automatically added as a dependency - all IGs depend on HL7 Terminology"/>
    </extension>
    <uri value="http://terminology.hl7.org/ImplementationGuide/hl7.terminology"/>
    <packageId value="hl7.terminology.r4"/>
    <version value="5.3.0"/>
  </dependsOn>
  <dependsOn id="hl7ext">
    <extension url="http://hl7.org/fhir/tools/StructureDefinition/implementationguide-dependency-comment">
      <valueMarkdown value="Automatically added as a dependency - all IGs depend on the HL7 Extension Pack"/>
    </extension>
    <uri value="http://hl7.org/fhir/extensions/ImplementationGuide/hl7.fhir.uv.extensions"/>
    <packageId value="hl7.fhir.uv.extensions.r4"/>
    <version value="1.0.0"/>
  </dependsOn>
  <definition>
    <extension url="http://hl7.org/fhir/tools/StructureDefinition/ig-parameter">
      <extension url="code">
        <valueString value="copyrightyear"/>
      </extension>
      <extension url="value">
        <valueString value="2023+"/>
      </extension>
    </extension>
    <extension url="http://hl7.org/fhir/tools/StructureDefinition/ig-parameter">
      <extension url="code">
        <valueString value="releaselabel"/>
      </extension>
      <extension url="value">
        <valueString value="CI Build"/>
      </extension>
    </extension>
    <extension url="http://hl7.org/fhir/tools/StructureDefinition/ig-parameter">
      <extension url="code">
        <valueString value="shownav"/>
      </extension>
      <extension url="value">
        <valueString value="true"/>
      </extension>
    </extension>
    <extension url="http://hl7.org/fhir/tools/StructureDefinition/ig-parameter">
      <extension url="code">
        <valueString value="autoload-resources"/>
      </extension>
      <extension url="value">
        <valueString value="true"/>
      </extension>
    </extension>
    <extension url="http://hl7.org/fhir/tools/StructureDefinition/ig-parameter">
      <extension url="code">
        <valueString value="path-liquid"/>
      </extension>
      <extension url="value">
        <valueString value="template/liquid"/>
      </extension>
    </extension>
    <extension url="http://hl7.org/fhir/tools/StructureDefinition/ig-parameter">
      <extension url="code">
        <valueString value="path-liquid"/>
      </extension>
      <extension url="value">
        <valueString value="input/liquid"/>
      </extension>
    </extension>
    <extension url="http://hl7.org/fhir/tools/StructureDefinition/ig-parameter">
      <extension url="code">
        <valueString value="path-qa"/>
      </extension>
      <extension url="value">
        <valueString value="temp/qa"/>
      </extension>
    </extension>
    <extension url="http://hl7.org/fhir/tools/StructureDefinition/ig-parameter">
      <extension url="code">
        <valueString value="path-temp"/>
      </extension>
      <extension url="value">
        <valueString value="temp/pages"/>
      </extension>
    </extension>
    <extension url="http://hl7.org/fhir/tools/StructureDefinition/ig-parameter">
      <extension url="code">
        <valueString value="path-output"/>
      </extension>
      <extension url="value">
        <valueString value="output"/>
      </extension>
    </extension>
    <extension url="http://hl7.org/fhir/tools/StructureDefinition/ig-parameter">
      <extension url="code">
        <valueString value="path-suppressed-warnings"/>
      </extension>
      <extension url="value">
        <valueString value="input/ignoreWarnings.txt"/>
      </extension>
    </extension>
    <extension url="http://hl7.org/fhir/tools/StructureDefinition/ig-parameter">
      <extension url="code">
        <valueString value="path-history"/>
      </extension>
      <extension url="value">
        <valueString value="http://www.saude.gov.br/fhir/r4/history.html"/>
      </extension>
    </extension>
    <extension url="http://hl7.org/fhir/tools/StructureDefinition/ig-parameter">
      <extension url="code">
        <valueString value="template-html"/>
      </extension>
      <extension url="value">
        <valueString value="template-page.html"/>
      </extension>
    </extension>
    <extension url="http://hl7.org/fhir/tools/StructureDefinition/ig-parameter">
      <extension url="code">
        <valueString value="template-md"/>
      </extension>
      <extension url="value">
        <valueString value="template-page-md.html"/>
      </extension>
    </extension>
    <extension url="http://hl7.org/fhir/tools/StructureDefinition/ig-parameter">
      <extension url="code">
        <valueString value="apply-contact"/>
      </extension>
      <extension url="value">
        <valueString value="true"/>
      </extension>
    </extension>
    <extension url="http://hl7.org/fhir/tools/StructureDefinition/ig-parameter">
      <extension url="code">
        <valueString value="apply-context"/>
      </extension>
      <extension url="value">
        <valueString value="true"/>
      </extension>
    </extension>
    <extension url="http://hl7.org/fhir/tools/StructureDefinition/ig-parameter">
      <extension url="code">
        <valueString value="apply-copyright"/>
      </extension>
      <extension url="value">
        <valueString value="true"/>
      </extension>
    </extension>
    <extension url="http://hl7.org/fhir/tools/StructureDefinition/ig-parameter">
      <extension url="code">
        <valueString value="apply-jurisdiction"/>
      </extension>
      <extension url="value">
        <valueString value="true"/>
      </extension>
    </extension>
    <extension url="http://hl7.org/fhir/tools/StructureDefinition/ig-parameter">
      <extension url="code">
        <valueString value="apply-license"/>
      </extension>
      <extension url="value">
        <valueString value="true"/>
      </extension>
    </extension>
    <extension url="http://hl7.org/fhir/tools/StructureDefinition/ig-parameter">
      <extension url="code">
        <valueString value="apply-publisher"/>
      </extension>
      <extension url="value">
        <valueString value="true"/>
      </extension>
    </extension>
    <extension url="http://hl7.org/fhir/tools/StructureDefinition/ig-parameter">
      <extension url="code">
        <valueString value="apply-version"/>
      </extension>
      <extension url="value">
        <valueString value="true"/>
      </extension>
    </extension>
    <extension url="http://hl7.org/fhir/tools/StructureDefinition/ig-parameter">
      <extension url="code">
        <valueString value="apply-wg"/>
      </extension>
      <extension url="value">
        <valueString value="true"/>
      </extension>
    </extension>
    <extension url="http://hl7.org/fhir/tools/StructureDefinition/ig-parameter">
      <extension url="code">
        <valueString value="active-tables"/>
      </extension>
      <extension url="value">
        <valueString value="true"/>
      </extension>
    </extension>
    <extension url="http://hl7.org/fhir/tools/StructureDefinition/ig-parameter">
      <extension url="code">
        <valueString value="fmm-definition"/>
      </extension>
      <extension url="value">
        <valueString value="http://hl7.org/fhir/versions.html#maturity"/>
      </extension>
    </extension>
    <extension url="http://hl7.org/fhir/tools/StructureDefinition/ig-parameter">
      <extension url="code">
        <valueString value="propagate-status"/>
      </extension>
      <extension url="value">
        <valueString value="true"/>
      </extension>
    </extension>
    <extension url="http://hl7.org/fhir/tools/StructureDefinition/ig-parameter">
      <extension url="code">
        <valueString value="excludelogbinaryformat"/>
      </extension>
      <extension url="value">
        <valueString value="true"/>
      </extension>
    </extension>
    <extension url="http://hl7.org/fhir/tools/StructureDefinition/ig-parameter">
      <extension url="code">
        <valueString value="tabbed-snapshots"/>
      </extension>
      <extension url="value">
        <valueString value="true"/>
      </extension>
    </extension>
    <extension url="http://hl7.org/fhir/tools/StructureDefinition/ig-internal-dependency">
      <valueCode value="hl7.fhir.uv.tools#0.1.0"/>
    </extension>
    <extension url="http://hl7.org/fhir/tools/StructureDefinition/ig-parameter">
      <extension url="code">
        <valueCode value="copyrightyear"/>
      </extension>
      <extension url="value">
        <valueString value="2023+"/>
      </extension>
    </extension>
    <extension url="http://hl7.org/fhir/tools/StructureDefinition/ig-parameter">
      <extension url="code">
        <valueCode value="releaselabel"/>
      </extension>
      <extension url="value">
        <valueString value="CI Build"/>
      </extension>
    </extension>
    <extension url="http://hl7.org/fhir/tools/StructureDefinition/ig-parameter">
      <extension url="code">
        <valueCode value="shownav"/>
      </extension>
      <extension url="value">
        <valueString value="true"/>
      </extension>
    </extension>
    <extension url="http://hl7.org/fhir/tools/StructureDefinition/ig-parameter">
      <extension url="code">
        <valueCode value="autoload-resources"/>
      </extension>
      <extension url="value">
        <valueString value="true"/>
      </extension>
    </extension>
    <extension url="http://hl7.org/fhir/tools/StructureDefinition/ig-parameter">
      <extension url="code">
        <valueCode value="path-liquid"/>
      </extension>
      <extension url="value">
        <valueString value="template/liquid"/>
      </extension>
    </extension>
    <extension url="http://hl7.org/fhir/tools/StructureDefinition/ig-parameter">
      <extension url="code">
        <valueCode value="path-liquid"/>
      </extension>
      <extension url="value">
        <valueString value="input/liquid"/>
      </extension>
    </extension>
    <extension url="http://hl7.org/fhir/tools/StructureDefinition/ig-parameter">
      <extension url="code">
        <valueCode value="path-qa"/>
      </extension>
      <extension url="value">
        <valueString value="temp/qa"/>
      </extension>
    </extension>
    <extension url="http://hl7.org/fhir/tools/StructureDefinition/ig-parameter">
      <extension url="code">
        <valueCode value="path-temp"/>
      </extension>
      <extension url="value">
        <valueString value="temp/pages"/>
      </extension>
    </extension>
    <extension url="http://hl7.org/fhir/tools/StructureDefinition/ig-parameter">
      <extension url="code">
        <valueCode value="path-output"/>
      </extension>
      <extension url="value">
        <valueString value="output"/>
      </extension>
    </extension>
    <extension url="http://hl7.org/fhir/tools/StructureDefinition/ig-parameter">
      <extension url="code">
        <valueCode value="path-suppressed-warnings"/>
      </extension>
      <extension url="value">
        <valueString value="input/ignoreWarnings.txt"/>
      </extension>
    </extension>
    <extension url="http://hl7.org/fhir/tools/StructureDefinition/ig-parameter">
      <extension url="code">
        <valueCode value="path-history"/>
      </extension>
      <extension url="value">
        <valueString value="http://www.saude.gov.br/fhir/r4/history.html"/>
      </extension>
    </extension>
    <extension url="http://hl7.org/fhir/tools/StructureDefinition/ig-parameter">
      <extension url="code">
        <valueCode value="template-html"/>
      </extension>
      <extension url="value">
        <valueString value="template-page.html"/>
      </extension>
    </extension>
    <extension url="http://hl7.org/fhir/tools/StructureDefinition/ig-parameter">
      <extension url="code">
        <valueCode value="template-md"/>
      </extension>
      <extension url="value">
        <valueString value="template-page-md.html"/>
      </extension>
    </extension>
    <extension url="http://hl7.org/fhir/tools/StructureDefinition/ig-parameter">
      <extension url="code">
        <valueCode value="apply-contact"/>
      </extension>
      <extension url="value">
        <valueString value="true"/>
      </extension>
    </extension>
    <extension url="http://hl7.org/fhir/tools/StructureDefinition/ig-parameter">
      <extension url="code">
        <valueCode value="apply-context"/>
      </extension>
      <extension url="value">
        <valueString value="true"/>
      </extension>
    </extension>
    <extension url="http://hl7.org/fhir/tools/StructureDefinition/ig-parameter">
      <extension url="code">
        <valueCode value="apply-copyright"/>
      </extension>
      <extension url="value">
        <valueString value="true"/>
      </extension>
    </extension>
    <extension url="http://hl7.org/fhir/tools/StructureDefinition/ig-parameter">
      <extension url="code">
        <valueCode value="apply-jurisdiction"/>
      </extension>
      <extension url="value">
        <valueString value="true"/>
      </extension>
    </extension>
    <extension url="http://hl7.org/fhir/tools/StructureDefinition/ig-parameter">
      <extension url="code">
        <valueCode value="apply-license"/>
      </extension>
      <extension url="value">
        <valueString value="true"/>
      </extension>
    </extension>
    <extension url="http://hl7.org/fhir/tools/StructureDefinition/ig-parameter">
      <extension url="code">
        <valueCode value="apply-publisher"/>
      </extension>
      <extension url="value">
        <valueString value="true"/>
      </extension>
    </extension>
    <extension url="http://hl7.org/fhir/tools/StructureDefinition/ig-parameter">
      <extension url="code">
        <valueCode value="apply-version"/>
      </extension>
      <extension url="value">
        <valueString value="true"/>
      </extension>
    </extension>
    <extension url="http://hl7.org/fhir/tools/StructureDefinition/ig-parameter">
      <extension url="code">
        <valueCode value="apply-wg"/>
      </extension>
      <extension url="value">
        <valueString value="true"/>
      </extension>
    </extension>
    <extension url="http://hl7.org/fhir/tools/StructureDefinition/ig-parameter">
      <extension url="code">
        <valueCode value="active-tables"/>
      </extension>
      <extension url="value">
        <valueString value="true"/>
      </extension>
    </extension>
    <extension url="http://hl7.org/fhir/tools/StructureDefinition/ig-parameter">
      <extension url="code">
        <valueCode value="fmm-definition"/>
      </extension>
      <extension url="value">
        <valueString value="http://hl7.org/fhir/versions.html#maturity"/>
      </extension>
    </extension>
    <extension url="http://hl7.org/fhir/tools/StructureDefinition/ig-parameter">
      <extension url="code">
        <valueCode value="propagate-status"/>
      </extension>
      <extension url="value">
        <valueString value="true"/>
      </extension>
    </extension>
    <extension url="http://hl7.org/fhir/tools/StructureDefinition/ig-parameter">
      <extension url="code">
        <valueCode value="excludelogbinaryformat"/>
      </extension>
      <extension url="value">
        <valueString value="true"/>
      </extension>
    </extension>
    <extension url="http://hl7.org/fhir/tools/StructureDefinition/ig-parameter">
      <extension url="code">
        <valueCode value="tabbed-snapshots"/>
      </extension>
      <extension url="value">
        <valueString value="true"/>
      </extension>
    </extension>
    <resource>
      <extension url="http://hl7.org/fhir/tools/StructureDefinition/resource-information">
        <valueString value="StructureDefinition:resource"/>
      </extension>
      <reference>
        <reference value="StructureDefinition/BRRegistroAtendimentoClinico"/>
      </reference>
      <name value="Registro de Atendimento Clínico (RAC)"/>
      <description value="Documento destinado a modelar dados essenciais de uma consulta realizada a um indivíduo no âmbito da atenção básica, especializada ou domiciliar."/>
    </resource>
    <resource>
      <extension url="http://hl7.org/fhir/tools/StructureDefinition/resource-information">
        <valueString value="StructureDefinition:resource"/>
      </extension>
      <reference>
        <reference value="StructureDefinition/BRLocalAtendimento-1.0"/>
      </reference>
      <name value="Local de Atendimento"/>
      <description value="Uma referência genérica aos locais onde um Contato Assistencial pode acontecer."/>
    </resource>
    <resource>
      <extension url="http://hl7.org/fhir/tools/StructureDefinition/resource-information">
        <valueString value="StructureDefinition:resource"/>
      </extension>
      <reference>
        <reference value="StructureDefinition/BRContatoAssistencial-1.0"/>
      </reference>
      <name value="Contato Assistencial"/>
      <description value="Resumo ou sumário referente a um atendimento ininterrupto dispensado a um indivíduo em uma mesma modalidade assistencial e em um mesmo estabelecimento de saúde, gerado após a conclusão deste atendimento."/>
    </resource>
    <resource>
      <extension url="http://hl7.org/fhir/tools/StructureDefinition/resource-information">
        <valueString value="StructureDefinition:resource"/>
      </extension>
      <reference>
        <reference value="StructureDefinition/BRProblemaDiagnostico"/>
      </reference>
      <name value="Problema / Diagnóstico"/>
      <description value="Problema e/ou diagnóstico atribuído pelo profissional de saúde ao indivíduo no contato assistencial."/>
    </resource>
    <resource>
      <extension url="http://hl7.org/fhir/tools/StructureDefinition/resource-information">
        <valueString value="StructureDefinition:resource"/>
      </extension>
      <reference>
        <reference value="StructureDefinition/BRMedidaObservada"/>
      </reference>
      <name value="Medida Observada"/>
      <description value="Registra as informações relacionadas a um tipo de observação."/>
    </resource>
    <resource>
      <extension url="http://hl7.org/fhir/tools/StructureDefinition/resource-information">
        <valueString value="StructureDefinition:resource"/>
      </extension>
      <reference>
        <reference value="StructureDefinition/BRObservacaoDescritiva-1.0"/>
      </reference>
      <name value="Observação Descritiva"/>
      <description value="Descrições textuais simples sobre um paciente."/>
    </resource>
    <resource>
      <extension url="http://hl7.org/fhir/tools/StructureDefinition/resource-information">
        <valueString value="StructureDefinition:resource"/>
      </extension>
      <reference>
        <reference value="StructureDefinition/BRAlergiaReacaoAdversa-1.0"/>
      </reference>
      <name value="Alergia ou Reação Adversa"/>
      <description value="Alergia ou Reação Adversa"/>
    </resource>
    <resource>
      <extension url="http://hl7.org/fhir/tools/StructureDefinition/resource-information">
        <valueString value="StructureDefinition:resource"/>
      </extension>
      <reference>
        <reference value="StructureDefinition/BRProcedimentoRealizado-1.0"/>
      </reference>
      <name value="Procedimento Realizado"/>
      <description value="Procedimento realizado em um indivíduo."/>
    </resource>
    <resource>
      <extension url="http://hl7.org/fhir/tools/StructureDefinition/resource-information">
        <valueString value="StructureDefinition:resource"/>
      </extension>
      <reference>
        <reference value="StructureDefinition/BRPlanoCuidados-1.0"/>
      </reference>
      <name value="Plano de Cuidados"/>
      <description value="Descreve o plano de cuidados, instruções e recomendações."/>
    </resource>
    <resource>
      <extension url="http://hl7.org/fhir/tools/StructureDefinition/resource-information">
        <valueString value="StructureDefinition:resource"/>
      </extension>
      <reference>
        <reference value="StructureDefinition/BRAtestado"/>
      </reference>
      <name value="Atestado Digital"/>
      <description value="Informações de atestado médico/odontológico"/>
    </resource>
    <resource>
      <extension url="http://hl7.org/fhir/tools/StructureDefinition/resource-information">
        <valueString value="StructureDefinition:resource"/>
      </extension>
      <reference>
        <reference value="StructureDefinition/BRCID10Avaliado-1.0"/>
      </reference>
      <name value="CID10 Avaliado"/>
      <description value="Diagnóstico atribuído pelo profissional de saúde ao indivíduo no contato assistencial."/>
    </resource>
    <resource>
      <extension url="http://hl7.org/fhir/tools/StructureDefinition/resource-information">
        <valueString value="StructureDefinition:resource"/>
      </extension>
      <reference>
        <reference value="StructureDefinition/BRRegistroPrescricaoMedicamento"/>
      </reference>
      <name value="Registro de Prescrição de Medicamento"/>
      <description value="Modelo que gera o documento de Registro de Prescrição de Medicamento"/>
    </resource>
    <resource>
      <extension url="http://hl7.org/fhir/tools/StructureDefinition/resource-information">
        <valueString value="StructureDefinition:resource"/>
      </extension>
      <reference>
        <reference value="StructureDefinition/BRPrescricaoMedicamento"/>
      </reference>
      <name value="Prescrição de Medicamento"/>
      <description value="Prescrição de Medicamento"/>
    </resource>
    <resource>
      <extension url="http://hl7.org/fhir/tools/StructureDefinition/resource-information">
        <valueString value="StructureDefinition:resource"/>
      </extension>
      <reference>
        <reference value="StructureDefinition/BRMedicamento"/>
      </reference>
      <name value="Medicamento"/>
      <description value="Medicamento"/>
    </resource>
    <resource>
      <extension url="http://hl7.org/fhir/tools/StructureDefinition/resource-information">
        <valueString value="StructureDefinition:extension"/>
      </extension>
      <reference>
        <reference value="StructureDefinition/BRIndividuoNaoIdentificado-1.0"/>
      </reference>
      <name value="Informações Complementares de Indivíduos Não Identificados"/>
      <description value="Informações complementares necessárias ao Contato Assistencial na hipótese do indivíduo não poder ser identificado."/>
    </resource>
    <resource>
      <extension url="http://hl7.org/fhir/tools/StructureDefinition/resource-information">
        <valueString value="StructureDefinition:extension"/>
      </extension>
      <reference>
        <reference value="StructureDefinition/BRIdentificacaoEquipe-1.0"/>
      </reference>
      <name value="Identificador Nacional de Equipe"/>
      <description value="Extensão para permitir informar o código do Identificador Nacional de Equipe."/>
    </resource>
    <resource>
      <extension url="http://hl7.org/fhir/tools/StructureDefinition/resource-information">
        <valueString value="StructureDefinition:extension"/>
      </extension>
      <reference>
        <reference value="StructureDefinition/BROcupacao-1.0"/>
      </reference>
      <name value="Ocupação"/>
    </resource>
    <resource>
      <extension url="http://hl7.org/fhir/tools/StructureDefinition/resource-information">
        <valueString value="StructureDefinition:extension"/>
      </extension>
      <reference>
        <reference value="StructureDefinition/BRResponsavelAtendimento"/>
      </reference>
      <name value="Responsável pelo Atendimento"/>
      <description value="Representa se o profissional foi o responsável pelo atendimento registrado."/>
    </resource>
    <resource>
      <extension url="http://hl7.org/fhir/tools/StructureDefinition/resource-information">
        <valueString value="StructureDefinition:extension"/>
      </extension>
      <reference>
        <reference value="StructureDefinition/BRRoupasUsadasMedicao"/>
      </reference>
      <name value="Roupas Usadas na Medição"/>
      <description value="Descreve o tipo de roupas usadas durante a medição com base no código LOINC 8352-7."/>
    </resource>
    <resource>
      <extension url="http://hl7.org/fhir/tools/StructureDefinition/resource-information">
        <valueString value="StructureDefinition:extension"/>
      </extension>
      <reference>
        <reference value="StructureDefinition/BROrigemMedida"/>
      </reference>
      <name value="Origem da Medição"/>
      <description value="Extensão para incluir a origem da medição corpórea (altura e peso)."/>
    </resource>
    <resource>
      <extension url="http://hl7.org/fhir/tools/StructureDefinition/resource-information">
        <valueString value="StructureDefinition:extension"/>
      </extension>
      <reference>
        <reference value="StructureDefinition/BRFinanciamento-1.0"/>
      </reference>
      <name value="Financiamento"/>
      <description value="Extensão utilizada para identificar financiamento."/>
    </resource>
    <resource>
      <extension url="http://hl7.org/fhir/tools/StructureDefinition/resource-information">
        <valueString value="StructureDefinition:extension"/>
      </extension>
      <reference>
        <reference value="StructureDefinition/BROutrasInformacoes"/>
      </reference>
      <name value="Outras Informações"/>
      <description value="Representa quaisquer outras informações acerca dos dados de desfecho do atendimento registrado."/>
    </resource>
    <resource>
      <extension url="http://hl7.org/fhir/tools/StructureDefinition/resource-information">
        <valueString value="StructureDefinition:extension"/>
      </extension>
      <reference>
        <reference value="StructureDefinition/BRQuantidade-1.0"/>
      </reference>
      <name value="Quantidade"/>
      <description value="Extensão para identificar quantidades."/>
    </resource>
    <resource>
      <extension url="http://hl7.org/fhir/tools/StructureDefinition/resource-information">
        <valueString value="StructureDefinition:extension"/>
      </extension>
      <reference>
        <reference value="StructureDefinition/BRTurno"/>
      </reference>
      <name value="Turno"/>
      <description value="Extensão para descrever uma unidade de tempo referenciada pelo UCUM."/>
    </resource>
    <resource>
      <extension url="http://hl7.org/fhir/tools/StructureDefinition/resource-information">
        <valueString value="StructureDefinition:extension"/>
      </extension>
      <reference>
        <reference value="StructureDefinition/BRIntervaloDoses"/>
      </reference>
      <name value="Intervalo de Doses"/>
      <description value="Extensão para descrever uma unidade de tempo referenciada pelo UCUM."/>
    </resource>
    <resource>
      <extension url="http://hl7.org/fhir/tools/StructureDefinition/resource-information">
        <valueString value="StructureDefinition:extension"/>
      </extension>
      <reference>
        <reference value="StructureDefinition/BRCodigoSerialMedicamento"/>
      </reference>
      <name value="Código Serial de Medicamento"/>
      <description value="Código Serial de Medicamento"/>
    </resource>
    <resource>
      <extension url="http://hl7.org/fhir/tools/StructureDefinition/resource-information">
        <valueString value="CodeSystem"/>
      </extension>
      <reference>
        <reference value="CodeSystem/BRProcedencia"/>
      </reference>
      <name value="Procedência"/>
      <description value="Identifica o serviço que encaminhou o indivíduo ou a sua iniciativa/de seu responsável na busca pelo acesso ao serviço de saúde."/>
    </resource>
    <resource>
      <extension url="http://hl7.org/fhir/tools/StructureDefinition/resource-information">
        <valueString value="CodeSystem"/>
      </extension>
      <reference>
        <reference value="CodeSystem/BRModalidadeAssistencial"/>
      </reference>
      <name value="Modalidade Assistencial"/>
      <description value="Classifica os contatos assistenciais de acordo com as especificidades do modo, local e duração do atendimento"/>
    </resource>
    <resource>
      <extension url="http://hl7.org/fhir/tools/StructureDefinition/resource-information">
        <valueString value="CodeSystem"/>
      </extension>
      <reference>
        <reference value="CodeSystem/BRCaraterAtendimento"/>
      </reference>
      <name value="Caráter de Atendimento"/>
      <description value="Terminologia que classifica a prioridade de realização de um Contato Assistencial."/>
    </resource>
    <resource>
      <extension url="http://hl7.org/fhir/tools/StructureDefinition/resource-information">
        <valueString value="CodeSystem"/>
      </extension>
      <reference>
        <reference value="CodeSystem/BRCID10"/>
      </reference>
      <name value="Classificação Internacional de Doenças - Décima Revisão - CID-10"/>
      <description value="Classifica as doenças e outros problemas em saúde registrados em diversos tipos de documentos clínicos."/>
    </resource>
    <resource>
      <extension url="http://hl7.org/fhir/tools/StructureDefinition/resource-information">
        <valueString value="CodeSystem"/>
      </extension>
      <reference>
        <reference value="CodeSystem/BRCIAP2"/>
      </reference>
      <name value="Classificação Internacional de Atenção Primária - Segunda Edição - CIAP2"/>
      <description value="Classifica os problemas identificados no contato assistencial pelos profissionais de saúde, os motivos da contato assistencial e as respostas propostas pela equipe seguindo a sistematização SOAP."/>
    </resource>
    <resource>
      <extension url="http://hl7.org/fhir/tools/StructureDefinition/resource-information">
        <valueString value="CodeSystem"/>
      </extension>
      <reference>
        <reference value="CodeSystem/BRCBO"/>
      </reference>
      <name value="Classificação Brasileira de Ocupações - CBO"/>
      <description value="Classifica as profissões do mercado de trabalho brasileiro."/>
    </resource>
    <resource>
      <extension url="http://hl7.org/fhir/tools/StructureDefinition/resource-information">
        <valueString value="CodeSystem"/>
      </extension>
      <reference>
        <reference value="CodeSystem/BRPosicaoIndividuo"/>
      </reference>
      <name value="Posição do Indivíduo"/>
      <description value="Identifica a posição de um indivíduo em um determinado contexto."/>
    </resource>
    <resource>
      <extension url="http://hl7.org/fhir/tools/StructureDefinition/resource-information">
        <valueString value="CodeSystem"/>
      </extension>
      <reference>
        <reference value="CodeSystem/BRLocalAfericao"/>
      </reference>
      <name value="Local de Aferição"/>
      <description value="Identifica a parte do corpo utilizada para realizar uma mensuração ou aferição."/>
    </resource>
    <resource>
      <extension url="http://hl7.org/fhir/tools/StructureDefinition/resource-information">
        <valueString value="CodeSystem"/>
      </extension>
      <reference>
        <reference value="CodeSystem/BRTipoAleitamentoMaterno"/>
      </reference>
      <name value="Tipo de Aleitamento Materno"/>
      <description value="Classifica o tipo de aleitamento materno realizado a uma criança."/>
    </resource>
    <resource>
      <extension url="http://hl7.org/fhir/tools/StructureDefinition/resource-information">
        <valueString value="CodeSystem"/>
      </extension>
      <reference>
        <reference value="CodeSystem/BRTipoSubstanciaUso"/>
      </reference>
      <name value="Tipo de Substância em Uso"/>
      <description value="Identifica o tipo de substância em uso conforme declaração do indivíduo, de acordo com o especificado no modelo de informação do Registro de Atendimento Clínico da Resolução CIT nº 33/2018."/>
    </resource>
    <resource>
      <extension url="http://hl7.org/fhir/tools/StructureDefinition/resource-information">
        <valueString value="CodeSystem"/>
      </extension>
      <reference>
        <reference value="CodeSystem/BRFrequenciaUsoSubstancia"/>
      </reference>
      <name value="Frequência de Uso de Substância"/>
      <description value="Identifica a frequência de uso da substância conforme declaração do indivíduo, de acordo com o especificado no modelo de informação do Registro de Atendimento Clínico da Resolução CIT nº 33/2018."/>
    </resource>
    <resource>
      <extension url="http://hl7.org/fhir/tools/StructureDefinition/resource-information">
        <valueString value="CodeSystem"/>
      </extension>
      <reference>
        <reference value="CodeSystem/BRCategoriaDiagnostico"/>
      </reference>
      <name value="Categoria do Diagnóstico"/>
      <description value="Códigos para representação do tipo de categoria do diagnóstico realizado."/>
    </resource>
    <resource>
      <extension url="http://hl7.org/fhir/tools/StructureDefinition/resource-information">
        <valueString value="CodeSystem"/>
      </extension>
      <reference>
        <reference value="CodeSystem/BRMedDRA"/>
      </reference>
      <name value="Medical Dictionary for Regulatory Activities (MedDRA)"/>
      <description value="Medical Dictionary for Regulatory Activities."/>
    </resource>
    <resource>
      <extension url="http://hl7.org/fhir/tools/StructureDefinition/resource-information">
        <valueString value="CodeSystem"/>
      </extension>
      <reference>
        <reference value="CodeSystem/BRCBHPMTUSS"/>
      </reference>
      <name value="Classificação Brasileira Hierarquizada de Procedimentos Médicos - CBHPM e da Terminologia Unificada da Saúde Suplementar - TUSS"/>
      <description value="Classificações de procedimentos utilizadas no Brasil, no contexto da assistência à saúde privada, não complementar ao SUS, e eventualmente no SUS para classificar procedimento inexistente na Tabela SUS."/>
    </resource>
    <resource>
      <extension url="http://hl7.org/fhir/tools/StructureDefinition/resource-information">
        <valueString value="CodeSystem"/>
      </extension>
      <reference>
        <reference value="CodeSystem/BRTabelaSUS"/>
      </reference>
      <name value="Tabela de procedimentos, medicamentos e OPM do SUS"/>
      <description value="Padroniza os códigos e as nomenclaturas dos procedimentos, medicamentos e OPM para as informações trafegadas no SUS"/>
    </resource>
    <resource>
      <extension url="http://hl7.org/fhir/tools/StructureDefinition/resource-information">
        <valueString value="CodeSystem"/>
      </extension>
      <reference>
        <reference value="CodeSystem/BRObmAMPP"/>
      </reference>
      <name value="Terminologia de Produto Medicinal Comercial com Apresentação (AMPP) na Ontologia Brasileira de Medicamentos (OBM)"/>
      <description value="Apresenta o Terminologia de Produto Medicinal Comercial com Apresentação (AMPP) e seu Código na Ontologia Brasileira de Medicamentos (OBM)"/>
    </resource>
    <resource>
      <extension url="http://hl7.org/fhir/tools/StructureDefinition/resource-information">
        <valueString value="CodeSystem"/>
      </extension>
      <reference>
        <reference value="CodeSystem/BRObmANVISA"/>
      </reference>
      <name value="Terminologia de Produto Medicinal Comercial com Apresentação (AMPP) na Agência Nacional de Vigilância Sanitária (Anvisa)"/>
      <description value="Apresenta o Produto Medicinal Comercial com Apresentação (AMPP) e seu Código de Registro na Agência Nacional de Vigilância Sanitária (Anvisa)"/>
    </resource>
    <resource>
      <extension url="http://hl7.org/fhir/tools/StructureDefinition/resource-information">
        <valueString value="CodeSystem"/>
      </extension>
      <reference>
        <reference value="CodeSystem/BRObmCATMAT"/>
      </reference>
      <name value="Terminologia de Produto Medicinal Virtual (VMP) no Catálogo de Materiais (CATMAT)"/>
      <description value="Apresenta o Produto Medicinal Virtual (VMP) e seu código no Catálogo de Materiais (CATMAT)"/>
    </resource>
    <resource>
      <extension url="http://hl7.org/fhir/tools/StructureDefinition/resource-information">
        <valueString value="CodeSystem"/>
      </extension>
      <reference>
        <reference value="CodeSystem/BRObmEAN"/>
      </reference>
      <name value="Terminologia de Produto Medicinal Virtual (VMP) na GS1.org"/>
      <description value="Apresenta o Produto Medicinal Virtual (VMP) e seu Número Europeu do Artigo (EAN) na GS1.org"/>
    </resource>
    <resource>
      <extension url="http://hl7.org/fhir/tools/StructureDefinition/resource-information">
        <valueString value="CodeSystem"/>
      </extension>
      <reference>
        <reference value="CodeSystem/BRObmVMP"/>
      </reference>
      <name value="Terminologia de Produto Medicinal Virtual (VMP) na Ontologia Brasileira de Medicamentos (OBM)"/>
      <description value="Apresenta o Produto Medicinal Virtual (VMP) e seu Código na Ontologia Brasileira de Medicamentos (OBM)"/>
    </resource>
    <resource>
      <extension url="http://hl7.org/fhir/tools/StructureDefinition/resource-information">
        <valueString value="CodeSystem"/>
      </extension>
      <reference>
        <reference value="CodeSystem/BRViaAdministracao"/>
      </reference>
      <name value="Via de Administração"/>
      <description value="Classifica a via na qual foi administrada uma substância em um indivíduo."/>
    </resource>
    <resource>
      <extension url="http://hl7.org/fhir/tools/StructureDefinition/resource-information">
        <valueString value="CodeSystem"/>
      </extension>
      <reference>
        <reference value="CodeSystem/BRUnidadeMedida"/>
      </reference>
      <name value="Unidade de Medida"/>
      <description value="Code System utilizado para definir a unidade de medida de um medicamento prescrito, para consumo ou especificação do fabricante."/>
    </resource>
    <resource>
      <extension url="http://hl7.org/fhir/tools/StructureDefinition/resource-information">
        <valueString value="CodeSystem"/>
      </extension>
      <reference>
        <reference value="CodeSystem/BRMotivoDesfecho"/>
      </reference>
      <name value="Motivo do Desfecho"/>
      <description value="Caracteriza o motivo de conclusão total ou parcial do contato assistencial."/>
    </resource>
    <resource>
      <extension url="http://hl7.org/fhir/tools/StructureDefinition/resource-information">
        <valueString value="CodeSystem"/>
      </extension>
      <reference>
        <reference value="CodeSystem/BRTipoDocumento"/>
      </reference>
      <name value="Tipo de Documento"/>
      <description value="Classificação dos tipos de documentos compartilhados no Brasil."/>
    </resource>
    <resource>
      <extension url="http://hl7.org/fhir/tools/StructureDefinition/resource-information">
        <valueString value="CodeSystem"/>
      </extension>
      <reference>
        <reference value="CodeSystem/BRResponsabilidadeParticipante"/>
      </reference>
      <name value="Reponsabilidade no Contato Assistencial"/>
      <description value="Classifica o tipo de responsabilidade de indivíduos ou profissionais no Contato Assisntecial."/>
    </resource>
    <resource>
      <extension url="http://hl7.org/fhir/tools/StructureDefinition/resource-information">
        <valueString value="CodeSystem"/>
      </extension>
      <reference>
        <reference value="CodeSystem/BRPapelProblemaDiagnostico"/>
      </reference>
      <name value="Classificação do papel de um problema e diagnóstico"/>
      <description value="Classificação do papel de um problema/diagnóstico."/>
    </resource>
    <resource>
      <extension url="http://hl7.org/fhir/tools/StructureDefinition/resource-information">
        <valueString value="CodeSystem"/>
      </extension>
      <reference>
        <reference value="CodeSystem/BRFinanciamento"/>
      </reference>
      <name value="Financiamento"/>
      <description value="Terminologia que descreve o agente, instituição ou entidade responsável por custear as ações e serviços de saúde."/>
    </resource>
    <resource>
      <extension url="http://hl7.org/fhir/tools/StructureDefinition/resource-information">
        <valueString value="CodeSystem"/>
      </extension>
      <reference>
        <reference value="CodeSystem/BRTipoIdentificador"/>
      </reference>
      <name value="Tipo de Identificador"/>
      <description value="Classifica o tipo de indicador que está sendo utilizado."/>
    </resource>
    <resource>
      <extension url="http://hl7.org/fhir/tools/StructureDefinition/resource-information">
        <valueString value="CodeSystem"/>
      </extension>
      <reference>
        <reference value="CodeSystem/BRTipoObservacao"/>
      </reference>
      <name value="Tipo de Observação"/>
      <description value="Tipo de Observação."/>
    </resource>
    <resource>
      <extension url="http://hl7.org/fhir/tools/StructureDefinition/resource-information">
        <valueString value="CodeSystem"/>
      </extension>
      <reference>
        <reference value="CodeSystem/BRAlergenosCBARA"/>
      </reference>
      <name value="Catálogo Brasileiro de Alergias e Reações Adversas (CBARA)"/>
      <description value="Classifica as alergias e reações adversas."/>
    </resource>
    <resource>
      <extension url="http://hl7.org/fhir/tools/StructureDefinition/resource-information">
        <valueString value="CodeSystem"/>
      </extension>
      <reference>
        <reference value="CodeSystem/BRImunobiologico"/>
      </reference>
      <name value="Imunobiológico"/>
      <description value="Classifica os tipos de imunobiológicos."/>
    </resource>
    <resource>
      <extension url="http://hl7.org/fhir/tools/StructureDefinition/resource-information">
        <valueString value="CodeSystem"/>
      </extension>
      <reference>
        <reference value="CodeSystem/BRMedicamento"/>
      </reference>
      <name value="Medicamento"/>
      <description value="Drogas dirigidas para uso humano, apresentadas em sua formulação final."/>
    </resource>
    <resource>
      <extension url="http://hl7.org/fhir/tools/StructureDefinition/resource-information">
        <valueString value="CodeSystem"/>
      </extension>
      <reference>
        <reference value="CodeSystem/BRTurno"/>
      </reference>
      <name value="Turno do dia"/>
      <description value="Code System utilizado para definir o turno de um dia."/>
    </resource>
    <resource>
      <extension url="http://hl7.org/fhir/tools/StructureDefinition/resource-information">
        <valueString value="CodeSystem"/>
      </extension>
      <reference>
        <reference value="CodeSystem/BRUnidadeTempo"/>
      </reference>
      <name value="Unidade de tempo"/>
      <description value="Code System utilizado para definir a classe de unidades de tempo."/>
    </resource>
    <resource>
      <extension url="http://hl7.org/fhir/tools/StructureDefinition/resource-information">
        <valueString value="ValueSet"/>
      </extension>
      <reference>
        <reference value="ValueSet/BRProcedencia-1.0"/>
      </reference>
      <name value="Procedência do Contato Assistencial"/>
      <description value="Classifica o serviço que encaminhou o indivíduo ou a sua iniciativa/de seu responsável na busca pelo acesso ao serviço de saúde."/>
    </resource>
    <resource>
      <extension url="http://hl7.org/fhir/tools/StructureDefinition/resource-information">
        <valueString value="ValueSet"/>
      </extension>
      <reference>
        <reference value="ValueSet/BRModalidadeAssistencial-1.0"/>
      </reference>
      <name value="Modalidade Assistencial"/>
      <description value="Classificação dos documentos e contatos assistenciais de acordo com as especificidades do modo, local e duração do atendimento."/>
    </resource>
    <resource>
      <extension url="http://hl7.org/fhir/tools/StructureDefinition/resource-information">
        <valueString value="ValueSet"/>
      </extension>
      <reference>
        <reference value="ValueSet/BRCaraterAtendimento-1.0"/>
      </reference>
      <name value="Caráter de atendimento do Contato Assistencial"/>
      <description value="ValueSet utilizado para classificar a prioridade de realização de um Contato Assistencial."/>
    </resource>
    <resource>
      <extension url="http://hl7.org/fhir/tools/StructureDefinition/resource-information">
        <valueString value="ValueSet"/>
      </extension>
      <reference>
        <reference value="ValueSet/BRProblemaDiagnostico"/>
      </reference>
      <name value="Classificação Internacional de Doenças e Atenção Primária"/>
      <description value="Código Internacional de Atenção Primária (CIAP2) e Classificação Internacional de Doenças (CID10)"/>
    </resource>
    <resource>
      <extension url="http://hl7.org/fhir/tools/StructureDefinition/resource-information">
        <valueString value="ValueSet"/>
      </extension>
      <reference>
        <reference value="ValueSet/BROcupacao-1.0"/>
      </reference>
      <name value="Classificação Brasileira de Ocupações - CBO"/>
      <description value="Classifica as profissões do mercado de trabalho brasileiro."/>
    </resource>
    <resource>
      <extension url="http://hl7.org/fhir/tools/StructureDefinition/resource-information">
        <valueString value="ValueSet"/>
      </extension>
      <reference>
        <reference value="ValueSet/BRPosicaoIndividuo"/>
      </reference>
      <name value="Posição do Indivíduo"/>
      <description value="ValueSet utilizado para identificar a posição do indivíduo no momento da ação / procedimento."/>
    </resource>
    <resource>
      <extension url="http://hl7.org/fhir/tools/StructureDefinition/resource-information">
        <valueString value="ValueSet"/>
      </extension>
      <reference>
        <reference value="ValueSet/BRLocalAfericao-1.0"/>
      </reference>
      <name value="Local de Aferição"/>
      <description value="ValueSet utilizado para identificar a parte do corpo utilizada para aferir a pressão arterial."/>
    </resource>
    <resource>
      <extension url="http://hl7.org/fhir/tools/StructureDefinition/resource-information">
        <valueString value="ValueSet"/>
      </extension>
      <reference>
        <reference value="ValueSet/RoupasUsadasMedicao"/>
      </reference>
      <name value="Roupas Usadas na Medição"/>
      <description value="ValueSet utilizado para definir o tipo de roupa usada durante a medição corpórea com base na lista de respostas da LOINC de código LL742-8."/>
    </resource>
    <resource>
      <extension url="http://hl7.org/fhir/tools/StructureDefinition/resource-information">
        <valueString value="ValueSet"/>
      </extension>
      <reference>
        <reference value="ValueSet/BROrigemMedida"/>
      </reference>
      <name value="Origem de Medição"/>
      <description value="ValueSet utilizado para definir o tipo de medição corporal adotada."/>
    </resource>
    <resource>
      <extension url="http://hl7.org/fhir/tools/StructureDefinition/resource-information">
        <valueString value="ValueSet"/>
      </extension>
      <reference>
        <reference value="ValueSet/BRTipoAleitamentoMaterno-1.0"/>
      </reference>
      <name value="Tipo de Aleitamento Materno"/>
      <description value="Definição do tipo de aleitamento materno realizado a uma criança."/>
    </resource>
    <resource>
      <extension url="http://hl7.org/fhir/tools/StructureDefinition/resource-information">
        <valueString value="ValueSet"/>
      </extension>
      <reference>
        <reference value="ValueSet/BRTipoSubstanciaUso-1.0"/>
      </reference>
      <name value="Tipo de Substância em Uso"/>
      <description value="Identifica o tipo de substância em uso conforme declaração do indivíduo, de acordo com o especificado no modelo de informação do Registro de Atendimento Clínico da Resolução CIT nº 33/2018."/>
    </resource>
    <resource>
      <extension url="http://hl7.org/fhir/tools/StructureDefinition/resource-information">
        <valueString value="ValueSet"/>
      </extension>
      <reference>
        <reference value="ValueSet/BRFrequenciaUsoSubstancia"/>
      </reference>
      <name value="Frequência de Uso da Substância"/>
      <description value="Identifica a frequência de uso da substância em uso conforme declaração do indivíduo."/>
    </resource>
    <resource>
      <extension url="http://hl7.org/fhir/tools/StructureDefinition/resource-information">
        <valueString value="ValueSet"/>
      </extension>
      <reference>
        <reference value="ValueSet/BRCategoriaDiagnostico"/>
      </reference>
      <name value="Categoria do Diagnóstico"/>
      <description value="ValueSet utilizado para definir o tipo de categoria do diagnóstico realizado."/>
    </resource>
    <resource>
      <extension url="http://hl7.org/fhir/tools/StructureDefinition/resource-information">
        <valueString value="ValueSet"/>
      </extension>
      <reference>
        <reference value="ValueSet/BREstadoResolucaoDiagnosticoProblema-1.0"/>
      </reference>
      <name value="Estado da Resolução de Diagnóstico ou Problema"/>
      <description value="Estado da resolução de um diagnóstico ou problema."/>
    </resource>
    <resource>
      <extension url="http://hl7.org/fhir/tools/StructureDefinition/resource-information">
        <valueString value="ValueSet"/>
      </extension>
      <reference>
        <reference value="ValueSet/BRCategoriaAgenteAlergiasReacoesAdversas-1.0"/>
      </reference>
      <name value="Categoria do Agente da Alergia ou Reação Adversa"/>
      <description value="Categoriza a substância responsável por causar uma alergia ou reação adversa."/>
    </resource>
    <resource>
      <extension url="http://hl7.org/fhir/tools/StructureDefinition/resource-information">
        <valueString value="ValueSet"/>
      </extension>
      <reference>
        <reference value="ValueSet/BRReacoesAdversasMedDRA-1.0"/>
      </reference>
      <name value="Reações Adversas da MedDRA"/>
      <description value="Classifica as reações adversas de acordo com o Medical Dictionary for Regulatory Activities."/>
    </resource>
    <resource>
      <extension url="http://hl7.org/fhir/tools/StructureDefinition/resource-information">
        <valueString value="ValueSet"/>
      </extension>
      <reference>
        <reference value="ValueSet/BRGrauCertezaAlergiasReacoesAdversas-1.0"/>
      </reference>
      <name value="Grau de Certeza de Alergias e Reações Adversas"/>
      <description value="Indica o grau de certeza que se possui ao avaliar uma alergia ou reação adversa."/>
    </resource>
    <resource>
      <extension url="http://hl7.org/fhir/tools/StructureDefinition/resource-information">
        <valueString value="ValueSet"/>
      </extension>
      <reference>
        <reference value="ValueSet/BRCriticidadeAlergiasReacoesAdversas-1.0"/>
      </reference>
      <name value="Criticidade de Alergias e Reações Adversas"/>
      <description value="Indica o potencial de danos nos órgãos críticos do sistema ou consequência de ameaça à vida.."/>
    </resource>
    <resource>
      <extension url="http://hl7.org/fhir/tools/StructureDefinition/resource-information">
        <valueString value="ValueSet"/>
      </extension>
      <reference>
        <reference value="ValueSet/BRProcedimentosNacionais-1.0"/>
      </reference>
      <name value="Procedimento realizado"/>
      <description value="ValueSet das classificações brasileiras para procedimentos adotadas em contexto nacional, os CodeSystems apresentam os códigos da competência atual, para o envio de competência anterior os códigos devem ser consultados na RTS."/>
    </resource>
    <resource>
      <extension url="http://hl7.org/fhir/tools/StructureDefinition/resource-information">
        <valueString value="ValueSet"/>
      </extension>
      <reference>
        <reference value="ValueSet/BREstadoEvento-1.0"/>
      </reference>
      <name value="Estado do Evento"/>
      <description value="Identificação do estado de um evento."/>
    </resource>
    <resource>
      <extension url="http://hl7.org/fhir/tools/StructureDefinition/resource-information">
        <valueString value="ValueSet"/>
      </extension>
      <reference>
        <reference value="ValueSet/BRTerminologiaMedicamento"/>
      </reference>
      <name value="Terminologia dos medicamentos"/>
      <description value="ValueSet utilizado para definir a terminologia de um dado medicamento."/>
    </resource>
    <resource>
      <extension url="http://hl7.org/fhir/tools/StructureDefinition/resource-information">
        <valueString value="ValueSet"/>
      </extension>
      <reference>
        <reference value="ValueSet/BRViaAdministracao-1.0"/>
      </reference>
      <name value="Via de Administração do Imunobiológico"/>
      <description value="Via de administração de um imunobiológico."/>
    </resource>
    <resource>
      <extension url="http://hl7.org/fhir/tools/StructureDefinition/resource-information">
        <valueString value="ValueSet"/>
      </extension>
      <reference>
        <reference value="ValueSet/BRUnidadeConsumo"/>
      </reference>
      <name value="Unidade de Consumo"/>
      <description value="ValueSet utilizado para definir a unidade de consumo de um medicamento prescrito."/>
    </resource>
    <resource>
      <extension url="http://hl7.org/fhir/tools/StructureDefinition/resource-information">
        <valueString value="ValueSet"/>
      </extension>
      <reference>
        <reference value="ValueSet/BRUnidadeMedidaMedicamento"/>
      </reference>
      <name value="Unidade de Medida de Medicamento"/>
      <description value="ValueSet utilizado para definir a unidade de medida de medicamentos sob informações do fabricante."/>
    </resource>
    <resource>
      <extension url="http://hl7.org/fhir/tools/StructureDefinition/resource-information">
        <valueString value="ValueSet"/>
      </extension>
      <reference>
        <reference value="ValueSet/BREstadoSolicitacaoMedicamento-1.0"/>
      </reference>
      <name value="Estado da Solicitação de Medicamento"/>
      <description value="Estado da Solicitação de Medicamento"/>
    </resource>
    <resource>
      <extension url="http://hl7.org/fhir/tools/StructureDefinition/resource-information">
        <valueString value="ValueSet"/>
      </extension>
      <reference>
        <reference value="ValueSet/BRMotivoDesfecho-1.0"/>
      </reference>
      <name value="Motivo do desfecho do Contato Assistencial"/>
      <description value="ValueSet utilizado para classificar o motivo de conclusão total ou parcial do contato assistencial."/>
    </resource>
    <resource>
      <extension url="http://hl7.org/fhir/tools/StructureDefinition/resource-information">
        <valueString value="ValueSet"/>
      </extension>
      <reference>
        <reference value="ValueSet/BRTipoDocumento-1.0"/>
      </reference>
      <name value="Tipo de Documento"/>
      <description value="Classifica o tipo de documento que está sendo trafegado."/>
    </resource>
    <resource>
      <extension url="http://hl7.org/fhir/tools/StructureDefinition/resource-information">
        <valueString value="ValueSet"/>
      </extension>
      <reference>
        <reference value="ValueSet/BRResponsabilidadeParticipante-1.0"/>
      </reference>
      <name value="Reponsabilidade no Contato Assistencial"/>
      <description value="Classifica o tipo de responsabilidade de indivíduos ou profissionais no Contato Assistencial."/>
    </resource>
    <resource>
      <extension url="http://hl7.org/fhir/tools/StructureDefinition/resource-information">
        <valueString value="ValueSet"/>
      </extension>
      <reference>
        <reference value="ValueSet/BRPapelProblemaDiagnostico"/>
      </reference>
      <name value="Classificação do papel de um problema e diagnóstico"/>
      <description value="Tradução para o português do brasil da classificação do papel de um problema/diagnóstico."/>
    </resource>
    <resource>
      <extension url="http://hl7.org/fhir/tools/StructureDefinition/resource-information">
        <valueString value="ValueSet"/>
      </extension>
      <reference>
        <reference value="ValueSet/BRFinanciamento-1.0"/>
      </reference>
      <name value="Financiamento do procedimento realizado"/>
      <description value="Descreve o agente, instituição ou entidade responsável por custear as ações e serviços de saúde."/>
    </resource>
    <resource>
      <extension url="http://hl7.org/fhir/tools/StructureDefinition/resource-information">
        <valueString value="ValueSet"/>
      </extension>
      <reference>
        <reference value="ValueSet/BREstadoContatoAssistencial-1.0"/>
      </reference>
      <name value="Estado do Contato Assistencial"/>
      <description value="Classifica o estado de um Contato Assistencial."/>
    </resource>
    <resource>
      <extension url="http://hl7.org/fhir/tools/StructureDefinition/resource-information">
        <valueString value="ValueSet"/>
      </extension>
      <reference>
        <reference value="ValueSet/BRTipoIdentificadorProcedimento-1.0"/>
      </reference>
      <name value="Tipo de Identificador do Procedimento"/>
      <description value="Classifica o tipo de identificador que está sendo utilizado para o procedimento."/>
    </resource>
    <resource>
      <extension url="http://hl7.org/fhir/tools/StructureDefinition/resource-information">
        <valueString value="ValueSet"/>
      </extension>
      <reference>
        <reference value="ValueSet/BRCategoriaCondicao"/>
      </reference>
      <name value="Classificação de uma condição"/>
      <description value="Tradução para o português do brasil da classificação de uma condição"/>
    </resource>
    <resource>
      <extension url="http://hl7.org/fhir/tools/StructureDefinition/resource-information">
        <valueString value="ValueSet"/>
      </extension>
      <reference>
        <reference value="ValueSet/BRTipoObservacao-1.0"/>
      </reference>
      <name value="Tipo de Observação"/>
      <description value="Tipo de Observação."/>
    </resource>
    <resource>
      <extension url="http://hl7.org/fhir/tools/StructureDefinition/resource-information">
        <valueString value="ValueSet"/>
      </extension>
      <reference>
        <reference value="ValueSet/BREstadoObservacao-1.0"/>
      </reference>
      <name value="Estado da Observação"/>
      <description value="Tipos de estados de uma observação."/>
    </resource>
    <resource>
      <extension url="http://hl7.org/fhir/tools/StructureDefinition/resource-information">
        <valueString value="ValueSet"/>
      </extension>
      <reference>
        <reference value="ValueSet/BRAlergenos-1.0"/>
      </reference>
      <name value="Alérgenos"/>
      <description value="Descreve o agente capaz de causar alergia ou reação adversa em seres humanos."/>
    </resource>
    <resource>
      <extension url="http://hl7.org/fhir/tools/StructureDefinition/resource-information">
        <valueString value="ValueSet"/>
      </extension>
      <reference>
        <reference value="ValueSet/BRTurno"/>
      </reference>
      <name value="Turno do dia"/>
      <description value="ValueSet utilizado para definir o turno de um dia."/>
    </resource>
    <resource>
      <extension url="http://hl7.org/fhir/tools/StructureDefinition/resource-information">
        <valueString value="ValueSet"/>
      </extension>
      <reference>
        <reference value="ValueSet/BRUnidadeTempo"/>
      </reference>
      <name value="Unidade de Tempo"/>
      <description value="ValueSet utilizado para definir uma unidade de tempo."/>
    </resource>
    <resource>
      <extension url="http://hl7.org/fhir/tools/StructureDefinition/resource-information">
        <valueString value="ValueSet"/>
      </extension>
      <reference>
        <reference value="ValueSet/BREstadoAtestado"/>
      </reference>
      <name value="Status do atestado"/>
      <description value="Status do atestado médico/odontológico."/>
    </resource>
    <resource>
      <extension url="http://hl7.org/fhir/tools/StructureDefinition/resource-information">
        <valueString value="ValueSet"/>
      </extension>
      <reference>
        <reference value="ValueSet/BRIntencaoAtestado"/>
      </reference>
      <name value="Intenção do atestado"/>
      <description value="Intenção do atestado médico/odontológico."/>
    </resource>
    <resource>
      <extension url="http://hl7.org/fhir/tools/StructureDefinition/resource-information">
        <valueString value="ValueSet"/>
      </extension>
      <reference>
        <reference value="ValueSet/BRTipoAtestado"/>
      </reference>
      <name value="Tipo de atestado"/>
      <description value="Tipo de atestado dentro das categorias médico/odontológico"/>
    </resource>
    <resource>
      <extension url="http://hl7.org/fhir/tools/StructureDefinition/resource-information">
        <valueString value="ValueSet"/>
      </extension>
      <reference>
        <reference value="ValueSet/BREstadoAfastamentoAtestado"/>
      </reference>
      <name value="Status do afastamento descrito no atestado"/>
      <description value="Status do afastamento descrito no atestado médico/odontológico."/>
    </resource>
    <resource>
      <extension url="http://hl7.org/fhir/tools/StructureDefinition/resource-information">
        <valueString value="Bundle"/>
      </extension>
      <reference>
        <reference value="Bundle/bundle-example-rac"/>
      </reference>
      <name value="Registro de Atendimento Clínico (Bundle)"/>
      <exampleCanonical value="http://www.saude.gov.br/fhir/r4/StructureDefinition/BRPrescricaoMedicamento"/>
    </resource>
    <resource>
      <extension url="http://hl7.org/fhir/tools/StructureDefinition/resource-information">
        <valueString value="StructureDefinition:extension"/>
      </extension>
      <reference>
        <reference value="StructureDefinition/BRMunicipio-1.0"/>
      </reference>
      <name value="Município"/>
      <description value="Extensão para informar um município."/>
    </resource>
    <resource>
      <extension url="http://hl7.org/fhir/tools/StructureDefinition/resource-information">
        <valueString value="StructureDefinition:extension"/>
      </extension>
      <reference>
        <reference value="StructureDefinition/BRPais-1.0"/>
      </reference>
      <name value="País"/>
      <description value="Extensão para representar um país."/>
    </resource>
    <page>
      <extension url="http://hl7.org/fhir/StructureDefinition/structuredefinition-standards-status">
        <valueCode value="informative"/>
      </extension>
      <extension url="http://hl7.org/fhir/tools/StructureDefinition/ig-page-name">
        <valueUrl value="toc.html"/>
      </extension>
      <nameUrl value="toc.html"/>
      <title value="Índice"/>
      <generation value="html"/>
      <page>
        <extension url="http://hl7.org/fhir/StructureDefinition/structuredefinition-standards-status">
          <valueCode value="informative"/>
        </extension>
        <extension url="http://hl7.org/fhir/tools/StructureDefinition/ig-page-name">
          <valueUrl value="index.html"/>
        </extension>
        <nameUrl value="index.html"/>
        <title value="Principal"/>
        <generation value="html"/>
      </page>
      <page>
        <extension url="http://hl7.org/fhir/StructureDefinition/structuredefinition-standards-status">
          <valueCode value="informative"/>
        </extension>
        <extension url="http://hl7.org/fhir/tools/StructureDefinition/ig-page-name">
          <valueUrl value="seguranca.html"/>
        </extension>
        <nameUrl value="seguranca.html"/>
        <title value="Segurança"/>
        <generation value="html"/>
      </page>
      <page>
        <extension url="http://hl7.org/fhir/StructureDefinition/structuredefinition-standards-status">
          <valueCode value="informative"/>
        </extension>
        <extension url="http://hl7.org/fhir/tools/StructureDefinition/ig-page-name">
          <valueUrl value="integracao.html"/>
        </extension>
        <nameUrl value="integracao.html"/>
        <title value="Integração"/>
        <generation value="html"/>
      </page>
      <page>
        <extension url="http://hl7.org/fhir/StructureDefinition/structuredefinition-standards-status">
          <valueCode value="informative"/>
        </extension>
        <extension url="http://hl7.org/fhir/tools/StructureDefinition/ig-page-name">
          <valueUrl value="credenciamento.html"/>
        </extension>
        <nameUrl value="credenciamento.html"/>
        <title value="Credenciamento"/>
        <generation value="html"/>
      </page>
      <page>
        <extension url="http://hl7.org/fhir/StructureDefinition/structuredefinition-standards-status">
          <valueCode value="informative"/>
        </extension>
        <extension url="http://hl7.org/fhir/tools/StructureDefinition/ig-page-name">
          <valueUrl value="mc.html"/>
        </extension>
        <nameUrl value="mc.html"/>
        <title value="O RAC"/>
        <generation value="html"/>
      </page>
      <page>
        <extension url="http://hl7.org/fhir/StructureDefinition/structuredefinition-standards-status">
          <valueCode value="informative"/>
        </extension>
        <extension url="http://hl7.org/fhir/tools/StructureDefinition/ig-page-name">
          <valueUrl value="mi.html"/>
        </extension>
        <nameUrl value="mi.html"/>
        <title value="Modelo de Informação"/>
        <generation value="html"/>
      </page>
      <page>
        <extension url="http://hl7.org/fhir/StructureDefinition/structuredefinition-standards-status">
          <valueCode value="informative"/>
        </extension>
        <extension url="http://hl7.org/fhir/tools/StructureDefinition/ig-page-name">
          <valueUrl value="exemplos.html"/>
        </extension>
        <nameUrl value="exemplos.html"/>
        <title value="Exemplos"/>
        <generation value="markdown"/>
      </page>
      <page>
        <extension url="http://hl7.org/fhir/StructureDefinition/structuredefinition-standards-status">
          <valueCode value="informative"/>
        </extension>
        <extension url="http://hl7.org/fhir/tools/StructureDefinition/ig-page-name">
          <valueUrl value="downloads.html"/>
        </extension>
        <nameUrl value="downloads.html"/>
        <title value="Useful Downloads"/>
        <generation value="html"/>
      </page>
      <page>
        <extension url="http://hl7.org/fhir/StructureDefinition/structuredefinition-standards-status">
          <valueCode value="informative"/>
        </extension>
        <extension url="http://hl7.org/fhir/tools/StructureDefinition/ig-page-name">
          <valueUrl value="changes.html"/>
        </extension>
        <nameUrl value="changes.html"/>
        <title value="Histórico de mudanças"/>
        <generation value="html"/>
      </page>
    </page>
    <parameter>
      <code value="path-resource"/>
      <value value="input\history"/>
    </parameter>
    <parameter>
      <code value="path-resource"/>
      <value value="input/resources"/>
    </parameter>
    <parameter>
      <code value="path-pages"/>
      <value value="input/pagecontent"/>
    </parameter>
    <parameter>
      <code value="path-resource"/>
      <value value="input/capabilities"/>
    </parameter>
    <parameter>
      <code value="path-resource"/>
      <value value="input/examples"/>
    </parameter>
    <parameter>
      <code value="path-resource"/>
      <value value="input/extensions"/>
    </parameter>
    <parameter>
      <code value="path-resource"/>
      <value value="input/models"/>
    </parameter>
    <parameter>
      <code value="path-resource"/>
      <value value="input/operations"/>
    </parameter>
    <parameter>
      <code value="path-resource"/>
      <value value="input/profiles"/>
    </parameter>
    <parameter>
      <code value="path-resource"/>
      <value value="input/vocabulary"/>
    </parameter>
    <parameter>
      <code value="path-resource"/>
      <value value="input/testing"/>
    </parameter>
    <parameter>
      <code value="path-resource"/>
      <value value="input/history"/>
    </parameter>
    <parameter>
      <code value="path-resource"/>
      <value value="fsh-generated/resources"/>
    </parameter>
    <parameter>
      <code value="path-pages"/>
      <value value="template/config"/>
    </parameter>
    <parameter>
      <code value="path-pages"/>
      <value value="input/images"/>
    </parameter>
    <parameter>
      <code value="path-tx-cache"/>
      <value value="input-cache/txcache"/>
    </parameter>
  </definition>
</ImplementationGuide>