<?xml version="1.0" encoding="UTF-8"?>

<ValueSet xmlns="http://hl7.org/fhir">
  <id value="BRFinanciamento-1.0"/>
  <meta>
    <lastUpdated value="2020-03-12T13:10:39.310+00:00"/>
  </meta>
  <language value="pt-BR"/>
  <text>
    <status value="generated"/><div xmlns="http://www.w3.org/1999/xhtml" xml:lang="pt-BR" lang="pt-BR"><p class="res-header-id"><b>Generated Narrative: ValueSet BRFinanciamento-1.0</b></p><a name="BRFinanciamento-1.0"> </a><a name="hcBRFinanciamento-1.0"> </a><a name="BRFinanciamento-1.0-und"> </a><div style="display: inline-block; background-color: #d9e0e7; padding: 6px; margin: 4px; border: 1px solid #8da1b4; border-radius: 5px; line-height: 60%"><p style="margin-bottom: 0px">Last updated: 2020-03-12 13:10:39+0000; Language: pt-BR</p></div><ul><li>Include all codes defined in <a href="CodeSystem-BRFinanciamento.html"><code>http://www.saude.gov.br/fhir/r4/CodeSystem/BRFinanciamento</code></a></li></ul></div>
  </text>
  <extension url="http://hl7.org/fhir/StructureDefinition/structuredefinition-fmm">
    <valueInteger value="1">
      <extension url="http://hl7.org/fhir/StructureDefinition/structuredefinition-conformance-derivedFrom">
        <valueCanonical value="http://www.saude.gov.br/fhir/r4/ImplementationGuide/br.gov.saude.rnds.rac"/>
      </extension>
    </valueInteger>
  </extension>
  <extension url="http://hl7.org/fhir/StructureDefinition/structuredefinition-standards-status">
    <valueCode value="informative">
      <extension url="http://hl7.org/fhir/StructureDefinition/structuredefinition-conformance-derivedFrom">
        <valueCanonical value="http://www.saude.gov.br/fhir/r4/ImplementationGuide/br.gov.saude.rnds.rac"/>
      </extension>
    </valueCode>
  </extension>
  <url value="http://www.saude.gov.br/fhir/r4/ValueSet/BRFinanciamento-1.0"/>
  <version value="0.1.0"/>
  <name value="BRFinanciamento"/>
  <title value="Financiamento do procedimento realizado"/>
  <status value="active"/>
  <experimental value="false"/>
  <date value="2020-03-12T13:10:38.3145222+00:00"/>
  <publisher value="Ministério da Saúde do Brasil"/>
  <contact>
    <telecom>
      <system value="url"/>
      <value value="http://www.saude.gov.br"/>
    </telecom>
  </contact>
  <description value="Descreve o agente, instituição ou entidade responsável por custear as ações e serviços de saúde."/>
  <jurisdiction>
    <coding>
      <system value="urn:iso:std:iso:3166"/>
      <code value="BR"/>
    </coding>
  </jurisdiction>
  <immutable value="false"/>
  <compose>
    <include>
      <system value="http://www.saude.gov.br/fhir/r4/CodeSystem/BRFinanciamento"/>
      <version value="*"/>
    </include>
  </compose>
</ValueSet>