<?xml version="1.0" encoding="UTF-8"?>

<ValueSet xmlns="http://hl7.org/fhir">
  <id value="BRFrequenciaUsoSubstancia"/>
  <meta>
    <versionId value="1"/>
    <lastUpdated value="2020-09-20T23:02:24.54+00:00"/>
  </meta>
  <language value="pt-BR"/>
  <text>
    <status value="extensions"/><div xmlns="http://www.w3.org/1999/xhtml" xml:lang="pt-BR" lang="pt-BR"><p>This value set includes codes based on the following rules:</p><ul><li>Include these codes as defined in <a href="http://terminology.hl7.org/5.3.0/CodeSystem-v3-GTSAbbreviation.html"><code>http://terminology.hl7.org/CodeSystem/v3-GTSAbbreviation</code></a> version <code>*</code><table class="none"><tr><td style="white-space:nowrap"><b>Code</b></td><td><b>Display</b></td><td><b>Definition</b></td></tr><tr><td><a href="http://terminology.hl7.org/5.3.0/CodeSystem-v3-GTSAbbreviation.html#v3-GTSAbbreviation-MO">MO</a></td><td>Mensalmente</td><td>Monthly at institution specified time.</td></tr><tr><td><a href="http://terminology.hl7.org/5.3.0/CodeSystem-v3-GTSAbbreviation.html#v3-GTSAbbreviation-WK">WK</a></td><td>Semanalmente</td><td>Weekly at institution specified time.</td></tr><tr><td><a href="http://terminology.hl7.org/5.3.0/CodeSystem-v3-GTSAbbreviation.html#v3-GTSAbbreviation-QD">QD</a></td><td>Diariamente</td><td>Every day at institution specified times.</td></tr></table></li><li>Include all codes defined in <a href="CodeSystem-BRFrequenciaUsoSubstancia.html"><code>http://www.saude.gov.br/fhir/r4/CodeSystem/BRFrequenciaUsoSubstancia</code></a></li></ul></div>
  </text>
  <extension url="http://hl7.org/fhir/StructureDefinition/structuredefinition-fmm">
    <valueInteger value="1">
      <extension url="http://hl7.org/fhir/StructureDefinition/structuredefinition-conformance-derivedFrom">
        <valueCanonical value="http://www.saude.gov.br/fhir/r4/ImplementationGuide/hl7.fhir.br.rac"/>
      </extension>
    </valueInteger>
  </extension>
  <extension url="http://hl7.org/fhir/StructureDefinition/structuredefinition-standards-status">
    <valueCode value="informative">
      <extension url="http://hl7.org/fhir/StructureDefinition/structuredefinition-conformance-derivedFrom">
        <valueCanonical value="http://www.saude.gov.br/fhir/r4/ImplementationGuide/hl7.fhir.br.rac"/>
      </extension>
    </valueCode>
  </extension>
  <url value="http://www.saude.gov.br/fhir/r4/ValueSet/BRFrequenciaUsoSubstancia"/>
  <version value="0.1.0"/>
  <name value="BRFrequenciaUsoSubstancia"/>
  <title value="Frequência de Uso da Substância"/>
  <status value="active"/>
  <experimental value="false"/>
  <date value="2020-09-20T23:02:23.9723544+00:00"/>
  <publisher value="Ministério da Saúde do Brasil"/>
  <contact>
    <telecom>
      <system value="url"/>
      <value value="http://www.saude.gov.br"/>
    </telecom>
  </contact>
  <description value="Identifica a frequência de uso da substância em uso conforme declaração do indivíduo."/>
  <jurisdiction>
    <coding>
      <system value="urn:iso:std:iso:3166"/>
      <code value="BR"/>
    </coding>
  </jurisdiction>
  <immutable value="false"/>
  <compose>
    <include>
      <system value="http://terminology.hl7.org/CodeSystem/v3-GTSAbbreviation"/>
      <version value="*"/>
      <concept>
        <code value="MO"/>
        <display value="Mensalmente"/>
      </concept>
      <concept>
        <code value="WK"/>
        <display value="Semanalmente"/>
      </concept>
      <concept>
        <code value="QD"/>
        <display value="Diariamente"/>
      </concept>
    </include>
    <include>
      <system value="http://www.saude.gov.br/fhir/r4/CodeSystem/BRFrequenciaUsoSubstancia"/>
      <version value="*"/>
    </include>
  </compose>
</ValueSet>