<?xml version="1.0" encoding="UTF-8"?><CodeSystem xmlns="http://hl7.org/fhir"><id value="BRAlergenosCBARA"/><meta><lastUpdated value="2022-12-02T15:11:07.348995+00:00"/></meta><language value="pt-BR"/><text><status value="generated"/><div xmlns="http://www.w3.org/1999/xhtml" xml:lang="pt-BR" lang="pt-BR"><p>This case-sensitive code system <code>http://www.saude.gov.br/fhir/r4/CodeSystem/BRAlergenosCBARA</code> defines the following codes:</p><table class="codes"><tr><td style="white-space:nowrap"><b>Code</b></td><td><b>Display</b></td></tr><tr><td style="white-space:nowrap">abelha<a name="BRAlergenosCBARA-abelha"> </a></td><td>Abelha</td></tr><tr><td style="white-space:nowrap">acaro<a name="BRAlergenosCBARA-acaro"> </a></td><td>Ácaros</td></tr><tr><td style="white-space:nowrap">acido-azelaico<a name="BRAlergenosCBARA-acido-azelaico"> </a></td><td>Ácido azelaico</td></tr><tr><td style="white-space:nowrap">adesivo<a name="BRAlergenosCBARA-adesivo"> </a></td><td>Adesivos</td></tr><tr><td style="white-space:nowrap">aditivo-alimentar<a name="BRAlergenosCBARA-aditivo-alimentar"> </a></td><td>Aditivos alimentares</td></tr><tr><td style="white-space:nowrap">agente-fisico<a name="BRAlergenosCBARA-agente-fisico"> </a></td><td>Agentes físicos</td></tr><tr><td style="white-space:nowrap">aipo<a name="BRAlergenosCBARA-aipo"> </a></td><td>Aipo</td></tr><tr><td style="white-space:nowrap">alcool-polivinilico<a name="BRAlergenosCBARA-alcool-polivinilico"> </a></td><td>Álcool polivinílico</td></tr><tr><td style="white-space:nowrap">alho<a name="BRAlergenosCBARA-alho"> </a></td><td>Alho</td></tr><tr><td style="white-space:nowrap">aluminio<a name="BRAlergenosCBARA-aluminio"> </a></td><td>Alumínio</td></tr><tr><td style="white-space:nowrap">ambrosia<a name="BRAlergenosCBARA-ambrosia"> </a></td><td>Ambrósia</td></tr><tr><td style="white-space:nowrap">amendoim<a name="BRAlergenosCBARA-amendoim"> </a></td><td>Amendoim</td></tr><tr><td style="white-space:nowrap">antralina<a name="BRAlergenosCBARA-antralina"> </a></td><td>Antralina</td></tr><tr><td style="white-space:nowrap">aranha<a name="BRAlergenosCBARA-aranha"> </a></td><td>Aranha</td></tr><tr><td style="white-space:nowrap">areia<a name="BRAlergenosCBARA-areia"> </a></td><td>Areia</td></tr><tr><td style="white-space:nowrap">arroz<a name="BRAlergenosCBARA-arroz"> </a></td><td>Arroz</td></tr><tr><td style="white-space:nowrap">arvore<a name="BRAlergenosCBARA-arvore"> </a></td><td>Árvores</td></tr><tr><td style="white-space:nowrap">aspartame<a name="BRAlergenosCBARA-aspartame"> </a></td><td>Aspartame</td></tr><tr><td style="white-space:nowrap">atum<a name="BRAlergenosCBARA-atum"> </a></td><td>Atum</td></tr><tr><td style="white-space:nowrap">aveia<a name="BRAlergenosCBARA-aveia"> </a></td><td>Aveia</td></tr><tr><td style="white-space:nowrap">avela<a name="BRAlergenosCBARA-avela"> </a></td><td>Avelã</td></tr><tr><td style="white-space:nowrap">bacalhau<a name="BRAlergenosCBARA-bacalhau"> </a></td><td>Bacalhau</td></tr><tr><td style="white-space:nowrap">banana<a name="BRAlergenosCBARA-banana"> </a></td><td>Banana</td></tr><tr><td style="white-space:nowrap">barata<a name="BRAlergenosCBARA-barata"> </a></td><td>Barata</td></tr><tr><td style="white-space:nowrap">batata<a name="BRAlergenosCBARA-batata"> </a></td><td>Batata</td></tr><tr><td style="white-space:nowrap">baunilha<a name="BRAlergenosCBARA-baunilha"> </a></td><td>Baunilha</td></tr><tr><td style="white-space:nowrap">borracha<a name="BRAlergenosCBARA-borracha"> </a></td><td>Borracha</td></tr><tr><td style="white-space:nowrap">camarao<a name="BRAlergenosCBARA-camarao"> </a></td><td>Camarão</td></tr><tr><td style="white-space:nowrap">canela<a name="BRAlergenosCBARA-canela"> </a></td><td>Canela</td></tr><tr><td style="white-space:nowrap">caracol<a name="BRAlergenosCBARA-caracol"> </a></td><td>Caracol</td></tr><tr><td style="white-space:nowrap">caranguejo<a name="BRAlergenosCBARA-caranguejo"> </a></td><td>Caranguejo</td></tr><tr><td style="white-space:nowrap">carbaril<a name="BRAlergenosCBARA-carbaril"> </a></td><td>Carbaril</td></tr><tr><td style="white-space:nowrap">carne<a name="BRAlergenosCBARA-carne"> </a></td><td>Carne</td></tr><tr><td style="white-space:nowrap">carne-ave<a name="BRAlergenosCBARA-carne-ave"> </a></td><td>Carne de aves</td></tr><tr><td style="white-space:nowrap">carne-vermelha<a name="BRAlergenosCBARA-carne-vermelha"> </a></td><td>Carne vermelha</td></tr><tr><td style="white-space:nowrap">castanha<a name="BRAlergenosCBARA-castanha"> </a></td><td>Castanhas</td></tr><tr><td style="white-space:nowrap">castanha-caju<a name="BRAlergenosCBARA-castanha-caju"> </a></td><td>Castanha de caju</td></tr><tr><td style="white-space:nowrap">cebola<a name="BRAlergenosCBARA-cebola"> </a></td><td>Cebola</td></tr><tr><td style="white-space:nowrap">cenoura<a name="BRAlergenosCBARA-cenoura"> </a></td><td>Cenoura</td></tr><tr><td style="white-space:nowrap">centeio<a name="BRAlergenosCBARA-centeio"> </a></td><td>Centeio</td></tr><tr><td style="white-space:nowrap">cereal<a name="BRAlergenosCBARA-cereal"> </a></td><td>Cereal</td></tr><tr><td style="white-space:nowrap">cereja<a name="BRAlergenosCBARA-cereja"> </a></td><td>Cereja</td></tr><tr><td style="white-space:nowrap">chocolate<a name="BRAlergenosCBARA-chocolate"> </a></td><td>Chocolate</td></tr><tr><td style="white-space:nowrap">citrato<a name="BRAlergenosCBARA-citrato"> </a></td><td>Citrato</td></tr><tr><td style="white-space:nowrap">clara-ovo<a name="BRAlergenosCBARA-clara-ovo"> </a></td><td>Clara do ovo</td></tr><tr><td style="white-space:nowrap">cloreto-metilbenzetonio<a name="BRAlergenosCBARA-cloreto-metilbenzetonio"> </a></td><td>Cloreto de Metilbenzetônio</td></tr><tr><td style="white-space:nowrap">cobre<a name="BRAlergenosCBARA-cobre"> </a></td><td>Cobre</td></tr><tr><td style="white-space:nowrap">coco<a name="BRAlergenosCBARA-coco"> </a></td><td>Coco</td></tr><tr><td style="white-space:nowrap">coelho<a name="BRAlergenosCBARA-coelho"> </a></td><td>Coelho</td></tr><tr><td style="white-space:nowrap">cogumelo<a name="BRAlergenosCBARA-cogumelo"> </a></td><td>Cogumelos</td></tr><tr><td style="white-space:nowrap">cola<a name="BRAlergenosCBARA-cola"> </a></td><td>Cola</td></tr><tr><td style="white-space:nowrap">contato-metal<a name="BRAlergenosCBARA-contato-metal"> </a></td><td>Contato com Metal</td></tr><tr><td style="white-space:nowrap">cosmetico<a name="BRAlergenosCBARA-cosmetico"> </a></td><td>Cosméticos</td></tr><tr><td style="white-space:nowrap">cravo-india<a name="BRAlergenosCBARA-cravo-india"> </a></td><td>Cravo-da- Índia</td></tr><tr><td style="white-space:nowrap">crustaceo<a name="BRAlergenosCBARA-crustaceo"> </a></td><td>Crustáceos</td></tr><tr><td style="white-space:nowrap">curry<a name="BRAlergenosCBARA-curry"> </a></td><td>Curry</td></tr><tr><td style="white-space:nowrap">enxofre<a name="BRAlergenosCBARA-enxofre"> </a></td><td>Enxofre</td></tr><tr><td style="white-space:nowrap">erva-aromatica-especiaria<a name="BRAlergenosCBARA-erva-aromatica-especiaria"> </a></td><td>Ervas aromáticas e especiarias</td></tr><tr><td style="white-space:nowrap">erva-daninha<a name="BRAlergenosCBARA-erva-daninha"> </a></td><td>Ervas daninhas</td></tr><tr><td style="white-space:nowrap">etanolamina<a name="BRAlergenosCBARA-etanolamina"> </a></td><td>Etanolamina</td></tr><tr><td style="white-space:nowrap">farinha<a name="BRAlergenosCBARA-farinha"> </a></td><td>Farinha</td></tr><tr><td style="white-space:nowrap">feijao<a name="BRAlergenosCBARA-feijao"> </a></td><td>Feijão</td></tr><tr><td style="white-space:nowrap">ferro<a name="BRAlergenosCBARA-ferro"> </a></td><td>Ferro</td></tr><tr><td style="white-space:nowrap">figo<a name="BRAlergenosCBARA-figo"> </a></td><td>Figos</td></tr><tr><td style="white-space:nowrap">framboesa<a name="BRAlergenosCBARA-framboesa"> </a></td><td>Framboesa</td></tr><tr><td style="white-space:nowrap">fruta-citrica<a name="BRAlergenosCBARA-fruta-citrica"> </a></td><td>Frutas cítricas</td></tr><tr><td style="white-space:nowrap">gengibre<a name="BRAlergenosCBARA-gengibre"> </a></td><td>Gengibre</td></tr><tr><td style="white-space:nowrap">glutamato<a name="BRAlergenosCBARA-glutamato"> </a></td><td>Glutamato</td></tr><tr><td style="white-space:nowrap">grama<a name="BRAlergenosCBARA-grama"> </a></td><td>Grama</td></tr><tr><td style="white-space:nowrap">grao<a name="BRAlergenosCBARA-grao"> </a></td><td>Grão</td></tr><tr><td style="white-space:nowrap">grao-soja<a name="BRAlergenosCBARA-grao-soja"> </a></td><td>Grãos de soja</td></tr><tr><td style="white-space:nowrap">kiwi<a name="BRAlergenosCBARA-kiwi"> </a></td><td>Kiwi</td></tr><tr><td style="white-space:nowrap">la<a name="BRAlergenosCBARA-la"> </a></td><td>Lã</td></tr><tr><td style="white-space:nowrap">lagosta<a name="BRAlergenosCBARA-lagosta"> </a></td><td>Lagosta</td></tr><tr><td style="white-space:nowrap">lambreta<a name="BRAlergenosCBARA-lambreta"> </a></td><td>Lambreta</td></tr><tr><td style="white-space:nowrap">lanolina<a name="BRAlergenosCBARA-lanolina"> </a></td><td>Lanolina</td></tr><tr><td style="white-space:nowrap">laranja<a name="BRAlergenosCBARA-laranja"> </a></td><td>Laranja</td></tr><tr><td style="white-space:nowrap">latao<a name="BRAlergenosCBARA-latao"> </a></td><td>Latão</td></tr><tr><td style="white-space:nowrap">latex<a name="BRAlergenosCBARA-latex"> </a></td><td>Látex</td></tr><tr><td style="white-space:nowrap">laticinio<a name="BRAlergenosCBARA-laticinio"> </a></td><td>Laticínios</td></tr><tr><td style="white-space:nowrap">leguminosa<a name="BRAlergenosCBARA-leguminosa"> </a></td><td>Leguminosas</td></tr><tr><td style="white-space:nowrap">lima<a name="BRAlergenosCBARA-lima"> </a></td><td>Lima</td></tr><tr><td style="white-space:nowrap">limao<a name="BRAlergenosCBARA-limao"> </a></td><td>Limão</td></tr><tr><td style="white-space:nowrap">lula<a name="BRAlergenosCBARA-lula"> </a></td><td>Lula</td></tr><tr><td style="white-space:nowrap">maca<a name="BRAlergenosCBARA-maca"> </a></td><td>Maçã</td></tr><tr><td style="white-space:nowrap">madeira<a name="BRAlergenosCBARA-madeira"> </a></td><td>Madeira</td></tr><tr><td style="white-space:nowrap">manga<a name="BRAlergenosCBARA-manga"> </a></td><td>Manga</td></tr><tr><td style="white-space:nowrap">manteiga-cacau<a name="BRAlergenosCBARA-manteiga-cacau"> </a></td><td>Manteiga de cacau</td></tr><tr><td style="white-space:nowrap">marisco<a name="BRAlergenosCBARA-marisco"> </a></td><td>Marisco</td></tr><tr><td style="white-space:nowrap">material-dentario-policarboneto<a name="BRAlergenosCBARA-material-dentario-policarboneto"> </a></td><td>Material dentário em policarboneto</td></tr><tr><td style="white-space:nowrap">material-sutura<a name="BRAlergenosCBARA-material-sutura"> </a></td><td>Material de sutura</td></tr><tr><td style="white-space:nowrap">melancia<a name="BRAlergenosCBARA-melancia"> </a></td><td>Melancia</td></tr><tr><td style="white-space:nowrap">melao<a name="BRAlergenosCBARA-melao"> </a></td><td>Melão</td></tr><tr><td style="white-space:nowrap">mexilhao<a name="BRAlergenosCBARA-mexilhao"> </a></td><td>Mexilhão</td></tr><tr><td style="white-space:nowrap">milho<a name="BRAlergenosCBARA-milho"> </a></td><td>Milho</td></tr><tr><td style="white-space:nowrap">mirtilo<a name="BRAlergenosCBARA-mirtilo"> </a></td><td>Mirtilos</td></tr><tr><td style="white-space:nowrap">morango<a name="BRAlergenosCBARA-morango"> </a></td><td>Morango</td></tr><tr><td style="white-space:nowrap">mostarda<a name="BRAlergenosCBARA-mostarda"> </a></td><td>Mostarda</td></tr><tr><td style="white-space:nowrap">niquel<a name="BRAlergenosCBARA-niquel"> </a></td><td>Níquel</td></tr><tr><td style="white-space:nowrap">noz<a name="BRAlergenosCBARA-noz"> </a></td><td>Nozes</td></tr><tr><td style="white-space:nowrap">noz-moscada<a name="BRAlergenosCBARA-noz-moscada"> </a></td><td>Noz moscada</td></tr><tr><td style="white-space:nowrap">oleo-eucalipto<a name="BRAlergenosCBARA-oleo-eucalipto"> </a></td><td>Óleo de eucalipto</td></tr><tr><td style="white-space:nowrap">oleo-peixe<a name="BRAlergenosCBARA-oleo-peixe"> </a></td><td>Óleo de Peixe</td></tr><tr><td style="white-space:nowrap">organofosfato<a name="BRAlergenosCBARA-organofosfato"> </a></td><td>Organofosfatos</td></tr><tr><td style="white-space:nowrap">ostra<a name="BRAlergenosCBARA-ostra"> </a></td><td>Ostra</td></tr><tr><td style="white-space:nowrap">ouro<a name="BRAlergenosCBARA-ouro"> </a></td><td>Ouro</td></tr><tr><td style="white-space:nowrap">outro-agente-substancia<a name="BRAlergenosCBARA-outro-agente-substancia"> </a></td><td>Outros agentes ou substâncias</td></tr><tr><td style="white-space:nowrap">outro-alimento<a name="BRAlergenosCBARA-outro-alimento"> </a></td><td>Outro alimento</td></tr><tr><td style="white-space:nowrap">paprica<a name="BRAlergenosCBARA-paprica"> </a></td><td>Páprica</td></tr><tr><td style="white-space:nowrap">parafina<a name="BRAlergenosCBARA-parafina"> </a></td><td>Parafina</td></tr><tr><td style="white-space:nowrap">peixe<a name="BRAlergenosCBARA-peixe"> </a></td><td>Peixe</td></tr><tr><td style="white-space:nowrap">peixe-aranha<a name="BRAlergenosCBARA-peixe-aranha"> </a></td><td>Peixe-Aranha</td></tr><tr><td style="white-space:nowrap">pelo-animal<a name="BRAlergenosCBARA-pelo-animal"> </a></td><td>Pelo de animais</td></tr><tr><td style="white-space:nowrap">pelo-cao<a name="BRAlergenosCBARA-pelo-cao"> </a></td><td>Pelo de cão</td></tr><tr><td style="white-space:nowrap">pelo-cavalo<a name="BRAlergenosCBARA-pelo-cavalo"> </a></td><td>Pelo de cavalo</td></tr><tr><td style="white-space:nowrap">pelo-coelho<a name="BRAlergenosCBARA-pelo-coelho"> </a></td><td>Pelo de coelho</td></tr><tr><td style="white-space:nowrap">pelo-gato<a name="BRAlergenosCBARA-pelo-gato"> </a></td><td>Pelo de gato</td></tr><tr><td style="white-space:nowrap">pelo-vaca<a name="BRAlergenosCBARA-pelo-vaca"> </a></td><td>Pelo de vaca</td></tr><tr><td style="white-space:nowrap">pena<a name="BRAlergenosCBARA-pena"> </a></td><td>Penas</td></tr><tr><td style="white-space:nowrap">perfluorinato<a name="BRAlergenosCBARA-perfluorinato"> </a></td><td>Perfluorinato</td></tr><tr><td style="white-space:nowrap">perfume<a name="BRAlergenosCBARA-perfume"> </a></td><td>Perfume</td></tr><tr><td style="white-space:nowrap">peroxido-benzoila<a name="BRAlergenosCBARA-peroxido-benzoila"> </a></td><td>Peróxido de Benzoíla</td></tr><tr><td style="white-space:nowrap">pessego<a name="BRAlergenosCBARA-pessego"> </a></td><td>Pêssego</td></tr><tr><td style="white-space:nowrap">pesticida<a name="BRAlergenosCBARA-pesticida"> </a></td><td>Pesticidas</td></tr><tr><td style="white-space:nowrap">pesticida-organoclorado<a name="BRAlergenosCBARA-pesticida-organoclorado"> </a></td><td>Pesticida organoclorado</td></tr><tr><td style="white-space:nowrap">pimenta<a name="BRAlergenosCBARA-pimenta"> </a></td><td>Pimenta</td></tr><tr><td style="white-space:nowrap">pinhao<a name="BRAlergenosCBARA-pinhao"> </a></td><td>Pinhão</td></tr><tr><td style="white-space:nowrap">pistache<a name="BRAlergenosCBARA-pistache"> </a></td><td>Pistache</td></tr><tr><td style="white-space:nowrap">podofilina<a name="BRAlergenosCBARA-podofilina"> </a></td><td>Podofilina</td></tr><tr><td style="white-space:nowrap">polen<a name="BRAlergenosCBARA-polen"> </a></td><td>Pólen</td></tr><tr><td style="white-space:nowrap">polen-grama<a name="BRAlergenosCBARA-polen-grama"> </a></td><td>Pólen de grama</td></tr><tr><td style="white-space:nowrap">polvo<a name="BRAlergenosCBARA-polvo"> </a></td><td>Polvo</td></tr><tr><td style="white-space:nowrap">porco<a name="BRAlergenosCBARA-porco"> </a></td><td>Porco</td></tr><tr><td style="white-space:nowrap">prata<a name="BRAlergenosCBARA-prata"> </a></td><td>Prata</td></tr><tr><td style="white-space:nowrap">proteina-leite-vaca<a name="BRAlergenosCBARA-proteina-leite-vaca"> </a></td><td>Proteína do leite de vaca</td></tr><tr><td style="white-space:nowrap">proteina-ovo<a name="BRAlergenosCBARA-proteina-ovo"> </a></td><td>Proteína do ovo</td></tr><tr><td style="white-space:nowrap">queijo<a name="BRAlergenosCBARA-queijo"> </a></td><td>Queijo</td></tr><tr><td style="white-space:nowrap">resina-arvore<a name="BRAlergenosCBARA-resina-arvore"> </a></td><td>Resina de árvore</td></tr><tr><td style="white-space:nowrap">samambaia<a name="BRAlergenosCBARA-samambaia"> </a></td><td>Samambaia</td></tr><tr><td style="white-space:nowrap">seda<a name="BRAlergenosCBARA-seda"> </a></td><td>Seda</td></tr><tr><td style="white-space:nowrap">semente<a name="BRAlergenosCBARA-semente"> </a></td><td>Semente</td></tr><tr><td style="white-space:nowrap">sepia<a name="BRAlergenosCBARA-sepia"> </a></td><td>Sépia</td></tr><tr><td style="white-space:nowrap">silicone-derivado<a name="BRAlergenosCBARA-silicone-derivado"> </a></td><td>Silicone e seus derivados</td></tr><tr><td style="white-space:nowrap">sulfito<a name="BRAlergenosCBARA-sulfito"> </a></td><td>Sulfitos</td></tr><tr><td style="white-space:nowrap">terpeno<a name="BRAlergenosCBARA-terpeno"> </a></td><td>Terpeno</td></tr><tr><td style="white-space:nowrap">tinta-cabelo<a name="BRAlergenosCBARA-tinta-cabelo"> </a></td><td>Tinta para o cabelo</td></tr><tr><td style="white-space:nowrap">tinta-textil<a name="BRAlergenosCBARA-tinta-textil"> </a></td><td>Tintas para têxteis</td></tr><tr><td style="white-space:nowrap">tomate<a name="BRAlergenosCBARA-tomate"> </a></td><td>Tomate</td></tr><tr><td style="white-space:nowrap">toxina-botulinica<a name="BRAlergenosCBARA-toxina-botulinica"> </a></td><td>Toxina botulínica</td></tr><tr><td style="white-space:nowrap">trigo<a name="BRAlergenosCBARA-trigo"> </a></td><td>Trigo</td></tr><tr><td style="white-space:nowrap">veneno-escorpiao<a name="BRAlergenosCBARA-veneno-escorpiao"> </a></td><td>Veneno de escorpião</td></tr><tr><td style="white-space:nowrap">veneno-vespa<a name="BRAlergenosCBARA-veneno-vespa"> </a></td><td>Veneno de vespa</td></tr></table></div></text><extension url="http://hl7.org/fhir/StructureDefinition/structuredefinition-fmm"><valueInteger value="1"><extension url="http://hl7.org/fhir/StructureDefinition/structuredefinition-conformance-derivedFrom"><valueCanonical value="http://www.saude.gov.br/fhir/r4/ImplementationGuide/hl7.fhir.br.rac"/></extension></valueInteger></extension><extension url="http://hl7.org/fhir/StructureDefinition/structuredefinition-standards-status"><valueCode value="informative"><extension url="http://hl7.org/fhir/StructureDefinition/structuredefinition-conformance-derivedFrom"><valueCanonical value="http://www.saude.gov.br/fhir/r4/ImplementationGuide/hl7.fhir.br.rac"/></extension></valueCode></extension><url value="http://www.saude.gov.br/fhir/r4/CodeSystem/BRAlergenosCBARA"/><version value="1.0.0"/><name value="BRAlergenosCBARA"/><title value="Catálogo Brasileiro de Alergias e Reações Adversas (CBARA)"/><status value="active"/><experimental value="false"/><date value="2022-12-02T15:11:07.301430+00:00"/><publisher value="Ministério da Saúde do Brasil"/><contact><telecom><system value="url"/><value value="http://www.saude.gov.br"/></telecom></contact><description value="Classifica as alergias e reações adversas."/><jurisdiction><coding><system value="urn:iso:std:iso:3166"/><code value="BR"/></coding></jurisdiction><caseSensitive value="true"/><content value="complete"/><concept><code value="abelha"/><display value="Abelha"/><designation><language value="pt-BR"/><use><system value="http://terminology.hl7.org/CodeSystem/designation-usage"/><code value="display"/></use><value value="Abelha"/></designation><property><code value="category"/><valueCode value="environment"/></property></concept><concept><code value="acaro"/><display value="Ácaros"/><designation><language value="pt-BR"/><use><system value="http://terminology.hl7.org/CodeSystem/designation-usage"/><code value="display"/></use><value value="Ácaros"/></designation><property><code value="category"/><valueCode value="environment"/></property></concept><concept><code value="acido-azelaico"/><display value="Ácido azelaico"/><designation><language value="pt-BR"/><use><system value="http://terminology.hl7.org/CodeSystem/designation-usage"/><code value="display"/></use><value value="Ácido azelaico"/></designation><property><code value="category"/><valueCode value="environment"/></property></concept><concept><code value="adesivo"/><display value="Adesivos"/><designation><language value="pt-BR"/><use><system value="http://terminology.hl7.org/CodeSystem/designation-usage"/><code value="display"/></use><value value="Adesivos"/></designation><property><code value="category"/><valueCode value="environment"/></property></concept><concept><code value="aditivo-alimentar"/><display value="Aditivos alimentares"/><designation><language value="pt-BR"/><use><system value="http://terminology.hl7.org/CodeSystem/designation-usage"/><code value="display"/></use><value value="Aditivos alimentares"/></designation><property><code value="category"/><valueCode value="food"/></property></concept><concept><code value="agente-fisico"/><display value="Agentes físicos"/><designation><language value="pt-BR"/><use><system value="http://terminology.hl7.org/CodeSystem/designation-usage"/><code value="display"/></use><value value="Agentes físicos"/></designation><property><code value="category"/><valueCode value="environment"/></property></concept><concept><code value="aipo"/><display value="Aipo"/><designation><language value="pt-BR"/><use><system value="http://terminology.hl7.org/CodeSystem/designation-usage"/><code value="display"/></use><value value="Aipo"/></designation><property><code value="category"/><valueCode value="food"/></property></concept><concept><code value="alcool-polivinilico"/><display value="Álcool polivinílico"/><designation><language value="pt-BR"/><use><system value="http://terminology.hl7.org/CodeSystem/designation-usage"/><code value="display"/></use><value value="Álcool polivinílico"/></designation><property><code value="category"/><valueCode value="environment"/></property></concept><concept><code value="alho"/><display value="Alho"/><designation><language value="pt-BR"/><use><system value="http://terminology.hl7.org/CodeSystem/designation-usage"/><code value="display"/></use><value value="Alho"/></designation><property><code value="category"/><valueCode value="food"/></property></concept><concept><code value="aluminio"/><display value="Alumínio"/><designation><language value="pt-BR"/><use><system value="http://terminology.hl7.org/CodeSystem/designation-usage"/><code value="display"/></use><value value="Alumínio"/></designation><property><code value="category"/><valueCode value="environment"/></property></concept><concept><code value="ambrosia"/><display value="Ambrósia"/><designation><language value="pt-BR"/><use><system value="http://terminology.hl7.org/CodeSystem/designation-usage"/><code value="display"/></use><value value="Ambrósia"/></designation><property><code value="category"/><valueCode value="environment"/></property></concept><concept><code value="amendoim"/><display value="Amendoim"/><designation><language value="pt-BR"/><use><system value="http://terminology.hl7.org/CodeSystem/designation-usage"/><code value="display"/></use><value value="Amendoim"/></designation><property><code value="category"/><valueCode value="food"/></property></concept><concept><code value="antralina"/><display value="Antralina"/><designation><language value="pt-BR"/><use><system value="http://terminology.hl7.org/CodeSystem/designation-usage"/><code value="display"/></use><value value="Antralina"/></designation><property><code value="category"/><valueCode value="environment"/></property></concept><concept><code value="aranha"/><display value="Aranha"/><designation><language value="pt-BR"/><use><system value="http://terminology.hl7.org/CodeSystem/designation-usage"/><code value="display"/></use><value value="Aranha"/></designation><property><code value="category"/><valueCode value="environment"/></property></concept><concept><code value="areia"/><display value="Areia"/><designation><language value="pt-BR"/><use><system value="http://terminology.hl7.org/CodeSystem/designation-usage"/><code value="display"/></use><value value="Areia"/></designation><property><code value="category"/><valueCode value="environment"/></property></concept><concept><code value="arroz"/><display value="Arroz"/><designation><language value="pt-BR"/><use><system value="http://terminology.hl7.org/CodeSystem/designation-usage"/><code value="display"/></use><value value="Arroz"/></designation><property><code value="category"/><valueCode value="food"/></property></concept><concept><code value="arvore"/><display value="Árvores"/><designation><language value="pt-BR"/><use><system value="http://terminology.hl7.org/CodeSystem/designation-usage"/><code value="display"/></use><value value="Árvores"/></designation><property><code value="category"/><valueCode value="environment"/></property></concept><concept><code value="aspartame"/><display value="Aspartame"/><designation><language value="pt-BR"/><use><system value="http://terminology.hl7.org/CodeSystem/designation-usage"/><code value="display"/></use><value value="Aspartame"/></designation><property><code value="category"/><valueCode value="food"/></property></concept><concept><code value="atum"/><display value="Atum"/><designation><language value="pt-BR"/><use><system value="http://terminology.hl7.org/CodeSystem/designation-usage"/><code value="display"/></use><value value="Atum"/></designation><property><code value="category"/><valueCode value="food"/></property></concept><concept><code value="aveia"/><display value="Aveia"/><designation><language value="pt-BR"/><use><system value="http://terminology.hl7.org/CodeSystem/designation-usage"/><code value="display"/></use><value value="Aveia"/></designation><property><code value="category"/><valueCode value="food"/></property></concept><concept><code value="avela"/><display value="Avelã"/><designation><language value="pt-BR"/><use><system value="http://terminology.hl7.org/CodeSystem/designation-usage"/><code value="display"/></use><value value="Avelã"/></designation><property><code value="category"/><valueCode value="food"/></property></concept><concept><code value="bacalhau"/><display value="Bacalhau"/><designation><language value="pt-BR"/><use><system value="http://terminology.hl7.org/CodeSystem/designation-usage"/><code value="display"/></use><value value="Bacalhau"/></designation><property><code value="category"/><valueCode value="food"/></property></concept><concept><code value="banana"/><display value="Banana"/><designation><language value="pt-BR"/><use><system value="http://terminology.hl7.org/CodeSystem/designation-usage"/><code value="display"/></use><value value="Banana"/></designation><property><code value="category"/><valueCode value="food"/></property></concept><concept><code value="barata"/><display value="Barata"/><designation><language value="pt-BR"/><use><system value="http://terminology.hl7.org/CodeSystem/designation-usage"/><code value="display"/></use><value value="Barata"/></designation><property><code value="category"/><valueCode value="environment"/></property></concept><concept><code value="batata"/><display value="Batata"/><designation><language value="pt-BR"/><use><system value="http://terminology.hl7.org/CodeSystem/designation-usage"/><code value="display"/></use><value value="Batata"/></designation><property><code value="category"/><valueCode value="food"/></property></concept><concept><code value="baunilha"/><display value="Baunilha"/><designation><language value="pt-BR"/><use><system value="http://terminology.hl7.org/CodeSystem/designation-usage"/><code value="display"/></use><value value="Baunilha"/></designation><property><code value="category"/><valueCode value="food"/></property></concept><concept><code value="borracha"/><display value="Borracha"/><designation><language value="pt-BR"/><use><system value="http://terminology.hl7.org/CodeSystem/designation-usage"/><code value="display"/></use><value value="Borracha"/></designation><property><code value="category"/><valueCode value="environment"/></property></concept><concept><code value="camarao"/><display value="Camarão"/><designation><language value="pt-BR"/><use><system value="http://terminology.hl7.org/CodeSystem/designation-usage"/><code value="display"/></use><value value="Camarão"/></designation><property><code value="category"/><valueCode value="food"/></property></concept><concept><code value="canela"/><display value="Canela"/><designation><language value="pt-BR"/><use><system value="http://terminology.hl7.org/CodeSystem/designation-usage"/><code value="display"/></use><value value="Canela"/></designation><property><code value="category"/><valueCode value="food"/></property></concept><concept><code value="caracol"/><display value="Caracol"/><designation><language value="pt-BR"/><use><system value="http://terminology.hl7.org/CodeSystem/designation-usage"/><code value="display"/></use><value value="Caracol"/></designation><property><code value="category"/><valueCode value="food"/></property></concept><concept><code value="caranguejo"/><display value="Caranguejo"/><designation><language value="pt-BR"/><use><system value="http://terminology.hl7.org/CodeSystem/designation-usage"/><code value="display"/></use><value value="Caranguejo"/></designation><property><code value="category"/><valueCode value="food"/></property></concept><concept><code value="carbaril"/><display value="Carbaril"/><designation><language value="pt-BR"/><use><system value="http://terminology.hl7.org/CodeSystem/designation-usage"/><code value="display"/></use><value value="Carbaril"/></designation><property><code value="category"/><valueCode value="environment"/></property></concept><concept><code value="carne"/><display value="Carne"/><designation><language value="pt-BR"/><use><system value="http://terminology.hl7.org/CodeSystem/designation-usage"/><code value="display"/></use><value value="Carne"/></designation><property><code value="category"/><valueCode value="food"/></property></concept><concept><code value="carne-ave"/><display value="Carne de aves"/><designation><language value="pt-BR"/><use><system value="http://terminology.hl7.org/CodeSystem/designation-usage"/><code value="display"/></use><value value="Carne de aves"/></designation><property><code value="category"/><valueCode value="food"/></property></concept><concept><code value="carne-vermelha"/><display value="Carne vermelha"/><designation><language value="pt-BR"/><use><system value="http://terminology.hl7.org/CodeSystem/designation-usage"/><code value="display"/></use><value value="Carne vermelha"/></designation><property><code value="category"/><valueCode value="food"/></property></concept><concept><code value="castanha"/><display value="Castanhas"/><designation><language value="pt-BR"/><use><system value="http://terminology.hl7.org/CodeSystem/designation-usage"/><code value="display"/></use><value value="Castanhas"/></designation><property><code value="category"/><valueCode value="food"/></property></concept><concept><code value="castanha-caju"/><display value="Castanha de caju"/><designation><language value="pt-BR"/><use><system value="http://terminology.hl7.org/CodeSystem/designation-usage"/><code value="display"/></use><value value="Castanha de caju"/></designation><property><code value="category"/><valueCode value="food"/></property></concept><concept><code value="cebola"/><display value="Cebola"/><designation><language value="pt-BR"/><use><system value="http://terminology.hl7.org/CodeSystem/designation-usage"/><code value="display"/></use><value value="Cebola"/></designation><property><code value="category"/><valueCode value="food"/></property></concept><concept><code value="cenoura"/><display value="Cenoura"/><designation><language value="pt-BR"/><use><system value="http://terminology.hl7.org/CodeSystem/designation-usage"/><code value="display"/></use><value value="Cenoura"/></designation><property><code value="category"/><valueCode value="food"/></property></concept><concept><code value="centeio"/><display value="Centeio"/><designation><language value="pt-BR"/><use><system value="http://terminology.hl7.org/CodeSystem/designation-usage"/><code value="display"/></use><value value="Centeio"/></designation><property><code value="category"/><valueCode value="food"/></property></concept><concept><code value="cereal"/><display value="Cereal"/><designation><language value="pt-BR"/><use><system value="http://terminology.hl7.org/CodeSystem/designation-usage"/><code value="display"/></use><value value="Cereal"/></designation><property><code value="category"/><valueCode value="food"/></property></concept><concept><code value="cereja"/><display value="Cereja"/><designation><language value="pt-BR"/><use><system value="http://terminology.hl7.org/CodeSystem/designation-usage"/><code value="display"/></use><value value="Cereja"/></designation><property><code value="category"/><valueCode value="food"/></property></concept><concept><code value="chocolate"/><display value="Chocolate"/><designation><language value="pt-BR"/><use><system value="http://terminology.hl7.org/CodeSystem/designation-usage"/><code value="display"/></use><value value="Chocolate"/></designation><property><code value="category"/><valueCode value="food"/></property></concept><concept><code value="citrato"/><display value="Citrato"/><designation><language value="pt-BR"/><use><system value="http://terminology.hl7.org/CodeSystem/designation-usage"/><code value="display"/></use><value value="Citrato"/></designation><property><code value="category"/><valueCode value="environment"/></property></concept><concept><code value="clara-ovo"/><display value="Clara do ovo"/><designation><language value="pt-BR"/><use><system value="http://terminology.hl7.org/CodeSystem/designation-usage"/><code value="display"/></use><value value="Clara do ovo"/></designation><property><code value="category"/><valueCode value="food"/></property></concept><concept><code value="cloreto-metilbenzetonio"/><display value="Cloreto de Metilbenzetônio"/><designation><language value="pt-BR"/><use><system value="http://terminology.hl7.org/CodeSystem/designation-usage"/><code value="display"/></use><value value="Cloreto de Metilbenzetônio"/></designation><property><code value="category"/><valueCode value="environment"/></property></concept><concept><code value="cobre"/><display value="Cobre"/><designation><language value="pt-BR"/><use><system value="http://terminology.hl7.org/CodeSystem/designation-usage"/><code value="display"/></use><value value="Cobre"/></designation><property><code value="category"/><valueCode value="environment"/></property></concept><concept><code value="coco"/><display value="Coco"/><designation><language value="pt-BR"/><use><system value="http://terminology.hl7.org/CodeSystem/designation-usage"/><code value="display"/></use><value value="Coco"/></designation><property><code value="category"/><valueCode value="food"/></property></concept><concept><code value="coelho"/><display value="Coelho"/><designation><language value="pt-BR"/><use><system value="http://terminology.hl7.org/CodeSystem/designation-usage"/><code value="display"/></use><value value="Coelho"/></designation><property><code value="category"/><valueCode value="food"/></property></concept><concept><code value="cogumelo"/><display value="Cogumelos"/><designation><language value="pt-BR"/><use><system value="http://terminology.hl7.org/CodeSystem/designation-usage"/><code value="display"/></use><value value="Cogumelos"/></designation><property><code value="category"/><valueCode value="food"/></property></concept><concept><code value="cola"/><display value="Cola"/><designation><language value="pt-BR"/><use><system value="http://terminology.hl7.org/CodeSystem/designation-usage"/><code value="display"/></use><value value="Cola"/></designation><property><code value="category"/><valueCode value="environment"/></property></concept><concept><code value="contato-metal"/><display value="Contato com Metal"/><designation><language value="pt-BR"/><use><system value="http://terminology.hl7.org/CodeSystem/designation-usage"/><code value="display"/></use><value value="Contato com Metal"/></designation><property><code value="category"/><valueCode value="environment"/></property></concept><concept><code value="cosmetico"/><display value="Cosméticos"/><designation><language value="pt-BR"/><use><system value="http://terminology.hl7.org/CodeSystem/designation-usage"/><code value="display"/></use><value value="Cosméticos"/></designation><property><code value="category"/><valueCode value="environment"/></property></concept><concept><code value="cravo-india"/><display value="Cravo-da- Índia"/><designation><language value="pt-BR"/><use><system value="http://terminology.hl7.org/CodeSystem/designation-usage"/><code value="display"/></use><value value="Cravo-da- Índia"/></designation><property><code value="category"/><valueCode value="food"/></property></concept><concept><code value="crustaceo"/><display value="Crustáceos"/><designation><language value="pt-BR"/><use><system value="http://terminology.hl7.org/CodeSystem/designation-usage"/><code value="display"/></use><value value="Crustáceos"/></designation><property><code value="category"/><valueCode value="food"/></property></concept><concept><code value="curry"/><display value="Curry"/><designation><language value="pt-BR"/><use><system value="http://terminology.hl7.org/CodeSystem/designation-usage"/><code value="display"/></use><value value="Curry"/></designation><property><code value="category"/><valueCode value="food"/></property></concept><concept><code value="enxofre"/><display value="Enxofre"/><designation><language value="pt-BR"/><use><system value="http://terminology.hl7.org/CodeSystem/designation-usage"/><code value="display"/></use><value value="Enxofre"/></designation><property><code value="category"/><valueCode value="environment"/></property></concept><concept><code value="erva-aromatica-especiaria"/><display value="Ervas aromáticas e especiarias"/><designation><language value="pt-BR"/><use><system value="http://terminology.hl7.org/CodeSystem/designation-usage"/><code value="display"/></use><value value="Ervas aromáticas e especiarias"/></designation><property><code value="category"/><valueCode value="food"/></property></concept><concept><code value="erva-daninha"/><display value="Ervas daninhas"/><designation><language value="pt-BR"/><use><system value="http://terminology.hl7.org/CodeSystem/designation-usage"/><code value="display"/></use><value value="Ervas daninhas"/></designation><property><code value="category"/><valueCode value="environment"/></property></concept><concept><code value="etanolamina"/><display value="Etanolamina"/><designation><language value="pt-BR"/><use><system value="http://terminology.hl7.org/CodeSystem/designation-usage"/><code value="display"/></use><value value="Etanolamina"/></designation><property><code value="category"/><valueCode value="environment"/></property></concept><concept><code value="farinha"/><display value="Farinha"/><designation><language value="pt-BR"/><use><system value="http://terminology.hl7.org/CodeSystem/designation-usage"/><code value="display"/></use><value value="Farinha"/></designation><property><code value="category"/><valueCode value="food"/></property></concept><concept><code value="feijao"/><display value="Feijão"/><designation><language value="pt-BR"/><use><system value="http://terminology.hl7.org/CodeSystem/designation-usage"/><code value="display"/></use><value value="Feijão"/></designation><property><code value="category"/><valueCode value="food"/></property></concept><concept><code value="ferro"/><display value="Ferro"/><designation><language value="pt-BR"/><use><system value="http://terminology.hl7.org/CodeSystem/designation-usage"/><code value="display"/></use><value value="Ferro"/></designation><property><code value="category"/><valueCode value="environment"/></property></concept><concept><code value="figo"/><display value="Figos"/><designation><language value="pt-BR"/><use><system value="http://terminology.hl7.org/CodeSystem/designation-usage"/><code value="display"/></use><value value="Figos"/></designation><property><code value="category"/><valueCode value="food"/></property></concept><concept><code value="framboesa"/><display value="Framboesa"/><designation><language value="pt-BR"/><use><system value="http://terminology.hl7.org/CodeSystem/designation-usage"/><code value="display"/></use><value value="Framboesa"/></designation><property><code value="category"/><valueCode value="food"/></property></concept><concept><code value="fruta-citrica"/><display value="Frutas cítricas"/><designation><language value="pt-BR"/><use><system value="http://terminology.hl7.org/CodeSystem/designation-usage"/><code value="display"/></use><value value="Frutas cítricas"/></designation><property><code value="category"/><valueCode value="food"/></property></concept><concept><code value="gengibre"/><display value="Gengibre"/><designation><language value="pt-BR"/><use><system value="http://terminology.hl7.org/CodeSystem/designation-usage"/><code value="display"/></use><value value="Gengibre"/></designation><property><code value="category"/><valueCode value="food"/></property></concept><concept><code value="glutamato"/><display value="Glutamato"/><designation><language value="pt-BR"/><use><system value="http://terminology.hl7.org/CodeSystem/designation-usage"/><code value="display"/></use><value value="Glutamato"/></designation><property><code value="category"/><valueCode value="food"/></property></concept><concept><code value="grama"/><display value="Grama"/><designation><language value="pt-BR"/><use><system value="http://terminology.hl7.org/CodeSystem/designation-usage"/><code value="display"/></use><value value="Grama"/></designation><property><code value="category"/><valueCode value="environment"/></property></concept><concept><code value="grao"/><display value="Grão"/><designation><language value="pt-BR"/><use><system value="http://terminology.hl7.org/CodeSystem/designation-usage"/><code value="display"/></use><value value="Grão"/></designation><property><code value="category"/><valueCode value="food"/></property></concept><concept><code value="grao-soja"/><display value="Grãos de soja"/><designation><language value="pt-BR"/><use><system value="http://terminology.hl7.org/CodeSystem/designation-usage"/><code value="display"/></use><value value="Grãos de soja"/></designation><property><code value="category"/><valueCode value="food"/></property></concept><concept><code value="kiwi"/><display value="Kiwi"/><designation><language value="pt-BR"/><use><system value="http://terminology.hl7.org/CodeSystem/designation-usage"/><code value="display"/></use><value value="Kiwi"/></designation><property><code value="category"/><valueCode value="food"/></property></concept><concept><code value="la"/><display value="Lã"/><designation><language value="pt-BR"/><use><system value="http://terminology.hl7.org/CodeSystem/designation-usage"/><code value="display"/></use><value value="Lã"/></designation><property><code value="category"/><valueCode value="environment"/></property></concept><concept><code value="lagosta"/><display value="Lagosta"/><designation><language value="pt-BR"/><use><system value="http://terminology.hl7.org/CodeSystem/designation-usage"/><code value="display"/></use><value value="Lagosta"/></designation><property><code value="category"/><valueCode value="food"/></property></concept><concept><code value="lambreta"/><display value="Lambreta"/><designation><language value="pt-BR"/><use><system value="http://terminology.hl7.org/CodeSystem/designation-usage"/><code value="display"/></use><value value="Lambreta"/></designation><property><code value="category"/><valueCode value="food"/></property></concept><concept><code value="lanolina"/><display value="Lanolina"/><designation><language value="pt-BR"/><use><system value="http://terminology.hl7.org/CodeSystem/designation-usage"/><code value="display"/></use><value value="Lanolina"/></designation><property><code value="category"/><valueCode value="environment"/></property></concept><concept><code value="laranja"/><display value="Laranja"/><designation><language value="pt-BR"/><use><system value="http://terminology.hl7.org/CodeSystem/designation-usage"/><code value="display"/></use><value value="Laranja"/></designation><property><code value="category"/><valueCode value="food"/></property></concept><concept><code value="latao"/><display value="Latão"/><designation><language value="pt-BR"/><use><system value="http://terminology.hl7.org/CodeSystem/designation-usage"/><code value="display"/></use><value value="Latão"/></designation><property><code value="category"/><valueCode value="environment"/></property></concept><concept><code value="latex"/><display value="Látex"/><designation><language value="pt-BR"/><use><system value="http://terminology.hl7.org/CodeSystem/designation-usage"/><code value="display"/></use><value value="Látex"/></designation><property><code value="category"/><valueCode value="environment"/></property></concept><concept><code value="laticinio"/><display value="Laticínios"/><designation><language value="pt-BR"/><use><system value="http://terminology.hl7.org/CodeSystem/designation-usage"/><code value="display"/></use><value value="Laticínios"/></designation><property><code value="category"/><valueCode value="food"/></property></concept><concept><code value="leguminosa"/><display value="Leguminosas"/><designation><language value="pt-BR"/><use><system value="http://terminology.hl7.org/CodeSystem/designation-usage"/><code value="display"/></use><value value="Leguminosas"/></designation><property><code value="category"/><valueCode value="food"/></property></concept><concept><code value="lima"/><display value="Lima"/><designation><language value="pt-BR"/><use><system value="http://terminology.hl7.org/CodeSystem/designation-usage"/><code value="display"/></use><value value="Lima"/></designation><property><code value="category"/><valueCode value="food"/></property></concept><concept><code value="limao"/><display value="Limão"/><designation><language value="pt-BR"/><use><system value="http://terminology.hl7.org/CodeSystem/designation-usage"/><code value="display"/></use><value value="Limão"/></designation><property><code value="category"/><valueCode value="food"/></property></concept><concept><code value="lula"/><display value="Lula"/><designation><language value="pt-BR"/><use><system value="http://terminology.hl7.org/CodeSystem/designation-usage"/><code value="display"/></use><value value="Lula"/></designation><property><code value="category"/><valueCode value="food"/></property></concept><concept><code value="maca"/><display value="Maçã"/><designation><language value="pt-BR"/><use><system value="http://terminology.hl7.org/CodeSystem/designation-usage"/><code value="display"/></use><value value="Maçã"/></designation><property><code value="category"/><valueCode value="food"/></property></concept><concept><code value="madeira"/><display value="Madeira"/><designation><language value="pt-BR"/><use><system value="http://terminology.hl7.org/CodeSystem/designation-usage"/><code value="display"/></use><value value="Madeira"/></designation><property><code value="category"/><valueCode value="environment"/></property></concept><concept><code value="manga"/><display value="Manga"/><designation><language value="pt-BR"/><use><system value="http://terminology.hl7.org/CodeSystem/designation-usage"/><code value="display"/></use><value value="Manga"/></designation><property><code value="category"/><valueCode value="food"/></property></concept><concept><code value="manteiga-cacau"/><display value="Manteiga de cacau"/><designation><language value="pt-BR"/><use><system value="http://terminology.hl7.org/CodeSystem/designation-usage"/><code value="display"/></use><value value="Manteiga de cacau"/></designation><property><code value="category"/><valueCode value="food"/></property></concept><concept><code value="marisco"/><display value="Marisco"/><designation><language value="pt-BR"/><use><system value="http://terminology.hl7.org/CodeSystem/designation-usage"/><code value="display"/></use><value value="Marisco"/></designation><property><code value="category"/><valueCode value="food"/></property></concept><concept><code value="material-dentario-policarboneto"/><display value="Material dentário em policarboneto"/><designation><language value="pt-BR"/><use><system value="http://terminology.hl7.org/CodeSystem/designation-usage"/><code value="display"/></use><value value="Material dentário em policarboneto"/></designation><property><code value="category"/><valueCode value="environment"/></property></concept><concept><code value="material-sutura"/><display value="Material de sutura"/><designation><language value="pt-BR"/><use><system value="http://terminology.hl7.org/CodeSystem/designation-usage"/><code value="display"/></use><value value="Material de sutura"/></designation><property><code value="category"/><valueCode value="environment"/></property></concept><concept><code value="melancia"/><display value="Melancia"/><designation><language value="pt-BR"/><use><system value="http://terminology.hl7.org/CodeSystem/designation-usage"/><code value="display"/></use><value value="Melancia"/></designation><property><code value="category"/><valueCode value="food"/></property></concept><concept><code value="melao"/><display value="Melão"/><designation><language value="pt-BR"/><use><system value="http://terminology.hl7.org/CodeSystem/designation-usage"/><code value="display"/></use><value value="Melão"/></designation><property><code value="category"/><valueCode value="food"/></property></concept><concept><code value="mexilhao"/><display value="Mexilhão"/><designation><language value="pt-BR"/><use><system value="http://terminology.hl7.org/CodeSystem/designation-usage"/><code value="display"/></use><value value="Mexilhão"/></designation><property><code value="category"/><valueCode value="food"/></property></concept><concept><code value="milho"/><display value="Milho"/><designation><language value="pt-BR"/><use><system value="http://terminology.hl7.org/CodeSystem/designation-usage"/><code value="display"/></use><value value="Milho"/></designation><property><code value="category"/><valueCode value="food"/></property></concept><concept><code value="mirtilo"/><display value="Mirtilos"/><designation><language value="pt-BR"/><use><system value="http://terminology.hl7.org/CodeSystem/designation-usage"/><code value="display"/></use><value value="Mirtilos"/></designation><property><code value="category"/><valueCode value="food"/></property></concept><concept><code value="morango"/><display value="Morango"/><designation><language value="pt-BR"/><use><system value="http://terminology.hl7.org/CodeSystem/designation-usage"/><code value="display"/></use><value value="Morango"/></designation><property><code value="category"/><valueCode value="food"/></property></concept><concept><code value="mostarda"/><display value="Mostarda"/><designation><language value="pt-BR"/><use><system value="http://terminology.hl7.org/CodeSystem/designation-usage"/><code value="display"/></use><value value="Mostarda"/></designation><property><code value="category"/><valueCode value="food"/></property></concept><concept><code value="niquel"/><display value="Níquel"/><designation><language value="pt-BR"/><use><system value="http://terminology.hl7.org/CodeSystem/designation-usage"/><code value="display"/></use><value value="Níquel"/></designation><property><code value="category"/><valueCode value="environment"/></property></concept><concept><code value="noz"/><display value="Nozes"/><designation><language value="pt-BR"/><use><system value="http://terminology.hl7.org/CodeSystem/designation-usage"/><code value="display"/></use><value value="Nozes"/></designation><property><code value="category"/><valueCode value="food"/></property></concept><concept><code value="noz-moscada"/><display value="Noz moscada"/><designation><language value="pt-BR"/><use><system value="http://terminology.hl7.org/CodeSystem/designation-usage"/><code value="display"/></use><value value="Noz moscada"/></designation><property><code value="category"/><valueCode value="food"/></property></concept><concept><code value="oleo-eucalipto"/><display value="Óleo de eucalipto"/><designation><language value="pt-BR"/><use><system value="http://terminology.hl7.org/CodeSystem/designation-usage"/><code value="display"/></use><value value="Óleo de eucalipto"/></designation><property><code value="category"/><valueCode value="environment"/></property></concept><concept><code value="oleo-peixe"/><display value="Óleo de Peixe"/><designation><language value="pt-BR"/><use><system value="http://terminology.hl7.org/CodeSystem/designation-usage"/><code value="display"/></use><value value="Óleo de Peixe"/></designation><property><code value="category"/><valueCode value="food"/></property></concept><concept><code value="organofosfato"/><display value="Organofosfatos"/><designation><language value="pt-BR"/><use><system value="http://terminology.hl7.org/CodeSystem/designation-usage"/><code value="display"/></use><value value="Organofosfatos"/></designation><property><code value="category"/><valueCode value="environment"/></property></concept><concept><code value="ostra"/><display value="Ostra"/><designation><language value="pt-BR"/><use><system value="http://terminology.hl7.org/CodeSystem/designation-usage"/><code value="display"/></use><value value="Ostra"/></designation><property><code value="category"/><valueCode value="food"/></property></concept><concept><code value="ouro"/><display value="Ouro"/><designation><language value="pt-BR"/><use><system value="http://terminology.hl7.org/CodeSystem/designation-usage"/><code value="display"/></use><value value="Ouro"/></designation><property><code value="category"/><valueCode value="environment"/></property></concept><concept><code value="outro-agente-substancia"/><display value="Outros agentes ou substâncias"/><designation><language value="pt-BR"/><use><system value="http://terminology.hl7.org/CodeSystem/designation-usage"/><code value="display"/></use><value value="Outros agentes ou substâncias"/></designation><property><code value="category"/><valueCode value="environment"/></property></concept><concept><code value="outro-alimento"/><display value="Outro alimento"/><designation><language value="pt-BR"/><use><system value="http://terminology.hl7.org/CodeSystem/designation-usage"/><code value="display"/></use><value value="Outro alimento"/></designation><property><code value="category"/><valueCode value="food"/></property></concept><concept><code value="paprica"/><display value="Páprica"/><designation><language value="pt-BR"/><use><system value="http://terminology.hl7.org/CodeSystem/designation-usage"/><code value="display"/></use><value value="Páprica"/></designation><property><code value="category"/><valueCode value="food"/></property></concept><concept><code value="parafina"/><display value="Parafina"/><designation><language value="pt-BR"/><use><system value="http://terminology.hl7.org/CodeSystem/designation-usage"/><code value="display"/></use><value value="Parafina"/></designation><property><code value="category"/><valueCode value="environment"/></property></concept><concept><code value="peixe"/><display value="Peixe"/><designation><language value="pt-BR"/><use><system value="http://terminology.hl7.org/CodeSystem/designation-usage"/><code value="display"/></use><value value="Peixe"/></designation><property><code value="category"/><valueCode value="food"/></property></concept><concept><code value="peixe-aranha"/><display value="Peixe-Aranha"/><designation><language value="pt-BR"/><use><system value="http://terminology.hl7.org/CodeSystem/designation-usage"/><code value="display"/></use><value value="Peixe-Aranha"/></designation><property><code value="category"/><valueCode value="environment"/></property></concept><concept><code value="pelo-animal"/><display value="Pelo de animais"/><designation><language value="pt-BR"/><use><system value="http://terminology.hl7.org/CodeSystem/designation-usage"/><code value="display"/></use><value value="Pelo de animais"/></designation><property><code value="category"/><valueCode value="environment"/></property></concept><concept><code value="pelo-cao"/><display value="Pelo de cão"/><designation><language value="pt-BR"/><use><system value="http://terminology.hl7.org/CodeSystem/designation-usage"/><code value="display"/></use><value value="Pelo de cão"/></designation><property><code value="category"/><valueCode value="environment"/></property></concept><concept><code value="pelo-cavalo"/><display value="Pelo de cavalo"/><designation><language value="pt-BR"/><use><system value="http://terminology.hl7.org/CodeSystem/designation-usage"/><code value="display"/></use><value value="Pelo de cavalo"/></designation><property><code value="category"/><valueCode value="environment"/></property></concept><concept><code value="pelo-coelho"/><display value="Pelo de coelho"/><designation><language value="pt-BR"/><use><system value="http://terminology.hl7.org/CodeSystem/designation-usage"/><code value="display"/></use><value value="Pelo de coelho"/></designation><property><code value="category"/><valueCode value="environment"/></property></concept><concept><code value="pelo-gato"/><display value="Pelo de gato"/><designation><language value="pt-BR"/><use><system value="http://terminology.hl7.org/CodeSystem/designation-usage"/><code value="display"/></use><value value="Pelo de gato"/></designation><property><code value="category"/><valueCode value="environment"/></property></concept><concept><code value="pelo-vaca"/><display value="Pelo de vaca"/><designation><language value="pt-BR"/><use><system value="http://terminology.hl7.org/CodeSystem/designation-usage"/><code value="display"/></use><value value="Pelo de vaca"/></designation><property><code value="category"/><valueCode value="environment"/></property></concept><concept><code value="pena"/><display value="Penas"/><designation><language value="pt-BR"/><use><system value="http://terminology.hl7.org/CodeSystem/designation-usage"/><code value="display"/></use><value value="Penas"/></designation><property><code value="category"/><valueCode value="environment"/></property></concept><concept><code value="perfluorinato"/><display value="Perfluorinato"/><designation><language value="pt-BR"/><use><system value="http://terminology.hl7.org/CodeSystem/designation-usage"/><code value="display"/></use><value value="Perfluorinato"/></designation><property><code value="category"/><valueCode value="environment"/></property></concept><concept><code value="perfume"/><display value="Perfume"/><designation><language value="pt-BR"/><use><system value="http://terminology.hl7.org/CodeSystem/designation-usage"/><code value="display"/></use><value value="Perfume"/></designation><property><code value="category"/><valueCode value="environment"/></property></concept><concept><code value="peroxido-benzoila"/><display value="Peróxido de Benzoíla"/><designation><language value="pt-BR"/><use><system value="http://terminology.hl7.org/CodeSystem/designation-usage"/><code value="display"/></use><value value="Peróxido de Benzoíla"/></designation><property><code value="category"/><valueCode value="environment"/></property></concept><concept><code value="pessego"/><display value="Pêssego"/><designation><language value="pt-BR"/><use><system value="http://terminology.hl7.org/CodeSystem/designation-usage"/><code value="display"/></use><value value="Pêssego"/></designation><property><code value="category"/><valueCode value="food"/></property></concept><concept><code value="pesticida"/><display value="Pesticidas"/><designation><language value="pt-BR"/><use><system value="http://terminology.hl7.org/CodeSystem/designation-usage"/><code value="display"/></use><value value="Pesticidas"/></designation><property><code value="category"/><valueCode value="environment"/></property></concept><concept><code value="pesticida-organoclorado"/><display value="Pesticida organoclorado"/><designation><language value="pt-BR"/><use><system value="http://terminology.hl7.org/CodeSystem/designation-usage"/><code value="display"/></use><value value="Pesticida organoclorado"/></designation><property><code value="category"/><valueCode value="environment"/></property></concept><concept><code value="pimenta"/><display value="Pimenta"/><designation><language value="pt-BR"/><use><system value="http://terminology.hl7.org/CodeSystem/designation-usage"/><code value="display"/></use><value value="Pimenta"/></designation><property><code value="category"/><valueCode value="food"/></property></concept><concept><code value="pinhao"/><display value="Pinhão"/><designation><language value="pt-BR"/><use><system value="http://terminology.hl7.org/CodeSystem/designation-usage"/><code value="display"/></use><value value="Pinhão"/></designation><property><code value="category"/><valueCode value="food"/></property></concept><concept><code value="pistache"/><display value="Pistache"/><designation><language value="pt-BR"/><use><system value="http://terminology.hl7.org/CodeSystem/designation-usage"/><code value="display"/></use><value value="Pistache"/></designation><property><code value="category"/><valueCode value="food"/></property></concept><concept><code value="podofilina"/><display value="Podofilina"/><designation><language value="pt-BR"/><use><system value="http://terminology.hl7.org/CodeSystem/designation-usage"/><code value="display"/></use><value value="Podofilina"/></designation><property><code value="category"/><valueCode value="environment"/></property></concept><concept><code value="polen"/><display value="Pólen"/><designation><language value="pt-BR"/><use><system value="http://terminology.hl7.org/CodeSystem/designation-usage"/><code value="display"/></use><value value="Pólen"/></designation><property><code value="category"/><valueCode value="environment"/></property></concept><concept><code value="polen-grama"/><display value="Pólen de grama"/><designation><language value="pt-BR"/><use><system value="http://terminology.hl7.org/CodeSystem/designation-usage"/><code value="display"/></use><value value="Pólen de grama"/></designation><property><code value="category"/><valueCode value="environment"/></property></concept><concept><code value="polvo"/><display value="Polvo"/><designation><language value="pt-BR"/><use><system value="http://terminology.hl7.org/CodeSystem/designation-usage"/><code value="display"/></use><value value="Polvo"/></designation><property><code value="category"/><valueCode value="food"/></property></concept><concept><code value="porco"/><display value="Porco"/><designation><language value="pt-BR"/><use><system value="http://terminology.hl7.org/CodeSystem/designation-usage"/><code value="display"/></use><value value="Porco"/></designation><property><code value="category"/><valueCode value="food"/></property></concept><concept><code value="prata"/><display value="Prata"/><designation><language value="pt-BR"/><use><system value="http://terminology.hl7.org/CodeSystem/designation-usage"/><code value="display"/></use><value value="Prata"/></designation><property><code value="category"/><valueCode value="environment"/></property></concept><concept><code value="proteina-leite-vaca"/><display value="Proteína do leite de vaca"/><designation><language value="pt-BR"/><use><system value="http://terminology.hl7.org/CodeSystem/designation-usage"/><code value="display"/></use><value value="Proteína do leite de vaca"/></designation><property><code value="category"/><valueCode value="food"/></property></concept><concept><code value="proteina-ovo"/><display value="Proteína do ovo"/><designation><language value="pt-BR"/><use><system value="http://terminology.hl7.org/CodeSystem/designation-usage"/><code value="display"/></use><value value="Proteína do ovo"/></designation><property><code value="category"/><valueCode value="food"/></property></concept><concept><code value="queijo"/><display value="Queijo"/><designation><language value="pt-BR"/><use><system value="http://terminology.hl7.org/CodeSystem/designation-usage"/><code value="display"/></use><value value="Queijo"/></designation><property><code value="category"/><valueCode value="food"/></property></concept><concept><code value="resina-arvore"/><display value="Resina de árvore"/><designation><language value="pt-BR"/><use><system value="http://terminology.hl7.org/CodeSystem/designation-usage"/><code value="display"/></use><value value="Resina de árvore"/></designation><property><code value="category"/><valueCode value="environment"/></property></concept><concept><code value="samambaia"/><display value="Samambaia"/><designation><language value="pt-BR"/><use><system value="http://terminology.hl7.org/CodeSystem/designation-usage"/><code value="display"/></use><value value="Samambaia"/></designation><property><code value="category"/><valueCode value="environment"/></property></concept><concept><code value="seda"/><display value="Seda"/><designation><language value="pt-BR"/><use><system value="http://terminology.hl7.org/CodeSystem/designation-usage"/><code value="display"/></use><value value="Seda"/></designation><property><code value="category"/><valueCode value="environment"/></property></concept><concept><code value="semente"/><display value="Semente"/><designation><language value="pt-BR"/><use><system value="http://terminology.hl7.org/CodeSystem/designation-usage"/><code value="display"/></use><value value="Semente"/></designation><property><code value="category"/><valueCode value="food"/></property></concept><concept><code value="sepia"/><display value="Sépia"/><designation><language value="pt-BR"/><use><system value="http://terminology.hl7.org/CodeSystem/designation-usage"/><code value="display"/></use><value value="Sépia"/></designation><property><code value="category"/><valueCode value="food"/></property></concept><concept><code value="silicone-derivado"/><display value="Silicone e seus derivados"/><designation><language value="pt-BR"/><use><system value="http://terminology.hl7.org/CodeSystem/designation-usage"/><code value="display"/></use><value value="Silicone e seus derivados"/></designation><property><code value="category"/><valueCode value="environment"/></property></concept><concept><code value="sulfito"/><display value="Sulfitos"/><designation><language value="pt-BR"/><use><system value="http://terminology.hl7.org/CodeSystem/designation-usage"/><code value="display"/></use><value value="Sulfitos"/></designation><property><code value="category"/><valueCode value="food"/></property></concept><concept><code value="terpeno"/><display value="Terpeno"/><designation><language value="pt-BR"/><use><system value="http://terminology.hl7.org/CodeSystem/designation-usage"/><code value="display"/></use><value value="Terpeno"/></designation><property><code value="category"/><valueCode value="environment"/></property></concept><concept><code value="tinta-cabelo"/><display value="Tinta para o cabelo"/><designation><language value="pt-BR"/><use><system value="http://terminology.hl7.org/CodeSystem/designation-usage"/><code value="display"/></use><value value="Tinta para o cabelo"/></designation><property><code value="category"/><valueCode value="environment"/></property></concept><concept><code value="tinta-textil"/><display value="Tintas para têxteis"/><designation><language value="pt-BR"/><use><system value="http://terminology.hl7.org/CodeSystem/designation-usage"/><code value="display"/></use><value value="Tintas para têxteis"/></designation><property><code value="category"/><valueCode value="environment"/></property></concept><concept><code value="tomate"/><display value="Tomate"/><designation><language value="pt-BR"/><use><system value="http://terminology.hl7.org/CodeSystem/designation-usage"/><code value="display"/></use><value value="Tomate"/></designation><property><code value="category"/><valueCode value="food"/></property></concept><concept><code value="toxina-botulinica"/><display value="Toxina botulínica"/><designation><language value="pt-BR"/><use><system value="http://terminology.hl7.org/CodeSystem/designation-usage"/><code value="display"/></use><value value="Toxina botulínica"/></designation><property><code value="category"/><valueCode value="environment"/></property></concept><concept><code value="trigo"/><display value="Trigo"/><designation><language value="pt-BR"/><use><system value="http://terminology.hl7.org/CodeSystem/designation-usage"/><code value="display"/></use><value value="Trigo"/></designation><property><code value="category"/><valueCode value="food"/></property></concept><concept><code value="veneno-escorpiao"/><display value="Veneno de escorpião"/><designation><language value="pt-BR"/><use><system value="http://terminology.hl7.org/CodeSystem/designation-usage"/><code value="display"/></use><value value="Veneno de escorpião"/></designation><property><code value="category"/><valueCode value="environment"/></property></concept><concept><code value="veneno-vespa"/><display value="Veneno de vespa"/><designation><language value="pt-BR"/><use><system value="http://terminology.hl7.org/CodeSystem/designation-usage"/><code value="display"/></use><value value="Veneno de vespa"/></designation><property><code value="category"/><valueCode value="environment"/></property></concept></CodeSystem>