<?xml version="1.0" encoding="UTF-8"?><CodeSystem xmlns="http://hl7.org/fhir"><id value="BRFrequenciaUsoSubstancia"/><meta><versionId value="1"/><lastUpdated value="2020-09-20T22:59:38.544+00:00"/></meta><language value="pt-BR"/><text><status value="generated"/><div xmlns="http://www.w3.org/1999/xhtml" xml:lang="pt-BR" lang="pt-BR"><p>This case-sensitive code system <code>http://www.saude.gov.br/fhir/r4/CodeSystem/BRFrequenciaUsoSubstancia</code> defines the following codes:</p><table class="codes"><tr><td style="white-space:nowrap"><b>Code</b></td><td><b>Display</b></td></tr><tr><td style="white-space:nowrap">nunca<a name="BRFrequenciaUsoSubstancia-nunca"> </a></td><td>Nunca</td></tr><tr><td style="white-space:nowrap">uma-ou-duas<a name="BRFrequenciaUsoSubstancia-uma-ou-duas"> </a></td><td>1 ou 2 vezes</td></tr></table></div></text><extension url="http://hl7.org/fhir/StructureDefinition/structuredefinition-fmm"><valueInteger value="1"><extension url="http://hl7.org/fhir/StructureDefinition/structuredefinition-conformance-derivedFrom"><valueCanonical value="http://www.saude.gov.br/fhir/r4/ImplementationGuide/hl7.fhir.br.rac"/></extension></valueInteger></extension><extension url="http://hl7.org/fhir/StructureDefinition/structuredefinition-standards-status"><valueCode value="informative"><extension url="http://hl7.org/fhir/StructureDefinition/structuredefinition-conformance-derivedFrom"><valueCanonical value="http://www.saude.gov.br/fhir/r4/ImplementationGuide/hl7.fhir.br.rac"/></extension></valueCode></extension><url value="http://www.saude.gov.br/fhir/r4/CodeSystem/BRFrequenciaUsoSubstancia"/><version value="0.1.0"/><name value="BRFrequenciaUsoSubstancia"/><title value="Frequência de Uso de Substância"/><status value="draft"/><experimental value="false"/><date value="2020-09-20T22:59:37.2719923+00:00"/><publisher value="Ministério da Saúde do Brasil"/><contact><telecom><system value="url"/><value value="http://www.saude.gov.br"/></telecom></contact><description value="Identifica a frequência de uso da substância conforme declaração do indivíduo, de acordo com o especificado no modelo de informação do Registro de Atendimento Clínico da Resolução CIT nº 33/2018."/><jurisdiction><coding><system value="urn:iso:std:iso:3166"/><code value="BR"/></coding></jurisdiction><caseSensitive value="true"/><content value="complete"/><concept><code value="nunca"/><display value="Nunca"/><designation><language value="pt-BR"/><use><system value="http://terminology.hl7.org/CodeSystem/designation-usage"/><code value="display"/></use><value value="Nunca"/></designation></concept><concept><code value="uma-ou-duas"/><display value="1 ou 2 vezes"/><designation><language value="pt-BR"/><use><system value="http://terminology.hl7.org/CodeSystem/designation-usage"/><code value="display"/></use><value value="1 ou 2 vezes"/></designation></concept></CodeSystem>