<?xml version="1.0" encoding="UTF-8"?><CodeSystem xmlns="http://hl7.org/fhir"><id value="BRDivisaoGeograficaBrasil"/><meta><lastUpdated value="2020-03-11T19:12:55.862+00:00"/></meta><language value="pt-BR"/><text><status value="generated"/><div xmlns="http://www.w3.org/1999/xhtml" xml:lang="pt-BR" lang="pt-BR"><p><b>Properties</b></p><p><b>This code system  defines the following properties for its concepts</b></p><table class="grid"><tr><td><b>Code</b></td><td><b>Type</b></td><td><b>Description</b></td></tr><tr><td>type</td><td>code</td><td>tipo</td></tr><tr><td>ethnical</td><td>string</td><td>Gentílico</td></tr><tr><td>initials</td><td>code</td><td>Sigla</td></tr></table><p><b>Concepts</b></p><p>This case-sensitive code system <code>http://www.saude.gov.br/fhir/r4/CodeSystem/BRDivisaoGeograficaBrasil</code> defines the following codes in an undefined heirarchy:</p><table class="codes"><tr><td><b>Lvl</b></td><td style="white-space:nowrap"><b>Code</b></td><td><b>Display</b></td><td><b>type</b></td><td><b>ethnical</b></td><td><b>initials</b></td></tr><tr><td>1</td><td style="white-space:nowrap">1<a name="BRDivisaoGeograficaBrasil-1"> </a></td><td>Norte</td><td>region</td><td/><td>N</td></tr><tr><td>2</td><td style="white-space:nowrap">  11<a name="BRDivisaoGeograficaBrasil-11"> </a></td><td>Rondônia</td><td>state</td><td/><td>RO</td></tr><tr><td>2</td><td style="white-space:nowrap">  12<a name="BRDivisaoGeograficaBrasil-12"> </a></td><td>Acre</td><td>state</td><td/><td>AC</td></tr><tr><td>2</td><td style="white-space:nowrap">  13<a name="BRDivisaoGeograficaBrasil-13"> </a></td><td>Amazonas</td><td>state</td><td/><td>AM</td></tr><tr><td>2</td><td style="white-space:nowrap">  14<a name="BRDivisaoGeograficaBrasil-14"> </a></td><td>Roraima</td><td>state</td><td/><td>RR</td></tr><tr><td>2</td><td style="white-space:nowrap">  15<a name="BRDivisaoGeograficaBrasil-15"> </a></td><td>Pará</td><td>state</td><td/><td>PA</td></tr><tr><td>2</td><td style="white-space:nowrap">  16<a name="BRDivisaoGeograficaBrasil-16"> </a></td><td>Amapá</td><td>state</td><td/><td>AP</td></tr><tr><td>2</td><td style="white-space:nowrap">  17<a name="BRDivisaoGeograficaBrasil-17"> </a></td><td>Tocantins</td><td>state</td><td/><td>TO</td></tr><tr><td>1</td><td style="white-space:nowrap">2<a name="BRDivisaoGeograficaBrasil-2"> </a></td><td>Nordeste</td><td>region</td><td/><td>NE</td></tr><tr><td>2</td><td style="white-space:nowrap">  21<a name="BRDivisaoGeograficaBrasil-21"> </a></td><td>Maranhão</td><td>state</td><td/><td>MA</td></tr><tr><td>2</td><td style="white-space:nowrap">  22<a name="BRDivisaoGeograficaBrasil-22"> </a></td><td>Piauí</td><td>state</td><td/><td>PI</td></tr><tr><td>2</td><td style="white-space:nowrap">  23<a name="BRDivisaoGeograficaBrasil-23"> </a></td><td>Ceará</td><td>state</td><td/><td>CE</td></tr><tr><td>2</td><td style="white-space:nowrap">  24<a name="BRDivisaoGeograficaBrasil-24"> </a></td><td>Rio Grande do Norte</td><td>state</td><td/><td>RN</td></tr><tr><td>2</td><td style="white-space:nowrap">  25<a name="BRDivisaoGeograficaBrasil-25"> </a></td><td>Paraíba</td><td>state</td><td/><td>PB</td></tr><tr><td>2</td><td style="white-space:nowrap">  26<a name="BRDivisaoGeograficaBrasil-26"> </a></td><td>Pernambuco</td><td>state</td><td/><td>PE</td></tr><tr><td>2</td><td style="white-space:nowrap">  27<a name="BRDivisaoGeograficaBrasil-27"> </a></td><td>Alagoas</td><td>state</td><td/><td>AL</td></tr><tr><td>2</td><td style="white-space:nowrap">  28<a name="BRDivisaoGeograficaBrasil-28"> </a></td><td>Sergipe</td><td>state</td><td/><td>SE</td></tr><tr><td>2</td><td style="white-space:nowrap">  29<a name="BRDivisaoGeograficaBrasil-29"> </a></td><td>Bahia</td><td>state</td><td/><td>BA</td></tr><tr><td>1</td><td style="white-space:nowrap">3<a name="BRDivisaoGeograficaBrasil-3"> </a></td><td>Sudeste</td><td>region</td><td/><td>SE</td></tr><tr><td>2</td><td style="white-space:nowrap">  31<a name="BRDivisaoGeograficaBrasil-31"> </a></td><td>Minas Gerais</td><td>state, state</td><td>mineiro</td><td>MG</td></tr><tr><td>3</td><td style="white-space:nowrap">    315780<a name="BRDivisaoGeograficaBrasil-315780"> </a></td><td>Santa Luzia</td><td>city</td><td>luziense</td><td/></tr><tr><td>2</td><td style="white-space:nowrap">  32<a name="BRDivisaoGeograficaBrasil-32"> </a></td><td>Espírito Santo</td><td>state</td><td/><td>ES</td></tr><tr><td>2</td><td style="white-space:nowrap">  33<a name="BRDivisaoGeograficaBrasil-33"> </a></td><td>Rio de Janeiro</td><td>state</td><td/><td>RJ</td></tr><tr><td>2</td><td style="white-space:nowrap">  34<a name="BRDivisaoGeograficaBrasil-34"> </a></td><td>São Paulo</td><td>state</td><td/><td>SP</td></tr><tr><td>1</td><td style="white-space:nowrap">4<a name="BRDivisaoGeograficaBrasil-4"> </a></td><td>Sul</td><td>region</td><td/><td>S</td></tr><tr><td>2</td><td style="white-space:nowrap">  41<a name="BRDivisaoGeograficaBrasil-41"> </a></td><td>Paraná</td><td>state</td><td/><td>PR</td></tr><tr><td>2</td><td style="white-space:nowrap">  42<a name="BRDivisaoGeograficaBrasil-42"> </a></td><td>Santa Catarina</td><td>state</td><td/><td>SC</td></tr><tr><td>2</td><td style="white-space:nowrap">  43<a name="BRDivisaoGeograficaBrasil-43"> </a></td><td>Rio Grande do Sul</td><td>state</td><td/><td>RS</td></tr><tr><td>1</td><td style="white-space:nowrap">5<a name="BRDivisaoGeograficaBrasil-5"> </a></td><td>Centro-Oeste</td><td>region</td><td/><td>CO</td></tr><tr><td>2</td><td style="white-space:nowrap">  50<a name="BRDivisaoGeograficaBrasil-50"> </a></td><td>Mato Grosso do Sul</td><td>state</td><td/><td>MS</td></tr><tr><td>2</td><td style="white-space:nowrap">  51<a name="BRDivisaoGeograficaBrasil-51"> </a></td><td>Mato Grosso</td><td>state</td><td/><td>MT</td></tr><tr><td>2</td><td style="white-space:nowrap">  52<a name="BRDivisaoGeograficaBrasil-52"> </a></td><td>Goiás</td><td>state</td><td/><td>GO</td></tr><tr><td>2</td><td style="white-space:nowrap">  53<a name="BRDivisaoGeograficaBrasil-53"> </a></td><td>Distrito Federal</td><td>state</td><td/><td>DF</td></tr></table></div></text><extension url="http://hl7.org/fhir/StructureDefinition/structuredefinition-fmm"><valueInteger value="1"><extension url="http://hl7.org/fhir/StructureDefinition/structuredefinition-conformance-derivedFrom"><valueCanonical value="http://www.saude.gov.br/fhir/r4/ImplementationGuide/hl7.fhir.br.rac"/></extension></valueInteger></extension><extension url="http://hl7.org/fhir/StructureDefinition/structuredefinition-standards-status"><valueCode value="informative"><extension url="http://hl7.org/fhir/StructureDefinition/structuredefinition-conformance-derivedFrom"><valueCanonical value="http://www.saude.gov.br/fhir/r4/ImplementationGuide/hl7.fhir.br.rac"/></extension></valueCode></extension><url value="http://www.saude.gov.br/fhir/r4/CodeSystem/BRDivisaoGeograficaBrasil"/><version value="0.1.0"/><name value="BRDivisaoGeograficaBrasil"/><title value="Divisão Geográfica do Brasil"/><status value="active"/><experimental value="false"/><date value="2020-03-11T19:13:16.339365+00:00"/><publisher value="Ministério da Saúde do Brasil"/><contact><telecom><system value="url"/><value value="http://www.saude.gov.br"/></telecom></contact><description value="As regiões geográficas, estados, distrito federal e municípios do Brasil."/><jurisdiction><coding><system value="urn:iso:std:iso:3166"/><code value="BR"/></coding></jurisdiction><caseSensitive value="true"/><content value="complete"/><property><code value="type"/><description value="tipo"/><type value="code"/></property><property><code value="ethnical"/><description value="Gentílico"/><type value="string"/></property><property><code value="initials"/><description value="Sigla"/><type value="code"/></property><concept><code value="1"/><display value="Norte"/><property><code value="type"/><valueCode value="region"/></property><property><code value="initials"/><valueCode value="N"/></property><concept><code value="11"/><display value="Rondônia"/><designation><language value="pt-BR"/><use><system value="http://terminology.hl7.org/CodeSystem/designation-usage"/><code value="display"/></use><value value="Rondônia"/></designation><property><code value="type"/><valueCode value="state"/></property><property><code value="initials"/><valueCode value="RO"/></property></concept><concept><code value="12"/><display value="Acre"/><designation><language value="pt-BR"/><use><system value="http://terminology.hl7.org/CodeSystem/designation-usage"/><code value="display"/></use><value value="Acre"/></designation><property><code value="type"/><valueCode value="state"/></property><property><code value="initials"/><valueCode value="AC"/></property></concept><concept><code value="13"/><display value="Amazonas"/><designation><language value="pt-BR"/><use><system value="http://terminology.hl7.org/CodeSystem/designation-usage"/><code value="display"/></use><value value="Amazonas"/></designation><property><code value="type"/><valueCode value="state"/></property><property><code value="initials"/><valueCode value="AM"/></property></concept><concept><code value="14"/><display value="Roraima"/><designation><language value="pt-BR"/><use><system value="http://terminology.hl7.org/CodeSystem/designation-usage"/><code value="display"/></use><value value="Roraima"/></designation><property><code value="type"/><valueCode value="state"/></property><property><code value="initials"/><valueCode value="RR"/></property></concept><concept><code value="15"/><display value="Pará"/><designation><language value="pt-BR"/><use><system value="http://terminology.hl7.org/CodeSystem/designation-usage"/><code value="display"/></use><value value="Pará"/></designation><property><code value="type"/><valueCode value="state"/></property><property><code value="initials"/><valueCode value="PA"/></property></concept><concept><code value="16"/><display value="Amapá"/><designation><language value="pt-BR"/><use><system value="http://terminology.hl7.org/CodeSystem/designation-usage"/><code value="display"/></use><value value="Amapá"/></designation><property><code value="type"/><valueCode value="state"/></property><property><code value="initials"/><valueCode value="AP"/></property></concept><concept><code value="17"/><display value="Tocantins"/><designation><language value="pt-BR"/><use><system value="http://terminology.hl7.org/CodeSystem/designation-usage"/><code value="display"/></use><value value="Tocantins"/></designation><property><code value="type"/><valueCode value="state"/></property><property><code value="initials"/><valueCode value="TO"/></property></concept></concept><concept><code value="2"/><display value="Nordeste"/><property><code value="type"/><valueCode value="region"/></property><property><code value="initials"/><valueCode value="NE"/></property><concept><code value="21"/><display value="Maranhão"/><designation><language value="pt-BR"/><use><system value="http://terminology.hl7.org/CodeSystem/designation-usage"/><code value="display"/></use><value value="Maranhão"/></designation><property><code value="type"/><valueCode value="state"/></property><property><code value="initials"/><valueCode value="MA"/></property></concept><concept><code value="22"/><display value="Piauí"/><designation><language value="pt-BR"/><use><system value="http://terminology.hl7.org/CodeSystem/designation-usage"/><code value="display"/></use><value value="Piauí"/></designation><property><code value="type"/><valueCode value="state"/></property><property><code value="initials"/><valueCode value="PI"/></property></concept><concept><code value="23"/><display value="Ceará"/><designation><language value="pt-BR"/><use><system value="http://terminology.hl7.org/CodeSystem/designation-usage"/><code value="display"/></use><value value="Ceará"/></designation><property><code value="type"/><valueCode value="state"/></property><property><code value="initials"/><valueCode value="CE"/></property></concept><concept><code value="24"/><display value="Rio Grande do Norte"/><designation><language value="pt-BR"/><use><system value="http://terminology.hl7.org/CodeSystem/designation-usage"/><code value="display"/></use><value value="Rio Grande do Norte"/></designation><property><code value="type"/><valueCode value="state"/></property><property><code value="initials"/><valueCode value="RN"/></property></concept><concept><code value="25"/><display value="Paraíba"/><designation><language value="pt-BR"/><use><system value="http://terminology.hl7.org/CodeSystem/designation-usage"/><code value="display"/></use><value value="Paraíba"/></designation><property><code value="type"/><valueCode value="state"/></property><property><code value="initials"/><valueCode value="PB"/></property></concept><concept><code value="26"/><display value="Pernambuco"/><designation><language value="pt-BR"/><use><system value="http://terminology.hl7.org/CodeSystem/designation-usage"/><code value="display"/></use><value value="Pernambuco"/></designation><property><code value="type"/><valueCode value="state"/></property><property><code value="initials"/><valueCode value="PE"/></property></concept><concept><code value="27"/><display value="Alagoas"/><designation><language value="pt-BR"/><use><system value="http://terminology.hl7.org/CodeSystem/designation-usage"/><code value="display"/></use><value value="Alagoas"/></designation><property><code value="type"/><valueCode value="state"/></property><property><code value="initials"/><valueCode value="AL"/></property></concept><concept><code value="28"/><display value="Sergipe"/><designation><language value="pt-BR"/><use><system value="http://terminology.hl7.org/CodeSystem/designation-usage"/><code value="display"/></use><value value="Sergipe"/></designation><property><code value="type"/><valueCode value="state"/></property><property><code value="initials"/><valueCode value="SE"/></property></concept><concept><code value="29"/><display value="Bahia"/><designation><language value="pt-BR"/><use><system value="http://terminology.hl7.org/CodeSystem/designation-usage"/><code value="display"/></use><value value="Bahia"/></designation><property><code value="type"/><valueCode value="state"/></property><property><code value="initials"/><valueCode value="BA"/></property></concept></concept><concept><code value="3"/><display value="Sudeste"/><property><code value="type"/><valueCode value="region"/></property><property><code value="initials"/><valueCode value="SE"/></property><concept><code value="31"/><display value="Minas Gerais"/><designation><language value="pt-BR"/><use><system value="http://terminology.hl7.org/CodeSystem/designation-usage"/><code value="display"/></use><value value="Minas Gerais"/></designation><property><code value="type"/><valueCode value="state"/></property><property><code value="type"/><valueCode value="state"/></property><property><code value="initials"/><valueCode value="MG"/></property><property><code value="ethnical"/><valueString value="mineiro"/></property><concept><code value="315780"/><display value="Santa Luzia"/><designation><language value="pt-BR"/><use><system value="http://terminology.hl7.org/CodeSystem/designation-usage"/><code value="display"/></use><value value="Santa Luzia"/></designation><property><code value="type"/><valueCode value="city"/></property><property><code value="ethnical"/><valueString value="luziense"/></property></concept></concept><concept><code value="32"/><display value="Espírito Santo"/><designation><language value="pt-BR"/><use><system value="http://terminology.hl7.org/CodeSystem/designation-usage"/><code value="display"/></use><value value="Espírito Santo"/></designation><property><code value="type"/><valueCode value="state"/></property><property><code value="initials"/><valueCode value="ES"/></property></concept><concept><code value="33"/><display value="Rio de Janeiro"/><designation><language value="pt-BR"/><use><system value="http://terminology.hl7.org/CodeSystem/designation-usage"/><code value="display"/></use><value value="Rio de Janeiro"/></designation><property><code value="type"/><valueCode value="state"/></property><property><code value="initials"/><valueCode value="RJ"/></property></concept><concept><code value="34"/><display value="São Paulo"/><designation><language value="pt-BR"/><use><system value="http://terminology.hl7.org/CodeSystem/designation-usage"/><code value="display"/></use><value value="São Paulo"/></designation><property><code value="type"/><valueCode value="state"/></property><property><code value="initials"/><valueCode value="SP"/></property></concept></concept><concept><code value="4"/><display value="Sul"/><property><code value="type"/><valueCode value="region"/></property><property><code value="initials"/><valueCode value="S"/></property><concept><code value="41"/><display value="Paraná"/><designation><language value="pt-BR"/><use><system value="http://terminology.hl7.org/CodeSystem/designation-usage"/><code value="display"/></use><value value="Paraná"/></designation><property><code value="type"/><valueCode value="state"/></property><property><code value="initials"/><valueCode value="PR"/></property></concept><concept><code value="42"/><display value="Santa Catarina"/><designation><language value="pt-BR"/><use><system value="http://terminology.hl7.org/CodeSystem/designation-usage"/><code value="display"/></use><value value="Santa Catarina"/></designation><property><code value="type"/><valueCode value="state"/></property><property><code value="initials"/><valueCode value="SC"/></property></concept><concept><code value="43"/><display value="Rio Grande do Sul"/><designation><language value="pt-BR"/><use><system value="http://terminology.hl7.org/CodeSystem/designation-usage"/><code value="display"/></use><value value="Rio Grande do Sul"/></designation><property><code value="type"/><valueCode value="state"/></property><property><code value="initials"/><valueCode value="RS"/></property></concept></concept><concept><code value="5"/><display value="Centro-Oeste"/><property><code value="type"/><valueCode value="region"/></property><property><code value="initials"/><valueCode value="CO"/></property><concept><code value="50"/><display value="Mato Grosso do Sul"/><designation><language value="pt-BR"/><use><system value="http://terminology.hl7.org/CodeSystem/designation-usage"/><code value="display"/></use><value value="Mato Grosso do Sul"/></designation><property><code value="type"/><valueCode value="state"/></property><property><code value="initials"/><valueCode value="MS"/></property></concept><concept><code value="51"/><display value="Mato Grosso"/><designation><language value="pt-BR"/><use><system value="http://terminology.hl7.org/CodeSystem/designation-usage"/><code value="display"/></use><value value="Mato Grosso"/></designation><property><code value="type"/><valueCode value="state"/></property><property><code value="initials"/><valueCode value="MT"/></property></concept><concept><code value="52"/><display value="Goiás"/><designation><language value="pt-BR"/><use><system value="http://terminology.hl7.org/CodeSystem/designation-usage"/><code value="display"/></use><value value="Goiás"/></designation><property><code value="type"/><valueCode value="state"/></property><property><code value="initials"/><valueCode value="GO"/></property></concept><concept><code value="53"/><display value="Distrito Federal"/><designation><language value="pt-BR"/><use><system value="http://terminology.hl7.org/CodeSystem/designation-usage"/><code value="display"/></use><value value="Distrito Federal"/></designation><property><code value="type"/><valueCode value="state"/></property><property><code value="initials"/><valueCode value="DF"/></property></concept></concept></CodeSystem>