<?xml version="1.0" encoding="UTF-8"?><CodeSystem xmlns="http://hl7.org/fhir"><id value="BRFinanciamento"/><meta><lastUpdated value="2020-03-11T18:12:26.041+00:00"/></meta><language value="pt-BR"/><text><status value="generated"/><div xmlns="http://www.w3.org/1999/xhtml" xml:lang="pt-BR" lang="pt-BR"><p>This case-sensitive code system <code>http://www.saude.gov.br/fhir/r4/CodeSystem/BRFinanciamento</code> defines the following codes:</p><table class="codes"><tr><td style="white-space:nowrap"><b>Code</b></td><td><b>Display</b></td></tr><tr><td style="white-space:nowrap">01<a name="BRFinanciamento-01"> </a></td><td>Federal SUS</td></tr><tr><td style="white-space:nowrap">02<a name="BRFinanciamento-02"> </a></td><td>Plano de Saúde Público</td></tr><tr><td style="white-space:nowrap">03<a name="BRFinanciamento-03"> </a></td><td>Plano de Saúde Privado</td></tr><tr><td style="white-space:nowrap">04<a name="BRFinanciamento-04"> </a></td><td>Particular</td></tr><tr><td style="white-space:nowrap">05<a name="BRFinanciamento-05"> </a></td><td>Gratuidade</td></tr><tr><td style="white-space:nowrap">06<a name="BRFinanciamento-06"> </a></td><td>Estadual SUS</td></tr><tr><td style="white-space:nowrap">07<a name="BRFinanciamento-07"> </a></td><td>Municipal SUS</td></tr><tr><td style="white-space:nowrap">08<a name="BRFinanciamento-08"> </a></td><td>Programas e Projetos Federais</td></tr></table></div></text><extension url="http://hl7.org/fhir/StructureDefinition/structuredefinition-fmm"><valueInteger value="1"><extension url="http://hl7.org/fhir/StructureDefinition/structuredefinition-conformance-derivedFrom"><valueCanonical value="http://www.saude.gov.br/fhir/r4/ImplementationGuide/hl7.fhir.br.rac"/></extension></valueInteger></extension><extension url="http://hl7.org/fhir/StructureDefinition/structuredefinition-standards-status"><valueCode value="informative"><extension url="http://hl7.org/fhir/StructureDefinition/structuredefinition-conformance-derivedFrom"><valueCanonical value="http://www.saude.gov.br/fhir/r4/ImplementationGuide/hl7.fhir.br.rac"/></extension></valueCode></extension><url value="http://www.saude.gov.br/fhir/r4/CodeSystem/BRFinanciamento"/><version value="0.1.0"/><name value="BRFinanciamento"/><title value="Financiamento"/><status value="draft"/><experimental value="false"/><date value="2020-03-11T18:12:46.5570008+00:00"/><publisher value="Ministério da Saúde do Brasil"/><contact><telecom><system value="url"/><value value="http://www.saude.gov.br"/></telecom></contact><description value="Terminologia que descreve o agente, instituição ou entidade responsável por custear as ações e serviços de saúde."/><jurisdiction><coding><system value="urn:iso:std:iso:3166"/><code value="BR"/></coding></jurisdiction><caseSensitive value="true"/><content value="complete"/><concept><code value="01"/><display value="Federal SUS"/><designation><language value="pt-BR"/><use><system value="http://terminology.hl7.org/CodeSystem/designation-usage"/><code value="display"/></use><value value="Federal SUS"/></designation></concept><concept><code value="02"/><display value="Plano de Saúde Público"/><designation><language value="pt-BR"/><use><system value="http://terminology.hl7.org/CodeSystem/designation-usage"/><code value="display"/></use><value value="Plano de Saúde Público"/></designation></concept><concept><code value="03"/><display value="Plano de Saúde Privado"/><designation><language value="pt-BR"/><use><system value="http://terminology.hl7.org/CodeSystem/designation-usage"/><code value="display"/></use><value value="Plano de Saúde Privado"/></designation></concept><concept><code value="04"/><display value="Particular"/><designation><language value="pt-BR"/><use><system value="http://terminology.hl7.org/CodeSystem/designation-usage"/><code value="display"/></use><value value="Particular"/></designation></concept><concept><code value="05"/><display value="Gratuidade"/><designation><language value="pt-BR"/><use><system value="http://terminology.hl7.org/CodeSystem/designation-usage"/><code value="display"/></use><value value="Gratuidade"/></designation></concept><concept><code value="06"/><display value="Estadual SUS"/><designation><language value="pt-BR"/><use><system value="http://terminology.hl7.org/CodeSystem/designation-usage"/><code value="display"/></use><value value="Estadual SUS"/></designation></concept><concept><code value="07"/><display value="Municipal SUS"/><designation><language value="pt-BR"/><use><system value="http://terminology.hl7.org/CodeSystem/designation-usage"/><code value="display"/></use><value value="Municipal SUS"/></designation></concept><concept><code value="08"/><display value="Programas e Projetos Federais"/><designation><language value="pt-BR"/><use><system value="http://terminology.hl7.org/CodeSystem/designation-usage"/><code value="display"/></use><value value="Programas e Projetos Federais"/></designation></concept></CodeSystem>