<?xml version="1.0" encoding="UTF-8"?><CodeSystem xmlns="http://hl7.org/fhir"><id value="BRDadoAusenteOuDesconhecido"/><meta><lastUpdated value="2020-03-11T18:16:07.800+00:00"/></meta><language value="pt-BR"/><text><status value="generated"/><div xmlns="http://www.w3.org/1999/xhtml" xml:lang="pt-BR" lang="pt-BR"><p>This case-sensitive code system <code>http://www.saude.gov.br/fhir/r4/CodeSystem/BRDadoAusenteOuDesconhecido</code> defines the following codes in an undefined heirarchy:</p><table class="codes"><tr><td><b>Lvl</b></td><td style="white-space:nowrap"><b>Code</b></td><td><b>Display</b></td><td><b>Definition</b></td></tr><tr><td>1</td><td style="white-space:nowrap">no-allergy-info<a name="BRDadoAusenteOuDesconhecido-no-allergy-info"> </a></td><td>No information about allergies</td><td>There is no information available regarding the subject's allergy conditions.</td></tr><tr><td>1</td><td style="white-space:nowrap">no-known-allergies<a name="BRDadoAusenteOuDesconhecido-no-known-allergies"> </a></td><td>No known allergies</td><td>The subject has no known allergy conditions.</td></tr><tr><td>2</td><td style="white-space:nowrap">  no-known-medication-allergies<a name="BRDadoAusenteOuDesconhecido-no-known-medication-allergies"> </a></td><td>No known medication allergies</td><td>The subject has no known medication allergy conditions.</td></tr><tr><td>2</td><td style="white-space:nowrap">  no-known-environmental-allergies<a name="BRDadoAusenteOuDesconhecido-no-known-environmental-allergies"> </a></td><td>No known environmental allergies</td><td>The subject has no known environmental allergy conditions.</td></tr><tr><td>2</td><td style="white-space:nowrap">  no-known-food-allergies<a name="BRDadoAusenteOuDesconhecido-no-known-food-allergies"> </a></td><td>No known food allergies</td><td>The subject has no known food allergy conditions.</td></tr><tr><td>1</td><td style="white-space:nowrap">no-device-info<a name="BRDadoAusenteOuDesconhecido-no-device-info"> </a></td><td>No information about devices</td><td>There is no information available regarding implanted or external devices for the subject.</td></tr><tr><td>1</td><td style="white-space:nowrap">no-known-devices<a name="BRDadoAusenteOuDesconhecido-no-known-devices"> </a></td><td>No known devices in use</td><td>There are no devices known to be implanted in or used by the subject that have to be reported in this record. This can mean either that there are none known, or that those known are not relevant for the purpose of this record.</td></tr><tr><td>1</td><td style="white-space:nowrap">no-immunization-info<a name="BRDadoAusenteOuDesconhecido-no-immunization-info"> </a></td><td>No information about immunizations</td><td>The subject's history of previous immunizations is not known.</td></tr><tr><td>1</td><td style="white-space:nowrap">no-known-immunizations<a name="BRDadoAusenteOuDesconhecido-no-known-immunizations"> </a></td><td>No known immunizations</td><td>There is no history of previous immunizations for the subject that have to be reported in this record. This can mean either that there are none known, or that those known are not relevant for the purpose of this record.</td></tr><tr><td>1</td><td style="white-space:nowrap">no-medication-info<a name="BRDadoAusenteOuDesconhecido-no-medication-info"> </a></td><td>No information about medications</td><td>There is no information available about the subject's medication use or administration.</td></tr><tr><td>1</td><td style="white-space:nowrap">no-known-medications<a name="BRDadoAusenteOuDesconhecido-no-known-medications"> </a></td><td>No known medications</td><td>There are no medications for the subject that have to be reported in this record. This can mean either that there are none known, or that those known are not relevant for the purpose of this record.</td></tr><tr><td>1</td><td style="white-space:nowrap">no-problem-info<a name="BRDadoAusenteOuDesconhecido-no-problem-info"> </a></td><td>No information about problems</td><td>There is no information available about the subject's health problems or disabilities.</td></tr><tr><td>1</td><td style="white-space:nowrap">no-known-problems<a name="BRDadoAusenteOuDesconhecido-no-known-problems"> </a></td><td>No known problems</td><td>The subject is not known to have any health problems or disabilities that have to be reported in this record. This can mean either that there are none known, or that those known are not relevant for the purpose of this record.</td></tr><tr><td>1</td><td style="white-space:nowrap">no-procedure-info<a name="BRDadoAusenteOuDesconhecido-no-procedure-info"> </a></td><td>No information about past history of procedures</td><td>There is no information available about the subject's past history of procedures.</td></tr><tr><td>1</td><td style="white-space:nowrap">no-known-procedures<a name="BRDadoAusenteOuDesconhecido-no-known-procedures"> </a></td><td>No known procedures</td><td>The subject has no history of procedures that have to be reported in this record. This can mean either that there are none known, or that those known are not relevant for the purpose of this record.</td></tr></table></div></text><extension url="http://hl7.org/fhir/StructureDefinition/structuredefinition-fmm"><valueInteger value="1"><extension url="http://hl7.org/fhir/StructureDefinition/structuredefinition-conformance-derivedFrom"><valueCanonical value="http://www.saude.gov.br/fhir/r4/ImplementationGuide/hl7.fhir.br.rac"/></extension></valueInteger></extension><extension url="http://hl7.org/fhir/StructureDefinition/structuredefinition-standards-status"><valueCode value="informative"><extension url="http://hl7.org/fhir/StructureDefinition/structuredefinition-conformance-derivedFrom"><valueCanonical value="http://www.saude.gov.br/fhir/r4/ImplementationGuide/hl7.fhir.br.rac"/></extension></valueCode></extension><url value="http://www.saude.gov.br/fhir/r4/CodeSystem/BRDadoAusenteOuDesconhecido"/><version value="0.1.0"/><name value="BRDadoAusenteOuDesconhecido"/><title value="Classificação de dados ausentes ou desconhecidos - IPS."/><status value="active"/><experimental value="false"/><date value="2020-03-11T18:16:28.3110021+00:00"/><publisher value="Ministério da Saúde do Brasil"/><contact><telecom><system value="url"/><value value="http://www.saude.gov.br"/></telecom></contact><description value="Classificação de dados conhecidos mas ausentes e de dados desconhecidos a partir do International Patient Summary - IPS."/><jurisdiction><coding><system value="urn:iso:std:iso:3166"/><code value="BR"/></coding></jurisdiction><caseSensitive value="true"/><content value="complete"/><concept><code value="no-allergy-info"/><display value="No information about allergies"/><definition value="There is no information available regarding the subject's allergy conditions."/><designation><language value="pt-BR"/><value value="Nenhuma informação sobre alergias"/></designation></concept><concept><code value="no-known-allergies"/><display value="No known allergies"/><definition value="The subject has no known allergy conditions."/><designation><language value="pt-BR"/><value value="Nenhuma alergia conhecida."/></designation><concept><code value="no-known-medication-allergies"/><display value="No known medication allergies"/><definition value="The subject has no known medication allergy conditions."/><designation><language value="pt-BR"/><value value="Nenhum medicamento para alergia conhecido."/></designation></concept><concept><code value="no-known-environmental-allergies"/><display value="No known environmental allergies"/><definition value="The subject has no known environmental allergy conditions."/><designation><language value="pt-BR"/><value value="Nenhum fator ambiental conhecido para uma dada alergia."/></designation></concept><concept><code value="no-known-food-allergies"/><display value="No known food allergies"/><definition value="The subject has no known food allergy conditions."/><designation><language value="pt-BR"/><value value="Nenhuma alergia alimentar conhecida."/></designation></concept></concept><concept><code value="no-device-info"/><display value="No information about devices"/><definition value="There is no information available regarding implanted or external devices for the subject."/><designation><language value="pt-BR"/><value value="Nenhuma informação sobre algum dispositivo."/></designation></concept><concept><code value="no-known-devices"/><display value="No known devices in use"/><definition value="There are no devices known to be implanted in or used by the subject that have to be reported in this record. This can mean either that there are none known, or that those known are not relevant for the purpose of this record."/><designation><language value="pt-BR"/><value value="Nenhum dispositivo em uso"/></designation></concept><concept><code value="no-immunization-info"/><display value="No information about immunizations"/><definition value="The subject's history of previous immunizations is not known."/><designation><language value="pt-BR"/><value value="Nenhuma informação sobre imunização"/></designation></concept><concept><code value="no-known-immunizations"/><display value="No known immunizations"/><definition value="There is no history of previous immunizations for the subject that have to be reported in this record. This can mean either that there are none known, or that those known are not relevant for the purpose of this record."/><designation><language value="pt-BR"/><value value="Nenhuma informação sobre imunização."/></designation></concept><concept><code value="no-medication-info"/><display value="No information about medications"/><definition value="There is no information available about the subject's medication use or administration."/><designation><language value="pt-BR"/><value value="Sem informação de medicamentos."/></designation></concept><concept><code value="no-known-medications"/><display value="No known medications"/><definition value="There are no medications for the subject that have to be reported in this record. This can mean either that there are none known, or that those known are not relevant for the purpose of this record."/><designation><language value="pt-BR"/><value value="Sem medicação."/></designation></concept><concept><code value="no-problem-info"/><display value="No information about problems"/><definition value="There is no information available about the subject's health problems or disabilities."/><designation><language value="pt-BR"/><value value="Nenhuma informação sobre o problema."/></designation></concept><concept><code value="no-known-problems"/><display value="No known problems"/><definition value="The subject is not known to have any health problems or disabilities that have to be reported in this record. This can mean either that there are none known, or that those known are not relevant for the purpose of this record."/><designation><language value="pt-BR"/><value value="Nenhum problema conhecido."/></designation></concept><concept><code value="no-procedure-info"/><display value="No information about past history of procedures"/><definition value="There is no information available about the subject's past history of procedures."/><designation><language value="pt-BR"/><value value="Nenhuma informação sobre procedimento."/></designation></concept><concept><code value="no-known-procedures"/><display value="No known procedures"/><definition value="The subject has no history of procedures that have to be reported in this record. This can mean either that there are none known, or that those known are not relevant for the purpose of this record."/><designation><language value="pt-BR"/><value value="Nenhum procedimento conhecido."/></designation></concept></CodeSystem>