<?xml version="1.0" encoding="UTF-8"?><CodeSystem xmlns="http://hl7.org/fhir"><id value="BRMotivoDesfecho"/><meta><lastUpdated value="2020-03-11T18:16:07.800+00:00"/></meta><language value="pt-BR"/><text><status value="generated"/><div xmlns="http://www.w3.org/1999/xhtml" xml:lang="pt-BR" lang="pt-BR"><p>This case-sensitive code system <code>http://www.saude.gov.br/fhir/r4/CodeSystem/BRMotivoDesfecho</code> defines the following codes:</p><table class="codes"><tr><td style="white-space:nowrap"><b>Code</b></td><td><b>Display</b></td></tr><tr><td style="white-space:nowrap">01<a name="BRMotivoDesfecho-01"> </a></td><td>Alta clínica</td></tr><tr><td style="white-space:nowrap">02<a name="BRMotivoDesfecho-02"> </a></td><td>Alta Voluntária</td></tr><tr><td style="white-space:nowrap">03<a name="BRMotivoDesfecho-03"> </a></td><td>Encaminhamento</td></tr><tr><td style="white-space:nowrap">04<a name="BRMotivoDesfecho-04"> </a></td><td>Evasão</td></tr><tr><td style="white-space:nowrap">05<a name="BRMotivoDesfecho-05"> </a></td><td>Ordem Judicial</td></tr><tr><td style="white-space:nowrap">06<a name="BRMotivoDesfecho-06"> </a></td><td>Óbito</td></tr><tr><td style="white-space:nowrap">07<a name="BRMotivoDesfecho-07"> </a></td><td>Permanência</td></tr><tr><td style="white-space:nowrap">08<a name="BRMotivoDesfecho-08"> </a></td><td>Retorno</td></tr><tr><td style="white-space:nowrap">09<a name="BRMotivoDesfecho-09"> </a></td><td>Transferência</td></tr><tr><td style="white-space:nowrap">99<a name="BRMotivoDesfecho-99"> </a></td><td>Sem registro no modelo de informação de origem</td></tr></table></div></text><extension url="http://hl7.org/fhir/StructureDefinition/structuredefinition-fmm"><valueInteger value="1"><extension url="http://hl7.org/fhir/StructureDefinition/structuredefinition-conformance-derivedFrom"><valueCanonical value="http://www.saude.gov.br/fhir/r4/ImplementationGuide/hl7.fhir.br.rac"/></extension></valueInteger></extension><extension url="http://hl7.org/fhir/StructureDefinition/structuredefinition-standards-status"><valueCode value="informative"><extension url="http://hl7.org/fhir/StructureDefinition/structuredefinition-conformance-derivedFrom"><valueCanonical value="http://www.saude.gov.br/fhir/r4/ImplementationGuide/hl7.fhir.br.rac"/></extension></valueCode></extension><url value="http://www.saude.gov.br/fhir/r4/CodeSystem/BRMotivoDesfecho"/><version value="0.1.0"/><name value="BRMotivoDesfecho"/><title value="Motivo do Desfecho"/><status value="draft"/><experimental value="false"/><date value="2020-03-11T18:16:28.3110021+00:00"/><publisher value="Ministério da Saúde do Brasil"/><contact><telecom><system value="url"/><value value="http://www.saude.gov.br"/></telecom></contact><description value="Caracteriza o motivo de conclusão total ou parcial do contato assistencial."/><jurisdiction><coding><system value="urn:iso:std:iso:3166"/><code value="BR"/></coding></jurisdiction><caseSensitive value="true"/><content value="complete"/><concept><code value="01"/><display value="Alta clínica"/><designation><language value="pt-BR"/><use><system value="http://terminology.hl7.org/CodeSystem/designation-usage"/><code value="display"/></use><value value="Alta clínica"/></designation></concept><concept><code value="02"/><display value="Alta Voluntária"/><designation><language value="pt-BR"/><use><system value="http://terminology.hl7.org/CodeSystem/designation-usage"/><code value="display"/></use><value value="Alta Voluntária"/></designation></concept><concept><code value="03"/><display value="Encaminhamento"/><designation><language value="pt-BR"/><use><system value="http://terminology.hl7.org/CodeSystem/designation-usage"/><code value="display"/></use><value value="Encaminhamento"/></designation></concept><concept><code value="04"/><display value="Evasão"/><designation><language value="pt-BR"/><use><system value="http://terminology.hl7.org/CodeSystem/designation-usage"/><code value="display"/></use><value value="Evasão"/></designation></concept><concept><code value="05"/><display value="Ordem Judicial"/><designation><language value="pt-BR"/><use><system value="http://terminology.hl7.org/CodeSystem/designation-usage"/><code value="display"/></use><value value="Ordem Judicial"/></designation></concept><concept><code value="06"/><display value="Óbito"/><designation><language value="pt-BR"/><use><system value="http://terminology.hl7.org/CodeSystem/designation-usage"/><code value="display"/></use><value value="Óbito"/></designation></concept><concept><code value="07"/><display value="Permanência"/><designation><language value="pt-BR"/><use><system value="http://terminology.hl7.org/CodeSystem/designation-usage"/><code value="display"/></use><value value="Permanência"/></designation></concept><concept><code value="08"/><display value="Retorno"/><designation><language value="pt-BR"/><use><system value="http://terminology.hl7.org/CodeSystem/designation-usage"/><code value="display"/></use><value value="Retorno"/></designation></concept><concept><code value="09"/><display value="Transferência"/><designation><language value="pt-BR"/><use><system value="http://terminology.hl7.org/CodeSystem/designation-usage"/><code value="display"/></use><value value="Transferência"/></designation></concept><concept><code value="99"/><display value="Sem registro no modelo de informação de origem"/><designation><language value="pt-BR"/><use><system value="http://terminology.hl7.org/CodeSystem/designation-usage"/><code value="display"/></use><value value="Sem registro no modelo de informação de origem"/></designation></concept></CodeSystem>