<?xml version="1.0" encoding="UTF-8"?><CodeSystem xmlns="http://hl7.org/fhir"><id value="BRUnidadeMedida"/><meta><lastUpdated value="2021-12-01T13:16:09.8385573+00:00"/></meta><language value="pt-BR"/><text><status value="generated"/><div xmlns="http://www.w3.org/1999/xhtml" xml:lang="pt-BR" lang="pt-BR"><p>This case-sensitive code system <code>http://www.saude.gov.br/fhir/r4/CodeSystem/BRUnidadeMedida</code> defines the following codes:</p><table class="codes"><tr><td style="white-space:nowrap"><b>Code</b></td><td><b>Display</b></td></tr><tr><td style="white-space:nowrap">1<a name="BRUnidadeMedida-1"> </a></td><td>Adesivo</td></tr><tr><td style="white-space:nowrap">2<a name="BRUnidadeMedida-2"> </a></td><td>Ampola</td></tr><tr><td style="white-space:nowrap">3<a name="BRUnidadeMedida-3"> </a></td><td>Anel</td></tr><tr><td style="white-space:nowrap">4<a name="BRUnidadeMedida-4"> </a></td><td>Aplicação</td></tr><tr><td style="white-space:nowrap">5<a name="BRUnidadeMedida-5"> </a></td><td>Aplicador</td></tr><tr><td style="white-space:nowrap">6<a name="BRUnidadeMedida-6"> </a></td><td>Atomização</td></tr><tr><td style="white-space:nowrap">7<a name="BRUnidadeMedida-7"> </a></td><td>Bandagem</td></tr><tr><td style="white-space:nowrap">8<a name="BRUnidadeMedida-8"> </a></td><td>Barra</td></tr><tr><td style="white-space:nowrap">9<a name="BRUnidadeMedida-9"> </a></td><td>Bisnaga</td></tr><tr><td style="white-space:nowrap">10<a name="BRUnidadeMedida-10"> </a></td><td>Blíster</td></tr><tr><td style="white-space:nowrap">11<a name="BRUnidadeMedida-11"> </a></td><td>Bolsa</td></tr><tr><td style="white-space:nowrap">12<a name="BRUnidadeMedida-12"> </a></td><td>Caixa</td></tr><tr><td style="white-space:nowrap">13<a name="BRUnidadeMedida-13"> </a></td><td>Cápsula</td></tr><tr><td style="white-space:nowrap">14<a name="BRUnidadeMedida-14"> </a></td><td>Carpule</td></tr><tr><td style="white-space:nowrap">15<a name="BRUnidadeMedida-15"> </a></td><td>Cartucho</td></tr><tr><td style="white-space:nowrap">16<a name="BRUnidadeMedida-16"> </a></td><td>Catéter</td></tr><tr><td style="white-space:nowrap">17<a name="BRUnidadeMedida-17"> </a></td><td>cm (Centímetro)</td></tr><tr><td style="white-space:nowrap">18<a name="BRUnidadeMedida-18"> </a></td><td>cm² (Centímetro Quadrado)</td></tr><tr><td style="white-space:nowrap">19<a name="BRUnidadeMedida-19"> </a></td><td>Comprimido</td></tr><tr><td style="white-space:nowrap">20<a name="BRUnidadeMedida-20"> </a></td><td>Desconhecido</td></tr><tr><td style="white-space:nowrap">21<a name="BRUnidadeMedida-21"> </a></td><td>Dispositivo</td></tr><tr><td style="white-space:nowrap">22<a name="BRUnidadeMedida-22"> </a></td><td>Dispositivo de injeção pré-carregado</td></tr><tr><td style="white-space:nowrap">23<a name="BRUnidadeMedida-23"> </a></td><td>Dose</td></tr><tr><td style="white-space:nowrap">24<a name="BRUnidadeMedida-24"> </a></td><td>Emplastro</td></tr><tr><td style="white-space:nowrap">25<a name="BRUnidadeMedida-25"> </a></td><td>Endosporos</td></tr><tr><td style="white-space:nowrap">26<a name="BRUnidadeMedida-26"> </a></td><td>Enema</td></tr><tr><td style="white-space:nowrap">27<a name="BRUnidadeMedida-27"> </a></td><td>Envelope</td></tr><tr><td style="white-space:nowrap">28<a name="BRUnidadeMedida-28"> </a></td><td>Estojo</td></tr><tr><td style="white-space:nowrap">29<a name="BRUnidadeMedida-29"> </a></td><td>Filme</td></tr><tr><td style="white-space:nowrap">30<a name="BRUnidadeMedida-30"> </a></td><td>Flaconete</td></tr><tr><td style="white-space:nowrap">31<a name="BRUnidadeMedida-31"> </a></td><td>Frasco</td></tr><tr><td style="white-space:nowrap">32<a name="BRUnidadeMedida-32"> </a></td><td>Frasco-ampola</td></tr><tr><td style="white-space:nowrap">33<a name="BRUnidadeMedida-33"> </a></td><td>g (Grama)</td></tr><tr><td style="white-space:nowrap">34<a name="BRUnidadeMedida-34"> </a></td><td>Goma</td></tr><tr><td style="white-space:nowrap">35<a name="BRUnidadeMedida-35"> </a></td><td>Gota</td></tr><tr><td style="white-space:nowrap">36<a name="BRUnidadeMedida-36"> </a></td><td>Hora</td></tr><tr><td style="white-space:nowrap">37<a name="BRUnidadeMedida-37"> </a></td><td>Implante</td></tr><tr><td style="white-space:nowrap">38<a name="BRUnidadeMedida-38"> </a></td><td>kg (Quilograma)</td></tr><tr><td style="white-space:nowrap">39<a name="BRUnidadeMedida-39"> </a></td><td>L (Litro)</td></tr><tr><td style="white-space:nowrap">40<a name="BRUnidadeMedida-40"> </a></td><td>Lata</td></tr><tr><td style="white-space:nowrap">41<a name="BRUnidadeMedida-41"> </a></td><td>m (Metro)</td></tr><tr><td style="white-space:nowrap">42<a name="BRUnidadeMedida-42"> </a></td><td>mEq (Miliequivalente)</td></tr><tr><td style="white-space:nowrap">43<a name="BRUnidadeMedida-43"> </a></td><td>mg (Miligrama)</td></tr><tr><td style="white-space:nowrap">44<a name="BRUnidadeMedida-44"> </a></td><td>Micrograma</td></tr><tr><td style="white-space:nowrap">45<a name="BRUnidadeMedida-45"> </a></td><td>Microlitro</td></tr><tr><td style="white-space:nowrap">46<a name="BRUnidadeMedida-46"> </a></td><td>Milhões</td></tr><tr><td style="white-space:nowrap">47<a name="BRUnidadeMedida-47"> </a></td><td>MUI (Milhões de unidades internacionais)</td></tr><tr><td style="white-space:nowrap">48<a name="BRUnidadeMedida-48"> </a></td><td>mL (Mililitro)</td></tr><tr><td style="white-space:nowrap">49<a name="BRUnidadeMedida-49"> </a></td><td>mm (Milímetro)</td></tr><tr><td style="white-space:nowrap">50<a name="BRUnidadeMedida-50"> </a></td><td>ng (Nanograma)</td></tr><tr><td style="white-space:nowrap">51<a name="BRUnidadeMedida-51"> </a></td><td>nL (Nanolitro)</td></tr><tr><td style="white-space:nowrap">52<a name="BRUnidadeMedida-52"> </a></td><td>Pastilha</td></tr><tr><td style="white-space:nowrap">53<a name="BRUnidadeMedida-53"> </a></td><td>Pastilha dura</td></tr><tr><td style="white-space:nowrap">54<a name="BRUnidadeMedida-54"> </a></td><td>Pastilha gomosa</td></tr><tr><td style="white-space:nowrap">55<a name="BRUnidadeMedida-55"> </a></td><td>Pílula</td></tr><tr><td style="white-space:nowrap">56<a name="BRUnidadeMedida-56"> </a></td><td>Saco</td></tr><tr><td style="white-space:nowrap">57<a name="BRUnidadeMedida-57"> </a></td><td>Seringa</td></tr><tr><td style="white-space:nowrap">58<a name="BRUnidadeMedida-58"> </a></td><td>Strip</td></tr><tr><td style="white-space:nowrap">59<a name="BRUnidadeMedida-59"> </a></td><td>Supositório</td></tr><tr><td style="white-space:nowrap">60<a name="BRUnidadeMedida-60"> </a></td><td>UI (Unidade Internacional)</td></tr><tr><td style="white-space:nowrap">61<a name="BRUnidadeMedida-61"> </a></td><td>UIC (Unidade Inibidora de Calicreína)</td></tr><tr><td style="white-space:nowrap">62<a name="BRUnidadeMedida-62"> </a></td><td>Unidade</td></tr><tr><td style="white-space:nowrap">63<a name="BRUnidadeMedida-63"> </a></td><td>UTR (Unidade Redutora da Turbidez)</td></tr><tr><td style="white-space:nowrap">64<a name="BRUnidadeMedida-64"> </a></td><td>Óvulo</td></tr><tr><td style="white-space:nowrap">66<a name="BRUnidadeMedida-66"> </a></td><td>Bastão</td></tr><tr><td style="white-space:nowrap">69<a name="BRUnidadeMedida-69"> </a></td><td>Capsula inalante</td></tr><tr><td style="white-space:nowrap">70<a name="BRUnidadeMedida-70"> </a></td><td>Cartão</td></tr><tr><td style="white-space:nowrap">71<a name="BRUnidadeMedida-71"> </a></td><td>Cartela</td></tr><tr><td style="white-space:nowrap">74<a name="BRUnidadeMedida-74"> </a></td><td>Drágea</td></tr><tr><td style="white-space:nowrap">75<a name="BRUnidadeMedida-75"> </a></td><td>Pote</td></tr><tr><td style="white-space:nowrap">76<a name="BRUnidadeMedida-76"> </a></td><td>Sachê</td></tr><tr><td style="white-space:nowrap">77<a name="BRUnidadeMedida-77"> </a></td><td>Seringa preenchida</td></tr><tr><td style="white-space:nowrap">78<a name="BRUnidadeMedida-78"> </a></td><td>Tablete</td></tr><tr><td style="white-space:nowrap">79<a name="BRUnidadeMedida-79"> </a></td><td>Tubete</td></tr><tr><td style="white-space:nowrap">80<a name="BRUnidadeMedida-80"> </a></td><td>Tubo</td></tr><tr><td style="white-space:nowrap">82<a name="BRUnidadeMedida-82"> </a></td><td>Glóbulo</td></tr></table></div></text><extension url="http://hl7.org/fhir/StructureDefinition/structuredefinition-fmm"><valueInteger value="1"><extension url="http://hl7.org/fhir/StructureDefinition/structuredefinition-conformance-derivedFrom"><valueCanonical value="http://www.saude.gov.br/fhir/r4/ImplementationGuide/hl7.fhir.br.rac"/></extension></valueInteger></extension><extension url="http://hl7.org/fhir/StructureDefinition/structuredefinition-standards-status"><valueCode value="informative"><extension url="http://hl7.org/fhir/StructureDefinition/structuredefinition-conformance-derivedFrom"><valueCanonical value="http://www.saude.gov.br/fhir/r4/ImplementationGuide/hl7.fhir.br.rac"/></extension></valueCode></extension><url value="http://www.saude.gov.br/fhir/r4/CodeSystem/BRUnidadeMedida"/><version value="1.0.0"/><name value="BRUnidadeMedida"/><title value="Unidade de Medida"/><status value="active"/><experimental value="false"/><date value="2021-12-01T13:16:09.8385573+00:00"/><publisher value="Ministério da Saúde do Brasil"/><contact><telecom><system value="url"/><value value="http://www.saude.gov.br"/></telecom></contact><description value="Code System utilizado para definir a unidade de medida de um medicamento prescrito, para consumo ou especificação do fabricante."/><jurisdiction><coding><system value="urn:iso:std:iso:3166"/><code value="BR"/></coding></jurisdiction><caseSensitive value="true"/><content value="complete"/><concept><code value="1"/><display value="Adesivo"/><designation><language value="pt-BR"/><use><system value="http://terminology.hl7.org/CodeSystem/designation-usage"/><code value="display"/></use><value value="Adesivo"/></designation><designation><language value="pt-BR"/><use><system value="http://terminology.hl7.org/CodeSystem/designation-usage"/><code value="display"/></use><value value="Adesivo"/></designation></concept><concept><code value="2"/><display value="Ampola"/><designation><language value="pt-BR"/><use><system value="http://terminology.hl7.org/CodeSystem/designation-usage"/><code value="display"/></use><value value="Ampola"/></designation><designation><language value="pt-BR"/><use><system value="http://terminology.hl7.org/CodeSystem/designation-usage"/><code value="display"/></use><value value="Ampola"/></designation></concept><concept><code value="3"/><display value="Anel"/><designation><language value="pt-BR"/><use><system value="http://terminology.hl7.org/CodeSystem/designation-usage"/><code value="display"/></use><value value="Anel"/></designation><designation><language value="pt-BR"/><use><system value="http://terminology.hl7.org/CodeSystem/designation-usage"/><code value="display"/></use><value value="Anel"/></designation></concept><concept><code value="4"/><display value="Aplicação"/><designation><language value="pt-BR"/><use><system value="http://terminology.hl7.org/CodeSystem/designation-usage"/><code value="display"/></use><value value="Aplicação"/></designation><designation><language value="pt-BR"/><use><system value="http://terminology.hl7.org/CodeSystem/designation-usage"/><code value="display"/></use><value value="Aplicação"/></designation></concept><concept><code value="5"/><display value="Aplicador"/><designation><language value="pt-BR"/><use><system value="http://terminology.hl7.org/CodeSystem/designation-usage"/><code value="display"/></use><value value="Aplicador"/></designation><designation><language value="pt-BR"/><use><system value="http://terminology.hl7.org/CodeSystem/designation-usage"/><code value="display"/></use><value value="Aplicador"/></designation></concept><concept><code value="6"/><display value="Atomização"/><designation><language value="pt-BR"/><use><system value="http://terminology.hl7.org/CodeSystem/designation-usage"/><code value="display"/></use><value value="Atomização"/></designation><designation><language value="pt-BR"/><use><system value="http://terminology.hl7.org/CodeSystem/designation-usage"/><code value="display"/></use><value value="Atomização"/></designation></concept><concept><code value="7"/><display value="Bandagem"/><designation><language value="pt-BR"/><use><system value="http://terminology.hl7.org/CodeSystem/designation-usage"/><code value="display"/></use><value value="Bandagem"/></designation><designation><language value="pt-BR"/><use><system value="http://terminology.hl7.org/CodeSystem/designation-usage"/><code value="display"/></use><value value="Bandagem"/></designation></concept><concept><code value="8"/><display value="Barra"/><designation><language value="pt-BR"/><use><system value="http://terminology.hl7.org/CodeSystem/designation-usage"/><code value="display"/></use><value value="Barra"/></designation><designation><language value="pt-BR"/><use><system value="http://terminology.hl7.org/CodeSystem/designation-usage"/><code value="display"/></use><value value="Barra"/></designation></concept><concept><code value="9"/><display value="Bisnaga"/><designation><language value="pt-BR"/><use><system value="http://terminology.hl7.org/CodeSystem/designation-usage"/><code value="display"/></use><value value="Bisnaga"/></designation><designation><language value="pt-BR"/><use><system value="http://terminology.hl7.org/CodeSystem/designation-usage"/><code value="display"/></use><value value="Bisnaga"/></designation></concept><concept><code value="10"/><display value="Blíster"/><designation><language value="pt-BR"/><use><system value="http://terminology.hl7.org/CodeSystem/designation-usage"/><code value="display"/></use><value value="Blíster"/></designation><designation><language value="pt-BR"/><use><system value="http://terminology.hl7.org/CodeSystem/designation-usage"/><code value="display"/></use><value value="Blíster"/></designation></concept><concept><code value="11"/><display value="Bolsa"/><designation><language value="pt-BR"/><use><system value="http://terminology.hl7.org/CodeSystem/designation-usage"/><code value="display"/></use><value value="Bolsa"/></designation><designation><language value="pt-BR"/><use><system value="http://terminology.hl7.org/CodeSystem/designation-usage"/><code value="display"/></use><value value="Bolsa"/></designation></concept><concept><code value="12"/><display value="Caixa"/><designation><language value="pt-BR"/><use><system value="http://terminology.hl7.org/CodeSystem/designation-usage"/><code value="display"/></use><value value="Caixa"/></designation><designation><language value="pt-BR"/><use><system value="http://terminology.hl7.org/CodeSystem/designation-usage"/><code value="display"/></use><value value="Caixa"/></designation></concept><concept><code value="13"/><display value="Cápsula"/><designation><language value="pt-BR"/><use><system value="http://terminology.hl7.org/CodeSystem/designation-usage"/><code value="display"/></use><value value="Cápsula"/></designation><designation><language value="pt-BR"/><use><system value="http://terminology.hl7.org/CodeSystem/designation-usage"/><code value="display"/></use><value value="Cápsula"/></designation></concept><concept><code value="14"/><display value="Carpule"/><designation><language value="pt-BR"/><use><system value="http://terminology.hl7.org/CodeSystem/designation-usage"/><code value="display"/></use><value value="Carpule"/></designation><designation><language value="pt-BR"/><use><system value="http://terminology.hl7.org/CodeSystem/designation-usage"/><code value="display"/></use><value value="Carpule"/></designation></concept><concept><code value="15"/><display value="Cartucho"/><designation><language value="pt-BR"/><use><system value="http://terminology.hl7.org/CodeSystem/designation-usage"/><code value="display"/></use><value value="Cartucho"/></designation><designation><language value="pt-BR"/><use><system value="http://terminology.hl7.org/CodeSystem/designation-usage"/><code value="display"/></use><value value="Cartucho"/></designation></concept><concept><code value="16"/><display value="Catéter"/><designation><language value="pt-BR"/><use><system value="http://terminology.hl7.org/CodeSystem/designation-usage"/><code value="display"/></use><value value="Catéter"/></designation><designation><language value="pt-BR"/><use><system value="http://terminology.hl7.org/CodeSystem/designation-usage"/><code value="display"/></use><value value="Catéter"/></designation></concept><concept><code value="17"/><display value="cm (Centímetro)"/><designation><language value="pt-BR"/><use><system value="http://terminology.hl7.org/CodeSystem/designation-usage"/><code value="display"/></use><value value="cm (Centímetro)"/></designation><designation><language value="pt-BR"/><use><system value="http://terminology.hl7.org/CodeSystem/designation-usage"/><code value="display"/></use><value value="cm (Centímetro)"/></designation></concept><concept><code value="18"/><display value="cm² (Centímetro Quadrado)"/><designation><language value="pt-BR"/><use><system value="http://terminology.hl7.org/CodeSystem/designation-usage"/><code value="display"/></use><value value="cm² (Centímetro Quadrado)"/></designation><designation><language value="pt-BR"/><use><system value="http://terminology.hl7.org/CodeSystem/designation-usage"/><code value="display"/></use><value value="cm² (Centímetro Quadrado)"/></designation></concept><concept><code value="19"/><display value="Comprimido"/><designation><language value="pt-BR"/><use><system value="http://terminology.hl7.org/CodeSystem/designation-usage"/><code value="display"/></use><value value="Comprimido"/></designation><designation><language value="pt-BR"/><use><system value="http://terminology.hl7.org/CodeSystem/designation-usage"/><code value="display"/></use><value value="Comprimido"/></designation></concept><concept><code value="20"/><display value="Desconhecido"/><designation><language value="pt-BR"/><use><system value="http://terminology.hl7.org/CodeSystem/designation-usage"/><code value="display"/></use><value value="Desconhecido"/></designation><designation><language value="pt-BR"/><use><system value="http://terminology.hl7.org/CodeSystem/designation-usage"/><code value="display"/></use><value value="Desconhecido"/></designation></concept><concept><code value="21"/><display value="Dispositivo"/><designation><language value="pt-BR"/><use><system value="http://terminology.hl7.org/CodeSystem/designation-usage"/><code value="display"/></use><value value="Dispositivo"/></designation><designation><language value="pt-BR"/><use><system value="http://terminology.hl7.org/CodeSystem/designation-usage"/><code value="display"/></use><value value="Dispositivo"/></designation></concept><concept><code value="22"/><display value="Dispositivo de injeção pré-carregado"/><designation><language value="pt-BR"/><use><system value="http://terminology.hl7.org/CodeSystem/designation-usage"/><code value="display"/></use><value value="Dispositivo de injeção pré-carregado"/></designation><designation><language value="pt-BR"/><use><system value="http://terminology.hl7.org/CodeSystem/designation-usage"/><code value="display"/></use><value value="Dispositivo de injeção pré-carregado"/></designation></concept><concept><code value="23"/><display value="Dose"/><designation><language value="pt-BR"/><use><system value="http://terminology.hl7.org/CodeSystem/designation-usage"/><code value="display"/></use><value value="Dose"/></designation><designation><language value="pt-BR"/><use><system value="http://terminology.hl7.org/CodeSystem/designation-usage"/><code value="display"/></use><value value="Dose"/></designation></concept><concept><code value="24"/><display value="Emplastro"/><designation><language value="pt-BR"/><use><system value="http://terminology.hl7.org/CodeSystem/designation-usage"/><code value="display"/></use><value value="Emplastro"/></designation><designation><language value="pt-BR"/><use><system value="http://terminology.hl7.org/CodeSystem/designation-usage"/><code value="display"/></use><value value="Emplastro"/></designation></concept><concept><code value="25"/><display value="Endosporos"/><designation><language value="pt-BR"/><use><system value="http://terminology.hl7.org/CodeSystem/designation-usage"/><code value="display"/></use><value value="Endosporos"/></designation><designation><language value="pt-BR"/><use><system value="http://terminology.hl7.org/CodeSystem/designation-usage"/><code value="display"/></use><value value="Endosporos"/></designation></concept><concept><code value="26"/><display value="Enema"/><designation><language value="pt-BR"/><use><system value="http://terminology.hl7.org/CodeSystem/designation-usage"/><code value="display"/></use><value value="Enema"/></designation><designation><language value="pt-BR"/><use><system value="http://terminology.hl7.org/CodeSystem/designation-usage"/><code value="display"/></use><value value="Enema"/></designation></concept><concept><code value="27"/><display value="Envelope"/><designation><language value="pt-BR"/><use><system value="http://terminology.hl7.org/CodeSystem/designation-usage"/><code value="display"/></use><value value="Envelope"/></designation><designation><language value="pt-BR"/><use><system value="http://terminology.hl7.org/CodeSystem/designation-usage"/><code value="display"/></use><value value="Envelope"/></designation></concept><concept><code value="28"/><display value="Estojo"/><designation><language value="pt-BR"/><use><system value="http://terminology.hl7.org/CodeSystem/designation-usage"/><code value="display"/></use><value value="Estojo"/></designation><designation><language value="pt-BR"/><use><system value="http://terminology.hl7.org/CodeSystem/designation-usage"/><code value="display"/></use><value value="Estojo"/></designation></concept><concept><code value="29"/><display value="Filme"/><designation><language value="pt-BR"/><use><system value="http://terminology.hl7.org/CodeSystem/designation-usage"/><code value="display"/></use><value value="Filme"/></designation><designation><language value="pt-BR"/><use><system value="http://terminology.hl7.org/CodeSystem/designation-usage"/><code value="display"/></use><value value="Filme"/></designation></concept><concept><code value="30"/><display value="Flaconete"/><designation><language value="pt-BR"/><use><system value="http://terminology.hl7.org/CodeSystem/designation-usage"/><code value="display"/></use><value value="Flaconete"/></designation><designation><language value="pt-BR"/><use><system value="http://terminology.hl7.org/CodeSystem/designation-usage"/><code value="display"/></use><value value="Flaconete"/></designation></concept><concept><code value="31"/><display value="Frasco"/><designation><language value="pt-BR"/><use><system value="http://terminology.hl7.org/CodeSystem/designation-usage"/><code value="display"/></use><value value="Frasco"/></designation><designation><language value="pt-BR"/><use><system value="http://terminology.hl7.org/CodeSystem/designation-usage"/><code value="display"/></use><value value="Frasco"/></designation></concept><concept><code value="32"/><display value="Frasco-ampola"/><designation><language value="pt-BR"/><use><system value="http://terminology.hl7.org/CodeSystem/designation-usage"/><code value="display"/></use><value value="Frasco-ampola"/></designation><designation><language value="pt-BR"/><use><system value="http://terminology.hl7.org/CodeSystem/designation-usage"/><code value="display"/></use><value value="Frasco-ampola"/></designation></concept><concept><code value="33"/><display value="g (Grama)"/><designation><language value="pt-BR"/><use><system value="http://terminology.hl7.org/CodeSystem/designation-usage"/><code value="display"/></use><value value="g (Grama)"/></designation><designation><language value="pt-BR"/><use><system value="http://terminology.hl7.org/CodeSystem/designation-usage"/><code value="display"/></use><value value="g (Grama)"/></designation></concept><concept><code value="34"/><display value="Goma"/><designation><language value="pt-BR"/><use><system value="http://terminology.hl7.org/CodeSystem/designation-usage"/><code value="display"/></use><value value="Goma"/></designation><designation><language value="pt-BR"/><use><system value="http://terminology.hl7.org/CodeSystem/designation-usage"/><code value="display"/></use><value value="Goma"/></designation></concept><concept><code value="35"/><display value="Gota"/><designation><language value="pt-BR"/><use><system value="http://terminology.hl7.org/CodeSystem/designation-usage"/><code value="display"/></use><value value="Gota"/></designation><designation><language value="pt-BR"/><use><system value="http://terminology.hl7.org/CodeSystem/designation-usage"/><code value="display"/></use><value value="Gota"/></designation></concept><concept><code value="36"/><display value="Hora"/><designation><language value="pt-BR"/><use><system value="http://terminology.hl7.org/CodeSystem/designation-usage"/><code value="display"/></use><value value="Hora"/></designation><designation><language value="pt-BR"/><use><system value="http://terminology.hl7.org/CodeSystem/designation-usage"/><code value="display"/></use><value value="Hora"/></designation></concept><concept><code value="37"/><display value="Implante"/><designation><language value="pt-BR"/><use><system value="http://terminology.hl7.org/CodeSystem/designation-usage"/><code value="display"/></use><value value="Implante"/></designation><designation><language value="pt-BR"/><use><system value="http://terminology.hl7.org/CodeSystem/designation-usage"/><code value="display"/></use><value value="Implante"/></designation></concept><concept><code value="38"/><display value="kg (Quilograma)"/><designation><language value="pt-BR"/><use><system value="http://terminology.hl7.org/CodeSystem/designation-usage"/><code value="display"/></use><value value="kg (Quilograma)"/></designation><designation><language value="pt-BR"/><use><system value="http://terminology.hl7.org/CodeSystem/designation-usage"/><code value="display"/></use><value value="kg (Quilograma)"/></designation></concept><concept><code value="39"/><display value="L (Litro)"/><designation><language value="pt-BR"/><use><system value="http://terminology.hl7.org/CodeSystem/designation-usage"/><code value="display"/></use><value value="L (Litro)"/></designation><designation><language value="pt-BR"/><use><system value="http://terminology.hl7.org/CodeSystem/designation-usage"/><code value="display"/></use><value value="L (Litro)"/></designation></concept><concept><code value="40"/><display value="Lata"/><designation><language value="pt-BR"/><use><system value="http://terminology.hl7.org/CodeSystem/designation-usage"/><code value="display"/></use><value value="Lata"/></designation><designation><language value="pt-BR"/><use><system value="http://terminology.hl7.org/CodeSystem/designation-usage"/><code value="display"/></use><value value="Lata"/></designation></concept><concept><code value="41"/><display value="m (Metro)"/><designation><language value="pt-BR"/><use><system value="http://terminology.hl7.org/CodeSystem/designation-usage"/><code value="display"/></use><value value="m (Metro)"/></designation><designation><language value="pt-BR"/><use><system value="http://terminology.hl7.org/CodeSystem/designation-usage"/><code value="display"/></use><value value="m (Metro)"/></designation></concept><concept><code value="42"/><display value="mEq (Miliequivalente)"/><designation><language value="pt-BR"/><use><system value="http://terminology.hl7.org/CodeSystem/designation-usage"/><code value="display"/></use><value value="mEq (Miliequivalente)"/></designation><designation><language value="pt-BR"/><use><system value="http://terminology.hl7.org/CodeSystem/designation-usage"/><code value="display"/></use><value value="mEq (Miliequivalente)"/></designation></concept><concept><code value="43"/><display value="mg (Miligrama)"/><designation><language value="pt-BR"/><use><system value="http://terminology.hl7.org/CodeSystem/designation-usage"/><code value="display"/></use><value value="mg (Miligrama)"/></designation><designation><language value="pt-BR"/><use><system value="http://terminology.hl7.org/CodeSystem/designation-usage"/><code value="display"/></use><value value="mg (Miligrama)"/></designation></concept><concept><code value="44"/><display value="Micrograma"/><designation><language value="pt-BR"/><use><system value="http://terminology.hl7.org/CodeSystem/designation-usage"/><code value="display"/></use><value value="Micrograma"/></designation><designation><language value="pt-BR"/><use><system value="http://terminology.hl7.org/CodeSystem/designation-usage"/><code value="display"/></use><value value="Micrograma"/></designation></concept><concept><code value="45"/><display value="Microlitro"/><designation><language value="pt-BR"/><use><system value="http://terminology.hl7.org/CodeSystem/designation-usage"/><code value="display"/></use><value value="Microlitro"/></designation><designation><language value="pt-BR"/><use><system value="http://terminology.hl7.org/CodeSystem/designation-usage"/><code value="display"/></use><value value="Microlitro"/></designation></concept><concept><code value="46"/><display value="Milhões"/><designation><language value="pt-BR"/><use><system value="http://terminology.hl7.org/CodeSystem/designation-usage"/><code value="display"/></use><value value="Milhões"/></designation><designation><language value="pt-BR"/><use><system value="http://terminology.hl7.org/CodeSystem/designation-usage"/><code value="display"/></use><value value="Milhões"/></designation></concept><concept><code value="47"/><display value="MUI (Milhões de unidades internacionais)"/><designation><language value="pt-BR"/><use><system value="http://terminology.hl7.org/CodeSystem/designation-usage"/><code value="display"/></use><value value="MUI (Milhões de unidades internacionais)"/></designation><designation><language value="pt-BR"/><use><system value="http://terminology.hl7.org/CodeSystem/designation-usage"/><code value="display"/></use><value value="MUI (Milhões de unidades internacionais)"/></designation></concept><concept><code value="48"/><display value="mL (Mililitro)"/><designation><language value="pt-BR"/><use><system value="http://terminology.hl7.org/CodeSystem/designation-usage"/><code value="display"/></use><value value="mL (Mililitro)"/></designation><designation><language value="pt-BR"/><use><system value="http://terminology.hl7.org/CodeSystem/designation-usage"/><code value="display"/></use><value value="mL (Mililitro)"/></designation></concept><concept><code value="49"/><display value="mm (Milímetro)"/><designation><language value="pt-BR"/><use><system value="http://terminology.hl7.org/CodeSystem/designation-usage"/><code value="display"/></use><value value="mm (Milímetro)"/></designation><designation><language value="pt-BR"/><use><system value="http://terminology.hl7.org/CodeSystem/designation-usage"/><code value="display"/></use><value value="mm (Milímetro)"/></designation></concept><concept><code value="50"/><display value="ng (Nanograma)"/><designation><language value="pt-BR"/><use><system value="http://terminology.hl7.org/CodeSystem/designation-usage"/><code value="display"/></use><value value="ng (Nanograma)"/></designation><designation><language value="pt-BR"/><use><system value="http://terminology.hl7.org/CodeSystem/designation-usage"/><code value="display"/></use><value value="ng (Nanograma)"/></designation></concept><concept><code value="51"/><display value="nL (Nanolitro)"/><designation><language value="pt-BR"/><use><system value="http://terminology.hl7.org/CodeSystem/designation-usage"/><code value="display"/></use><value value="nL (Nanolitro)"/></designation><designation><language value="pt-BR"/><use><system value="http://terminology.hl7.org/CodeSystem/designation-usage"/><code value="display"/></use><value value="nL (Nanolitro)"/></designation></concept><concept><code value="52"/><display value="Pastilha"/><designation><language value="pt-BR"/><use><system value="http://terminology.hl7.org/CodeSystem/designation-usage"/><code value="display"/></use><value value="Pastilha"/></designation><designation><language value="pt-BR"/><use><system value="http://terminology.hl7.org/CodeSystem/designation-usage"/><code value="display"/></use><value value="Pastilha"/></designation></concept><concept><code value="53"/><display value="Pastilha dura"/><designation><language value="pt-BR"/><use><system value="http://terminology.hl7.org/CodeSystem/designation-usage"/><code value="display"/></use><value value="Pastilha dura"/></designation><designation><language value="pt-BR"/><use><system value="http://terminology.hl7.org/CodeSystem/designation-usage"/><code value="display"/></use><value value="Pastilha dura"/></designation></concept><concept><code value="54"/><display value="Pastilha gomosa"/><designation><language value="pt-BR"/><use><system value="http://terminology.hl7.org/CodeSystem/designation-usage"/><code value="display"/></use><value value="Pastilha gomosa"/></designation><designation><language value="pt-BR"/><use><system value="http://terminology.hl7.org/CodeSystem/designation-usage"/><code value="display"/></use><value value="Pastilha gomosa"/></designation></concept><concept><code value="55"/><display value="Pílula"/><designation><language value="pt-BR"/><use><system value="http://terminology.hl7.org/CodeSystem/designation-usage"/><code value="display"/></use><value value="Pílula"/></designation><designation><language value="pt-BR"/><use><system value="http://terminology.hl7.org/CodeSystem/designation-usage"/><code value="display"/></use><value value="Pílula"/></designation></concept><concept><code value="56"/><display value="Saco"/><designation><language value="pt-BR"/><use><system value="http://terminology.hl7.org/CodeSystem/designation-usage"/><code value="display"/></use><value value="Saco"/></designation><designation><language value="pt-BR"/><use><system value="http://terminology.hl7.org/CodeSystem/designation-usage"/><code value="display"/></use><value value="Saco"/></designation></concept><concept><code value="57"/><display value="Seringa"/><designation><language value="pt-BR"/><use><system value="http://terminology.hl7.org/CodeSystem/designation-usage"/><code value="display"/></use><value value="Seringa"/></designation><designation><language value="pt-BR"/><use><system value="http://terminology.hl7.org/CodeSystem/designation-usage"/><code value="display"/></use><value value="Seringa"/></designation></concept><concept><code value="58"/><display value="Strip"/><designation><language value="pt-BR"/><use><system value="http://terminology.hl7.org/CodeSystem/designation-usage"/><code value="display"/></use><value value="Strip"/></designation><designation><language value="pt-BR"/><use><system value="http://terminology.hl7.org/CodeSystem/designation-usage"/><code value="display"/></use><value value="Strip"/></designation></concept><concept><code value="59"/><display value="Supositório"/><designation><language value="pt-BR"/><use><system value="http://terminology.hl7.org/CodeSystem/designation-usage"/><code value="display"/></use><value value="Supositório"/></designation><designation><language value="pt-BR"/><use><system value="http://terminology.hl7.org/CodeSystem/designation-usage"/><code value="display"/></use><value value="Supositório"/></designation></concept><concept><code value="60"/><display value="UI (Unidade Internacional)"/><designation><language value="pt-BR"/><use><system value="http://terminology.hl7.org/CodeSystem/designation-usage"/><code value="display"/></use><value value="UI (Unidade Internacional)"/></designation><designation><language value="pt-BR"/><use><system value="http://terminology.hl7.org/CodeSystem/designation-usage"/><code value="display"/></use><value value="UI (Unidade Internacional)"/></designation></concept><concept><code value="61"/><display value="UIC (Unidade Inibidora de Calicreína)"/><designation><language value="pt-BR"/><use><system value="http://terminology.hl7.org/CodeSystem/designation-usage"/><code value="display"/></use><value value="UIC (Unidade Inibidora de Calicreína)"/></designation><designation><language value="pt-BR"/><use><system value="http://terminology.hl7.org/CodeSystem/designation-usage"/><code value="display"/></use><value value="UIC (Unidade Inibidora de Calicreína)"/></designation></concept><concept><code value="62"/><display value="Unidade"/><designation><language value="pt-BR"/><use><system value="http://terminology.hl7.org/CodeSystem/designation-usage"/><code value="display"/></use><value value="Unidade"/></designation><designation><language value="pt-BR"/><use><system value="http://terminology.hl7.org/CodeSystem/designation-usage"/><code value="display"/></use><value value="Unidade"/></designation></concept><concept><code value="63"/><display value="UTR (Unidade Redutora da Turbidez)"/><designation><language value="pt-BR"/><use><system value="http://terminology.hl7.org/CodeSystem/designation-usage"/><code value="display"/></use><value value="UTR (Unidade Redutora da Turbidez)"/></designation><designation><language value="pt-BR"/><use><system value="http://terminology.hl7.org/CodeSystem/designation-usage"/><code value="display"/></use><value value="UTR (Unidade Redutora da Turbidez)"/></designation></concept><concept><code value="64"/><display value="Óvulo"/><designation><language value="pt-BR"/><use><system value="http://terminology.hl7.org/CodeSystem/designation-usage"/><code value="display"/></use><value value="Óvulo"/></designation><designation><language value="pt-BR"/><use><system value="http://terminology.hl7.org/CodeSystem/designation-usage"/><code value="display"/></use><value value="Óvulo"/></designation></concept><concept><code value="66"/><display value="Bastão"/><designation><language value="pt-BR"/><use><system value="http://terminology.hl7.org/CodeSystem/designation-usage"/><code value="display"/></use><value value="Bastão"/></designation><designation><language value="pt-BR"/><use><system value="http://terminology.hl7.org/CodeSystem/designation-usage"/><code value="display"/></use><value value="Bastão"/></designation></concept><concept><code value="69"/><display value="Capsula inalante"/><designation><language value="pt-BR"/><use><system value="http://terminology.hl7.org/CodeSystem/designation-usage"/><code value="display"/></use><value value="Capsula inalante"/></designation><designation><language value="pt-BR"/><use><system value="http://terminology.hl7.org/CodeSystem/designation-usage"/><code value="display"/></use><value value="Capsula inalante"/></designation></concept><concept><code value="70"/><display value="Cartão"/><designation><language value="pt-BR"/><use><system value="http://terminology.hl7.org/CodeSystem/designation-usage"/><code value="display"/></use><value value="Cartão"/></designation><designation><language value="pt-BR"/><use><system value="http://terminology.hl7.org/CodeSystem/designation-usage"/><code value="display"/></use><value value="Cartão"/></designation></concept><concept><code value="71"/><display value="Cartela"/><designation><language value="pt-BR"/><use><system value="http://terminology.hl7.org/CodeSystem/designation-usage"/><code value="display"/></use><value value="Cartela"/></designation><designation><language value="pt-BR"/><use><system value="http://terminology.hl7.org/CodeSystem/designation-usage"/><code value="display"/></use><value value="Cartela"/></designation></concept><concept><code value="74"/><display value="Drágea"/><designation><language value="pt-BR"/><use><system value="http://terminology.hl7.org/CodeSystem/designation-usage"/><code value="display"/></use><value value="Drágea"/></designation><designation><language value="pt-BR"/><use><system value="http://terminology.hl7.org/CodeSystem/designation-usage"/><code value="display"/></use><value value="Drágea"/></designation></concept><concept><code value="75"/><display value="Pote"/><designation><language value="pt-BR"/><use><system value="http://terminology.hl7.org/CodeSystem/designation-usage"/><code value="display"/></use><value value="Pote"/></designation><designation><language value="pt-BR"/><use><system value="http://terminology.hl7.org/CodeSystem/designation-usage"/><code value="display"/></use><value value="Pote"/></designation></concept><concept><code value="76"/><display value="Sachê"/><designation><language value="pt-BR"/><use><system value="http://terminology.hl7.org/CodeSystem/designation-usage"/><code value="display"/></use><value value="Sachê"/></designation><designation><language value="pt-BR"/><use><system value="http://terminology.hl7.org/CodeSystem/designation-usage"/><code value="display"/></use><value value="Sachê"/></designation></concept><concept><code value="77"/><display value="Seringa preenchida"/><designation><language value="pt-BR"/><use><system value="http://terminology.hl7.org/CodeSystem/designation-usage"/><code value="display"/></use><value value="Seringa preenchida"/></designation><designation><language value="pt-BR"/><use><system value="http://terminology.hl7.org/CodeSystem/designation-usage"/><code value="display"/></use><value value="Seringa preenchida"/></designation></concept><concept><code value="78"/><display value="Tablete"/><designation><language value="pt-BR"/><use><system value="http://terminology.hl7.org/CodeSystem/designation-usage"/><code value="display"/></use><value value="Tablete"/></designation><designation><language value="pt-BR"/><use><system value="http://terminology.hl7.org/CodeSystem/designation-usage"/><code value="display"/></use><value value="Tablete"/></designation></concept><concept><code value="79"/><display value="Tubete"/><designation><language value="pt-BR"/><use><system value="http://terminology.hl7.org/CodeSystem/designation-usage"/><code value="display"/></use><value value="Tubete"/></designation><designation><language value="pt-BR"/><use><system value="http://terminology.hl7.org/CodeSystem/designation-usage"/><code value="display"/></use><value value="Tubete"/></designation></concept><concept><code value="80"/><display value="Tubo"/><designation><language value="pt-BR"/><use><system value="http://terminology.hl7.org/CodeSystem/designation-usage"/><code value="display"/></use><value value="Tubo"/></designation><designation><language value="pt-BR"/><use><system value="http://terminology.hl7.org/CodeSystem/designation-usage"/><code value="display"/></use><value value="Tubo"/></designation></concept><concept><code value="82"/><display value="Glóbulo"/><designation><language value="pt-BR"/><use><system value="http://terminology.hl7.org/CodeSystem/designation-usage"/><code value="display"/></use><value value="Glóbulo"/></designation><designation><language value="pt-BR"/><use><system value="http://terminology.hl7.org/CodeSystem/designation-usage"/><code value="display"/></use><value value="Glóbulo"/></designation></concept></CodeSystem>