<?xml version="1.0" encoding="UTF-8"?><CodeSystem xmlns="http://hl7.org/fhir"><id value="BROrgaoExpedidor"/><meta><lastUpdated value="2020-03-11T18:19:26.425+00:00"/></meta><language value="pt-BR"/><text><status value="generated"/><div xmlns="http://www.w3.org/1999/xhtml" xml:lang="pt-BR" lang="pt-BR"><p>This case-sensitive code system <code>http://www.saude.gov.br/fhir/r4/CodeSystem/BROrgaoExpedidor</code> defines the following codes:</p><table class="codes"><tr><td style="white-space:nowrap"><b>Code</b></td><td><b>Display</b></td></tr><tr><td style="white-space:nowrap">RFB<a name="BROrgaoExpedidor-RFB"> </a></td><td>Receita Federal do Brasil</td></tr><tr><td style="white-space:nowrap">COREN<a name="BROrgaoExpedidor-COREN"> </a></td><td>Conselho Regional de Enfermagem (COREn)</td></tr><tr><td style="white-space:nowrap">CRM<a name="BROrgaoExpedidor-CRM"> </a></td><td>Conselho Regional de Medicina (CRM)</td></tr><tr><td style="white-space:nowrap">CRO<a name="BROrgaoExpedidor-CRO"> </a></td><td>Conselho Regional de Odontologia (CRO)</td></tr><tr><td style="white-space:nowrap">CRA<a name="BROrgaoExpedidor-CRA"> </a></td><td>Conselho Regional de Administração (CRA)</td></tr><tr><td style="white-space:nowrap">CRESS<a name="BROrgaoExpedidor-CRESS"> </a></td><td>Conselho Regional de Serviço Social (CRESS)</td></tr><tr><td style="white-space:nowrap">CRB<a name="BROrgaoExpedidor-CRB"> </a></td><td>Conselho Regional de Biblioteconomia (CRB)</td></tr><tr><td style="white-space:nowrap">CRC<a name="BROrgaoExpedidor-CRC"> </a></td><td>Conselho Regional de Contabilidade (CRC)</td></tr><tr><td style="white-space:nowrap">CRECI<a name="BROrgaoExpedidor-CRECI"> </a></td><td>Conselho Regional de Corretores de Imóveis (CRECI)</td></tr><tr><td style="white-space:nowrap">CORECON<a name="BROrgaoExpedidor-CORECON"> </a></td><td>Conselho Regional de Economia (CORECON)</td></tr><tr><td style="white-space:nowrap">CREA<a name="BROrgaoExpedidor-CREA"> </a></td><td>Conselho Regional de Engenharia e Agronomia (CREA)</td></tr><tr><td style="white-space:nowrap">CONFRE<a name="BROrgaoExpedidor-CONFRE"> </a></td><td>Conselho Regional de Estatística (CONRE)</td></tr><tr><td style="white-space:nowrap">CRF<a name="BROrgaoExpedidor-CRF"> </a></td><td>Conselho Regional de Farmácia (CRF)</td></tr><tr><td style="white-space:nowrap">CREFITO<a name="BROrgaoExpedidor-CREFITO"> </a></td><td>Conselho Regional de Fisioterapia e Terapia Ocupacional (CREFITO)</td></tr><tr><td style="white-space:nowrap">CRMV<a name="BROrgaoExpedidor-CRMV"> </a></td><td>Conselho Regional de Medicina Veterinária (CRMV)</td></tr><tr><td style="white-space:nowrap">CRN<a name="BROrgaoExpedidor-CRN"> </a></td><td>Conselho Regional de Nutrição (CRN)</td></tr><tr><td style="white-space:nowrap">CONRERP<a name="BROrgaoExpedidor-CONRERP"> </a></td><td>Conselho Regional de Reçações Públicas (CONRERP)</td></tr><tr><td style="white-space:nowrap">CRP<a name="BROrgaoExpedidor-CRP"> </a></td><td>Conselho Regional de Psicologia (CRP)</td></tr><tr><td style="white-space:nowrap">CRQ<a name="BROrgaoExpedidor-CRQ"> </a></td><td>Conselho Regional de Química (CRQ)</td></tr><tr><td style="white-space:nowrap">CORE<a name="BROrgaoExpedidor-CORE"> </a></td><td>Conselho Regional de Representantes Comerciais (CORE)</td></tr><tr><td style="white-space:nowrap">CREF<a name="BROrgaoExpedidor-CREF"> </a></td><td>Conselho Regional de Educação Física (CREF)</td></tr><tr><td style="white-space:nowrap">CAU<a name="BROrgaoExpedidor-CAU"> </a></td><td>Conselho Regional de Arquitetura e Urbanismo (CAU)</td></tr><tr><td style="white-space:nowrap">CRBIO<a name="BROrgaoExpedidor-CRBIO"> </a></td><td>Conselho Regional de Biologia (CRBio)</td></tr><tr><td style="white-space:nowrap">CRBM<a name="BROrgaoExpedidor-CRBM"> </a></td><td>Conselho Regional de Biomedicina (CRBM)</td></tr><tr><td style="white-space:nowrap">CRFA<a name="BROrgaoExpedidor-CRFA"> </a></td><td>Conselho Regional de Fonoaudiologia (CRFa/CREFONO)</td></tr><tr><td style="white-space:nowrap">CRTR<a name="BROrgaoExpedidor-CRTR"> </a></td><td>Conselho Regional de Técnicos em Radiologia (CRTR)</td></tr><tr><td style="white-space:nowrap">CRT<a name="BROrgaoExpedidor-CRT"> </a></td><td>Conselho Regional dos Técnicos Industriais (CRT)</td></tr><tr><td style="white-space:nowrap">OAB<a name="BROrgaoExpedidor-OAB"> </a></td><td>Ordem dos Advogados do BRAasil (OAB)</td></tr><tr><td style="white-space:nowrap">EB<a name="BROrgaoExpedidor-EB"> </a></td><td>Exército Brasileiro</td></tr><tr><td style="white-space:nowrap">FAB<a name="BROrgaoExpedidor-FAB"> </a></td><td>Força Aérea Brasileira</td></tr><tr><td style="white-space:nowrap">MB<a name="BROrgaoExpedidor-MB"> </a></td><td>Marinha do Brasil</td></tr><tr><td style="white-space:nowrap">PM<a name="BROrgaoExpedidor-PM"> </a></td><td>Polícia Militar</td></tr><tr><td style="white-space:nowrap">CBM<a name="BROrgaoExpedidor-CBM"> </a></td><td>Corpo de Bombeiros Militar</td></tr><tr><td style="white-space:nowrap">SSP<a name="BROrgaoExpedidor-SSP"> </a></td><td>Serviço de Segurança Pública</td></tr><tr><td style="white-space:nowrap">II<a name="BROrgaoExpedidor-II"> </a></td><td>Instituto de Identificação</td></tr><tr><td style="white-space:nowrap">PCE<a name="BROrgaoExpedidor-PCE"> </a></td><td>Polícia Civil do Estado</td></tr><tr><td style="white-space:nowrap">PF<a name="BROrgaoExpedidor-PF"> </a></td><td>Polícia Federal</td></tr><tr><td style="white-space:nowrap">DETRAN<a name="BROrgaoExpedidor-DETRAN"> </a></td><td>Departamento Estadual de Trânsito</td></tr><tr><td style="white-space:nowrap">MS<a name="BROrgaoExpedidor-MS"> </a></td><td>Ministério da Saúde</td></tr><tr><td style="white-space:nowrap">MC<a name="BROrgaoExpedidor-MC"> </a></td><td>Ministério da Cidadania</td></tr><tr><td style="white-space:nowrap">CARTORIO<a name="BROrgaoExpedidor-CARTORIO"> </a></td><td>Cartório de Registro Civil</td></tr><tr><td style="white-space:nowrap">other<a name="BROrgaoExpedidor-other"> </a></td><td>Outro órgão não listado</td></tr></table></div></text><extension url="http://hl7.org/fhir/StructureDefinition/structuredefinition-fmm"><valueInteger value="1"><extension url="http://hl7.org/fhir/StructureDefinition/structuredefinition-conformance-derivedFrom"><valueCanonical value="http://www.saude.gov.br/fhir/r4/ImplementationGuide/hl7.fhir.br.rac"/></extension></valueInteger></extension><extension url="http://hl7.org/fhir/StructureDefinition/structuredefinition-standards-status"><valueCode value="informative"><extension url="http://hl7.org/fhir/StructureDefinition/structuredefinition-conformance-derivedFrom"><valueCanonical value="http://www.saude.gov.br/fhir/r4/ImplementationGuide/hl7.fhir.br.rac"/></extension></valueCode></extension><url value="http://www.saude.gov.br/fhir/r4/CodeSystem/BROrgaoExpedidor"/><version value="0.1.0"/><name value="BROrgaoExpedidor"/><title value="Órgão Expedidor"/><status value="active"/><experimental value="false"/><date value="2020-03-11T18:19:46.5824974+00:00"/><publisher value="Ministério da Saúde do Brasil"/><contact><telecom><system value="url"/><value value="http://www.saude.gov.br"/></telecom></contact><description value="Órgãos responsáveis por expedir documentos no Brasil."/><jurisdiction><coding><system value="urn:iso:std:iso:3166"/><code value="BR"/></coding></jurisdiction><caseSensitive value="true"/><content value="complete"/><concept><code value="RFB"/><display value="Receita Federal do Brasil"/><designation><language value="pt-BR"/><use><system value="http://terminology.hl7.org/CodeSystem/designation-usage"/><code value="display"/></use><value value="Receita Federal do Brasil"/></designation></concept><concept><code value="COREN"/><display value="Conselho Regional de Enfermagem (COREn)"/><designation><language value="pt-BR"/><use><system value="http://terminology.hl7.org/CodeSystem/designation-usage"/><code value="display"/></use><value value="Conselho Regional de Enfermagem (COREn)"/></designation></concept><concept><code value="CRM"/><display value="Conselho Regional de Medicina (CRM)"/><designation><language value="pt-BR"/><use><system value="http://terminology.hl7.org/CodeSystem/designation-usage"/><code value="display"/></use><value value="Conselho Regional de Medicina (CRM)"/></designation></concept><concept><code value="CRO"/><display value="Conselho Regional de Odontologia (CRO)"/><designation><language value="pt-BR"/><use><system value="http://terminology.hl7.org/CodeSystem/designation-usage"/><code value="display"/></use><value value="Conselho Regional de Odontologia (CRO)"/></designation></concept><concept><code value="CRA"/><display value="Conselho Regional de Administração (CRA)"/><designation><language value="pt-BR"/><use><system value="http://terminology.hl7.org/CodeSystem/designation-usage"/><code value="display"/></use><value value="Conselho Regional de Administração (CRA)"/></designation></concept><concept><code value="CRESS"/><display value="Conselho Regional de Serviço Social (CRESS)"/><designation><language value="pt-BR"/><use><system value="http://terminology.hl7.org/CodeSystem/designation-usage"/><code value="display"/></use><value value="Conselho Regional de Serviço Social (CRESS)"/></designation></concept><concept><code value="CRB"/><display value="Conselho Regional de Biblioteconomia (CRB)"/><designation><language value="pt-BR"/><use><system value="http://terminology.hl7.org/CodeSystem/designation-usage"/><code value="display"/></use><value value="Conselho Regional de Biblioteconomia (CRB)"/></designation></concept><concept><code value="CRC"/><display value="Conselho Regional de Contabilidade (CRC)"/><designation><language value="pt-BR"/><use><system value="http://terminology.hl7.org/CodeSystem/designation-usage"/><code value="display"/></use><value value="Conselho Regional de Contabilidade (CRC)"/></designation></concept><concept><code value="CRECI"/><display value="Conselho Regional de Corretores de Imóveis (CRECI)"/><designation><language value="pt-BR"/><use><system value="http://terminology.hl7.org/CodeSystem/designation-usage"/><code value="display"/></use><value value="Conselho Regional de Corretores de Imóveis (CRECI)"/></designation></concept><concept><code value="CORECON"/><display value="Conselho Regional de Economia (CORECON)"/><designation><language value="pt-BR"/><use><system value="http://terminology.hl7.org/CodeSystem/designation-usage"/><code value="display"/></use><value value="Conselho Regional de Economia (CORECON)"/></designation></concept><concept><code value="CREA"/><display value="Conselho Regional de Engenharia e Agronomia (CREA)"/><designation><language value="pt-BR"/><use><system value="http://terminology.hl7.org/CodeSystem/designation-usage"/><code value="display"/></use><value value="Conselho Regional de Engenharia e Agronomia (CREA)"/></designation></concept><concept><code value="CONFRE"/><display value="Conselho Regional de Estatística (CONRE)"/><designation><language value="pt-BR"/><use><system value="http://terminology.hl7.org/CodeSystem/designation-usage"/><code value="display"/></use><value value="Conselho Regional de Estatística (CONRE)"/></designation></concept><concept><code value="CRF"/><display value="Conselho Regional de Farmácia (CRF)"/><designation><language value="pt-BR"/><use><system value="http://terminology.hl7.org/CodeSystem/designation-usage"/><code value="display"/></use><value value="Conselho Regional de Farmácia (CRF)"/></designation></concept><concept><code value="CREFITO"/><display value="Conselho Regional de Fisioterapia e Terapia Ocupacional (CREFITO)"/><designation><language value="pt-BR"/><use><system value="http://terminology.hl7.org/CodeSystem/designation-usage"/><code value="display"/></use><value value="Conselho Regional de Fisioterapia e Terapia Ocupacional (CREFITO)"/></designation></concept><concept><code value="CRMV"/><display value="Conselho Regional de Medicina Veterinária (CRMV)"/><designation><language value="pt-BR"/><use><system value="http://terminology.hl7.org/CodeSystem/designation-usage"/><code value="display"/></use><value value="Conselho Regional de Medicina Veterinária (CRMV)"/></designation></concept><concept><code value="CRN"/><display value="Conselho Regional de Nutrição (CRN)"/><designation><language value="pt-BR"/><use><system value="http://terminology.hl7.org/CodeSystem/designation-usage"/><code value="display"/></use><value value="Conselho Regional de Nutrição (CRN)"/></designation></concept><concept><code value="CONRERP"/><display value="Conselho Regional de Reçações Públicas (CONRERP)"/><designation><language value="pt-BR"/><use><system value="http://terminology.hl7.org/CodeSystem/designation-usage"/><code value="display"/></use><value value="Conselho Regional de Reçações Públicas (CONRERP)"/></designation></concept><concept><code value="CRP"/><display value="Conselho Regional de Psicologia (CRP)"/><designation><language value="pt-BR"/><use><system value="http://terminology.hl7.org/CodeSystem/designation-usage"/><code value="display"/></use><value value="Conselho Regional de Psicologia (CRP)"/></designation></concept><concept><code value="CRQ"/><display value="Conselho Regional de Química (CRQ)"/><designation><language value="pt-BR"/><use><system value="http://terminology.hl7.org/CodeSystem/designation-usage"/><code value="display"/></use><value value="Conselho Regional de Química (CRQ)"/></designation></concept><concept><code value="CORE"/><display value="Conselho Regional de Representantes Comerciais (CORE)"/><designation><language value="pt-BR"/><use><system value="http://terminology.hl7.org/CodeSystem/designation-usage"/><code value="display"/></use><value value="Conselho Regional de Representantes Comerciais (CORE)"/></designation></concept><concept><code value="CREF"/><display value="Conselho Regional de Educação Física (CREF)"/><designation><language value="pt-BR"/><use><system value="http://terminology.hl7.org/CodeSystem/designation-usage"/><code value="display"/></use><value value="Conselho Regional de Educação Física (CREF)"/></designation></concept><concept><code value="CAU"/><display value="Conselho Regional de Arquitetura e Urbanismo (CAU)"/><designation><language value="pt-BR"/><use><system value="http://terminology.hl7.org/CodeSystem/designation-usage"/><code value="display"/></use><value value="Conselho Regional de Arquitetura e Urbanismo (CAU)"/></designation></concept><concept><code value="CRBIO"/><display value="Conselho Regional de Biologia (CRBio)"/><designation><language value="pt-BR"/><use><system value="http://terminology.hl7.org/CodeSystem/designation-usage"/><code value="display"/></use><value value="Conselho Regional de Biologia (CRBio)"/></designation></concept><concept><code value="CRBM"/><display value="Conselho Regional de Biomedicina (CRBM)"/><designation><language value="pt-BR"/><use><system value="http://terminology.hl7.org/CodeSystem/designation-usage"/><code value="display"/></use><value value="Conselho Regional de Biomedicina (CRBM)"/></designation></concept><concept><code value="CRFA"/><display value="Conselho Regional de Fonoaudiologia (CRFa/CREFONO)"/><designation><language value="pt-BR"/><use><system value="http://terminology.hl7.org/CodeSystem/designation-usage"/><code value="display"/></use><value value="Conselho Regional de Fonoaudiologia (CRFa/CREFONO)"/></designation></concept><concept><code value="CRTR"/><display value="Conselho Regional de Técnicos em Radiologia (CRTR)"/><designation><language value="pt-BR"/><use><system value="http://terminology.hl7.org/CodeSystem/designation-usage"/><code value="display"/></use><value value="Conselho Regional de Técnicos em Radiologia (CRTR)"/></designation></concept><concept><code value="CRT"/><display value="Conselho Regional dos Técnicos Industriais (CRT)"/><designation><language value="pt-BR"/><use><system value="http://terminology.hl7.org/CodeSystem/designation-usage"/><code value="display"/></use><value value="Conselho Regional dos Técnicos Industriais (CRT)"/></designation></concept><concept><code value="OAB"/><display value="Ordem dos Advogados do BRAasil (OAB)"/><designation><language value="pt-BR"/><use><system value="http://terminology.hl7.org/CodeSystem/designation-usage"/><code value="display"/></use><value value="Ordem dos Advogados do BRAasil (OAB)"/></designation></concept><concept><code value="EB"/><display value="Exército Brasileiro"/><designation><language value="pt-BR"/><use><system value="http://terminology.hl7.org/CodeSystem/designation-usage"/><code value="display"/></use><value value="Exército Brasileiro"/></designation></concept><concept><code value="FAB"/><display value="Força Aérea Brasileira"/><designation><language value="pt-BR"/><use><system value="http://terminology.hl7.org/CodeSystem/designation-usage"/><code value="display"/></use><value value="Força Aérea Brasileira"/></designation></concept><concept><code value="MB"/><display value="Marinha do Brasil"/><designation><language value="pt-BR"/><use><system value="http://terminology.hl7.org/CodeSystem/designation-usage"/><code value="display"/></use><value value="Marinha do Brasil"/></designation></concept><concept><code value="PM"/><display value="Polícia Militar"/><designation><language value="pt-BR"/><use><system value="http://terminology.hl7.org/CodeSystem/designation-usage"/><code value="display"/></use><value value="Polícia Militar"/></designation></concept><concept><code value="CBM"/><display value="Corpo de Bombeiros Militar"/><designation><language value="pt-BR"/><use><system value="http://terminology.hl7.org/CodeSystem/designation-usage"/><code value="display"/></use><value value="Corpo de Bombeiros Militar"/></designation></concept><concept><code value="SSP"/><display value="Serviço de Segurança Pública"/><designation><language value="pt-BR"/><use><system value="http://terminology.hl7.org/CodeSystem/designation-usage"/><code value="display"/></use><value value="Serviço de Segurança Pública"/></designation></concept><concept><code value="II"/><display value="Instituto de Identificação"/><designation><language value="pt-BR"/><use><system value="http://terminology.hl7.org/CodeSystem/designation-usage"/><code value="display"/></use><value value="Instituto de Identificação"/></designation></concept><concept><code value="PCE"/><display value="Polícia Civil do Estado"/><designation><language value="pt-BR"/><use><system value="http://terminology.hl7.org/CodeSystem/designation-usage"/><code value="display"/></use><value value="Polícia Civil do Estado"/></designation></concept><concept><code value="PF"/><display value="Polícia Federal"/><designation><language value="pt-BR"/><use><system value="http://terminology.hl7.org/CodeSystem/designation-usage"/><code value="display"/></use><value value="Polícia Federal"/></designation></concept><concept><code value="DETRAN"/><display value="Departamento Estadual de Trânsito"/><designation><language value="pt-BR"/><use><system value="http://terminology.hl7.org/CodeSystem/designation-usage"/><code value="display"/></use><value value="Departamento Estadual de Trânsito"/></designation></concept><concept><code value="MS"/><display value="Ministério da Saúde"/><designation><language value="pt-BR"/><use><system value="http://terminology.hl7.org/CodeSystem/designation-usage"/><code value="display"/></use><value value="Ministério da Saúde"/></designation></concept><concept><code value="MC"/><display value="Ministério da Cidadania"/><designation><language value="pt-BR"/><use><system value="http://terminology.hl7.org/CodeSystem/designation-usage"/><code value="display"/></use><value value="Ministério da Cidadania"/></designation></concept><concept><code value="CARTORIO"/><display value="Cartório de Registro Civil"/><designation><language value="pt-BR"/><use><system value="http://terminology.hl7.org/CodeSystem/designation-usage"/><code value="display"/></use><value value="Cartório de Registro Civil"/></designation></concept><concept><code value="other"/><display value="Outro órgão não listado"/><designation><language value="pt-BR"/><use><system value="http://terminology.hl7.org/CodeSystem/designation-usage"/><code value="display"/></use><value value="Outro órgão não listado"/></designation></concept></CodeSystem>