<?xml version="1.0" encoding="UTF-8"?><ValueSet xmlns="http://hl7.org/fhir"><id value="BRPosicaoIndividuo"/><meta><lastUpdated value="2022-05-23T11:15:35.881+00:00"/></meta><language value="pt-BR"/><text><status value="generated"/><div xmlns="http://www.w3.org/1999/xhtml" xml:lang="pt-BR" lang="pt-BR"><p>This value set includes codes based on the following rules:</p><ul><li>Include all codes defined in <a href="CodeSystem-BRPosicaoIndividuo.html"><code>http://www.saude.gov.br/fhir/r4/CodeSystem/BRPosicaoIndividuo</code></a></li><li>Include these codes as defined in <a href="http://loinc.org"><code>http://loinc.org</code></a> version <code>*</code><table class="none"><tr><td style="white-space:nowrap"><b>Code</b></td><td><b>Display</b></td></tr><tr><td><a href="https://loinc.org/LA11868-9/">LA11868-9</a></td><td>Sentado</td></tr><tr><td><a href="https://loinc.org/LA11869-7/">LA11869-7</a></td><td>Deitado</td></tr><tr><td><a href="https://loinc.org/LA11870-5/">LA11870-5</a></td><td>De pé</td></tr></table></li></ul></div></text><extension url="http://hl7.org/fhir/StructureDefinition/structuredefinition-fmm"><valueInteger value="1"><extension url="http://hl7.org/fhir/StructureDefinition/structuredefinition-conformance-derivedFrom"><valueCanonical value="http://www.saude.gov.br/fhir/r4/ImplementationGuide/hl7.fhir.br.rac"/></extension></valueInteger></extension><extension url="http://hl7.org/fhir/StructureDefinition/structuredefinition-standards-status"><valueCode value="informative"><extension url="http://hl7.org/fhir/StructureDefinition/structuredefinition-conformance-derivedFrom"><valueCanonical value="http://www.saude.gov.br/fhir/r4/ImplementationGuide/hl7.fhir.br.rac"/></extension></valueCode></extension><url value="http://www.saude.gov.br/fhir/r4/ValueSet/BRPosicaoIndividuo"/><version value="0.1.0"/><name value="BRPosicaoIndividuo"/><title value="Posição do Indivíduo"/><status value="active"/><experimental value="false"/><date value="2022-05-23T11:15:35.881+00:00"/><publisher value="Ministério da Saúde do Brasil"/><contact><telecom><system value="url"/><value value="http://www.saude.gov.br"/></telecom></contact><description value="ValueSet utilizado para identificar a posição do indivíduo no momento da ação / procedimento."/><jurisdiction><coding><system value="urn:iso:std:iso:3166"/><code value="BR"/></coding></jurisdiction><immutable value="false"/><copyright value="This material contains content from LOINC (http://loinc.org). LOINC is copyright © 1995-2020, Regenstrief Institute, Inc. and the Logical Observation Identifiers Names and Codes (LOINC) Committee and is available at no cost under the license at http://loinc.org/license. LOINC® is a registered United States trademark of Regenstrief Institute, Inc"/><compose><include><system value="http://www.saude.gov.br/fhir/r4/CodeSystem/BRPosicaoIndividuo"/><version value="*"/></include><include><system value="http://loinc.org"/><version value="*"/><concept><code value="LA11868-9"/><display value="Sentado"/></concept><concept><code value="LA11869-7"/><display value="Deitado"/></concept><concept><code value="LA11870-5"/><display value="De pé"/></concept></include></compose></ValueSet>