<?xml version="1.0" encoding="UTF-8"?><ValueSet xmlns="http://hl7.org/fhir"><id value="BREstadoAtestado"/><meta><lastUpdated value="2023-04-13T13:17:22.715+00:00"/></meta><language value="pt-BR"/><text><status value="extensions"/><div xmlns="http://www.w3.org/1999/xhtml" xml:lang="pt-BR" lang="pt-BR"><ul><li>Include these codes as defined in <a href="http://hl7.org/fhir/R4/codesystem-request-status.html"><code>http://hl7.org/fhir/request-status</code></a> version <code>*</code><table class="none"><tr><td style="white-space:nowrap"><b>Code</b></td><td><b>Display</b></td><td><b>Definition</b></td><td><b>Portuguese (Brazil) (pt)</b></td></tr><tr><td><a href="http://hl7.org/fhir/R4/codesystem-request-status.html#request-status-active">active</a></td><td>Active</td><td>The request is in force and ready to be acted upon.</td><td>Ativo</td></tr></table></li></ul></div></text><extension url="http://hl7.org/fhir/StructureDefinition/structuredefinition-fmm"><valueInteger value="1"><extension url="http://hl7.org/fhir/StructureDefinition/structuredefinition-conformance-derivedFrom"><valueCanonical value="http://www.saude.gov.br/fhir/r4/ImplementationGuide/br.gov.saude.rnds.rac"/></extension></valueInteger></extension><extension url="http://hl7.org/fhir/StructureDefinition/structuredefinition-standards-status"><valueCode value="informative"><extension url="http://hl7.org/fhir/StructureDefinition/structuredefinition-conformance-derivedFrom"><valueCanonical value="http://www.saude.gov.br/fhir/r4/ImplementationGuide/br.gov.saude.rnds.rac"/></extension></valueCode></extension><url value="http://www.saude.gov.br/fhir/r4/ValueSet/BREstadoAtestado"/><version value="0.1.0"/><name value="BREstadoAtestado"/><title value="Status do atestado"/><status value="active"/><experimental value="false"/><date value="2023-04-13T13:17:18.5012669+00:00"/><publisher value="Ministério da Saúde do Brasil"/><contact><telecom><system value="url"/><value value="http://www.saude.gov.br"/></telecom></contact><description value="Status do atestado médico/odontológico."/><jurisdiction><coding><system value="urn:iso:std:iso:3166"/><code value="BR"/></coding></jurisdiction><immutable value="false"/><compose><include><system value="http://hl7.org/fhir/request-status"/><version value="*"/><concept><code value="active"/><display value="Active"/><designation><language value="pt-BR"/><value value="Ativo"/></designation></concept></include></compose></ValueSet>