<?xml version="1.0" encoding="UTF-8"?><ValueSet xmlns="http://hl7.org/fhir"><id value="BRCategoriaCondicao"/><meta><lastUpdated value="2020-03-11T19:14:51.806+00:00"/></meta><language value="pt-BR"/><text><status value="extensions"/><div xmlns="http://www.w3.org/1999/xhtml" xml:lang="pt-BR" lang="pt-BR"><ul><li>Include these codes as defined in <a href="http://terminology.hl7.org/5.3.0/CodeSystem-condition-category.html"><code>http://terminology.hl7.org/CodeSystem/condition-category</code></a> version <code>*</code><table class="none"><tr><td style="white-space:nowrap"><b>Code</b></td><td><b>Display</b></td><td><b>Definition</b></td><td><b>Portuguese (Brazil) (pt)</b></td></tr><tr><td><a href="http://terminology.hl7.org/5.3.0/CodeSystem-condition-category.html#condition-category-problem-list-item">problem-list-item</a></td><td>Problem List Item</td><td>An item on a problem list that can be managed over time and can be expressed by a practitioner (e.g. physician, nurse), patient, or related person.</td><td>Problema listado</td></tr><tr><td><a href="http://terminology.hl7.org/5.3.0/CodeSystem-condition-category.html#condition-category-encounter-diagnosis">encounter-diagnosis</a></td><td>Encounter Diagnosis</td><td>A point in time diagnosis (e.g. from a physician or nurse) in context of an encounter.</td><td>Diagnóstico</td></tr></table></li></ul></div></text><extension url="http://hl7.org/fhir/StructureDefinition/structuredefinition-fmm"><valueInteger value="1"><extension url="http://hl7.org/fhir/StructureDefinition/structuredefinition-conformance-derivedFrom"><valueCanonical value="http://www.saude.gov.br/fhir/r4/ImplementationGuide/br.gov.saude.rnds.rac"/></extension></valueInteger></extension><extension url="http://hl7.org/fhir/StructureDefinition/structuredefinition-standards-status"><valueCode value="informative"><extension url="http://hl7.org/fhir/StructureDefinition/structuredefinition-conformance-derivedFrom"><valueCanonical value="http://www.saude.gov.br/fhir/r4/ImplementationGuide/br.gov.saude.rnds.rac"/></extension></valueCode></extension><url value="http://www.saude.gov.br/fhir/r4/ValueSet/BRCategoriaCondicao"/><version value="0.1.0"/><name value="BRCategoriaCondicao"/><title value="Classificação de uma condição"/><status value="active"/><experimental value="false"/><date value="2020-03-11T19:15:12.2909517+00:00"/><publisher value="Ministério da Saúde do Brasil"/><contact><telecom><system value="url"/><value value="http://www.saude.gov.br"/></telecom></contact><description value="Tradução para o português do brasil da classificação de uma condição"/><jurisdiction><coding><system value="urn:iso:std:iso:3166"/><code value="BR"/></coding></jurisdiction><immutable value="false"/><compose><include><system value="http://terminology.hl7.org/CodeSystem/condition-category"/><version value="*"/><concept><code value="problem-list-item"/><display value="Problem List Item"/><designation><language value="pt-BR"/><value value="Problema listado"/></designation></concept><concept><code value="encounter-diagnosis"/><display value="Encounter Diagnosis"/><designation><language value="pt-BR"/><value value="Diagnóstico"/></designation></concept></include></compose></ValueSet>