<?xml version="1.0" encoding="UTF-8"?><ValueSet xmlns="http://hl7.org/fhir"><id value="BRReacoesAdversasMedDRA-1.0"/><meta><versionId value="1"/><lastUpdated value="2020-09-20T20:38:38.152+00:00"/></meta><language value="pt-BR"/><text><status value="generated"/><div xmlns="http://www.w3.org/1999/xhtml" xml:lang="pt-BR" lang="pt-BR"><p class="res-header-id"><b>Generated Narrative: ValueSet BRReacoesAdversasMedDRA-1.0</b></p><a name="BRReacoesAdversasMedDRA-1.0"> </a><a name="hcBRReacoesAdversasMedDRA-1.0"> </a><a name="BRReacoesAdversasMedDRA-1.0-und"> </a><div style="display: inline-block; background-color: #d9e0e7; padding: 6px; margin: 4px; border: 1px solid #8da1b4; border-radius: 5px; line-height: 60%"><p style="margin-bottom: 0px">version: 1; Last updated: 2020-09-20 20:38:38+0000; Language: pt-BR</p></div><ul><li>Include all codes defined in <a href="CodeSystem-BRMedDRA.html"><code>http://www.saude.gov.br/fhir/r4/CodeSystem/BRMedDRA</code></a></li></ul></div></text><extension url="http://hl7.org/fhir/StructureDefinition/structuredefinition-fmm"><valueInteger value="1"><extension url="http://hl7.org/fhir/StructureDefinition/structuredefinition-conformance-derivedFrom"><valueCanonical value="http://www.saude.gov.br/fhir/r4/ImplementationGuide/br.gov.saude.rnds.rac"/></extension></valueInteger></extension><extension url="http://hl7.org/fhir/StructureDefinition/structuredefinition-standards-status"><valueCode value="informative"><extension url="http://hl7.org/fhir/StructureDefinition/structuredefinition-conformance-derivedFrom"><valueCanonical value="http://www.saude.gov.br/fhir/r4/ImplementationGuide/br.gov.saude.rnds.rac"/></extension></valueCode></extension><url value="http://www.saude.gov.br/fhir/r4/ValueSet/BRReacoesAdversasMedDRA-1.0"/><version value="0.1.0"/><name value="BRReacoesAdversasMedDRA"/><title value="Reações Adversas da MedDRA"/><status value="active"/><experimental value="false"/><date value="2020-09-20T20:38:38.026206+00:00"/><publisher value="Ministério da Saúde do Brasil"/><contact><telecom><system value="url"/><value value="http://www.saude.gov.br"/></telecom></contact><description value="Classifica as reações adversas de acordo com o Medical Dictionary for Regulatory Activities."/><jurisdiction><coding><system value="urn:iso:std:iso:3166"/><code value="BR"/></coding></jurisdiction><immutable value="false"/><compose><include><system value="http://www.saude.gov.br/fhir/r4/CodeSystem/BRMedDRA"/><version value="*"/></include></compose></ValueSet>