<?xml version="1.0" encoding="UTF-8"?><ValueSet xmlns="http://hl7.org/fhir"><id value="BREstadoAfastamentoAtestado"/><meta><lastUpdated value="2023-04-13T13:17:22.715+00:00"/></meta><language value="pt-BR"/><text><status value="extensions"/><div xmlns="http://www.w3.org/1999/xhtml" xml:lang="pt-BR" lang="pt-BR"><p class="res-header-id"><b>Generated Narrative: ValueSet BREstadoAfastamentoAtestado</b></p><a name="BREstadoAfastamentoAtestado"> </a><a name="hcBREstadoAfastamentoAtestado"> </a><a name="BREstadoAfastamentoAtestado-und"> </a><div style="display: inline-block; background-color: #d9e0e7; padding: 6px; margin: 4px; border: 1px solid #8da1b4; border-radius: 5px; line-height: 60%"><p style="margin-bottom: 0px">Last updated: 2023-04-13 13:17:22+0000; Language: pt-BR</p></div><ul><li>Include these codes as defined in <a href="http://hl7.org/fhir/R4/codesystem-care-plan-activity-status.html"><code>http://hl7.org/fhir/care-plan-activity-status</code></a> version <code>*</code><table class="none"><tr><td style="white-space:nowrap"><b>Code</b></td><td><b>Display</b></td><td><b>Definition</b></td><td><b>Portuguese (Brazil) (pt)</b></td></tr><tr><td><a href="http://hl7.org/fhir/R4/codesystem-care-plan-activity-status.html#care-plan-activity-status-unknown">unknown</a></td><td>Unknown</td><td>The current state of the care plan activity is not known.  Note: This concept is not to be used for &quot;other&quot; - one of the listed statuses is presumed to apply, but the authoring/source system does not know which one.</td><td>Desconhecido</td></tr></table></li></ul></div></text><extension url="http://hl7.org/fhir/StructureDefinition/structuredefinition-fmm"><valueInteger value="1"><extension url="http://hl7.org/fhir/StructureDefinition/structuredefinition-conformance-derivedFrom"><valueCanonical value="http://www.saude.gov.br/fhir/r4/ImplementationGuide/br.gov.saude.rnds.rac"/></extension></valueInteger></extension><extension url="http://hl7.org/fhir/StructureDefinition/structuredefinition-standards-status"><valueCode value="informative"><extension url="http://hl7.org/fhir/StructureDefinition/structuredefinition-conformance-derivedFrom"><valueCanonical value="http://www.saude.gov.br/fhir/r4/ImplementationGuide/br.gov.saude.rnds.rac"/></extension></valueCode></extension><url value="http://www.saude.gov.br/fhir/r4/ValueSet/BREstadoAfastamentoAtestado"/><version value="0.1.0"/><name value="BREstadoAfastamentoAtestado"/><title value="Status do afastamento descrito no atestado"/><status value="active"/><experimental value="false"/><date value="2023-04-13T13:17:18.5012669+00:00"/><publisher value="Ministério da Saúde do Brasil"/><contact><telecom><system value="url"/><value value="http://www.saude.gov.br"/></telecom></contact><description value="Status do afastamento descrito no atestado médico/odontológico."/><jurisdiction><coding><system value="urn:iso:std:iso:3166"/><code value="BR"/></coding></jurisdiction><immutable value="false"/><compose><include><system value="http://hl7.org/fhir/care-plan-activity-status"/><version value="*"/><concept><code value="unknown"/><display value="Unknown"/><designation><language value="pt-BR"/><value value="Desconhecido"/></designation></concept></include></compose></ValueSet>