<?xml version="1.0" encoding="UTF-8"?><ValueSet xmlns="http://hl7.org/fhir"><id value="BRTipoSubstanciaUso-1.0"/><meta><versionId value="1"/><lastUpdated value="2020-09-20T23:01:22.994+00:00"/></meta><language value="pt-BR"/><text><status value="generated"/><div xmlns="http://www.w3.org/1999/xhtml" xml:lang="pt-BR" lang="pt-BR"><p class="res-header-id"><b>Generated Narrative: ValueSet BRTipoSubstanciaUso-1.0</b></p><a name="BRTipoSubstanciaUso-1.0"> </a><a name="hcBRTipoSubstanciaUso-1.0"> </a><a name="BRTipoSubstanciaUso-1.0-und"> </a><div style="display: inline-block; background-color: #d9e0e7; padding: 6px; margin: 4px; border: 1px solid #8da1b4; border-radius: 5px; line-height: 60%"><p style="margin-bottom: 0px">version: 1; Last updated: 2020-09-20 23:01:22+0000; Language: pt-BR</p></div><ul><li>Include all codes defined in <a href="CodeSystem-BRTipoSubstanciaUso.html"><code>http://www.saude.gov.br/fhir/r4/CodeSystem/BRTipoSubstanciaUso</code></a></li></ul></div></text><extension url="http://hl7.org/fhir/StructureDefinition/structuredefinition-fmm"><valueInteger value="1"><extension url="http://hl7.org/fhir/StructureDefinition/structuredefinition-conformance-derivedFrom"><valueCanonical value="http://www.saude.gov.br/fhir/r4/ImplementationGuide/br.gov.saude.rnds.rac"/></extension></valueInteger></extension><extension url="http://hl7.org/fhir/StructureDefinition/structuredefinition-standards-status"><valueCode value="informative"><extension url="http://hl7.org/fhir/StructureDefinition/structuredefinition-conformance-derivedFrom"><valueCanonical value="http://www.saude.gov.br/fhir/r4/ImplementationGuide/br.gov.saude.rnds.rac"/></extension></valueCode></extension><url value="http://www.saude.gov.br/fhir/r4/ValueSet/BRTipoSubstanciaUso-1.0"/><version value="0.1.0"/><name value="BRTipoSubstanciaUso"/><title value="Tipo de Substância em Uso"/><status value="active"/><experimental value="false"/><date value="2020-09-20T23:01:21.4959991+00:00"/><publisher value="Ministério da Saúde do Brasil"/><contact><telecom><system value="url"/><value value="http://www.saude.gov.br"/></telecom></contact><description value="Identifica o tipo de substância em uso conforme declaração do indivíduo, de acordo com o especificado no modelo de informação do Registro de Atendimento Clínico da Resolução CIT nº 33/2018."/><jurisdiction><coding><system value="urn:iso:std:iso:3166"/><code value="BR"/></coding></jurisdiction><immutable value="false"/><compose><include><system value="http://www.saude.gov.br/fhir/r4/CodeSystem/BRTipoSubstanciaUso"/><version value="*"/></include></compose></ValueSet>