<?xml version="1.0" encoding="UTF-8"?><ValueSet xmlns="http://hl7.org/fhir"><id value="BRAlergenos-1.0"/><meta><lastUpdated value="2020-09-20T20:36:53.436+00:00"/></meta><language value="pt-BR"/><text><status value="generated"/><div xmlns="http://www.w3.org/1999/xhtml" xml:lang="pt-BR" lang="pt-BR"><p>This value set includes codes based on the following rules:</p><ul><li>Include all codes defined in <a href="CodeSystem-BRAlergenosCBARA.html"><code>http://www.saude.gov.br/fhir/r4/CodeSystem/BRAlergenosCBARA</code></a></li><li>Include all codes defined in <a href="CodeSystem-BRImunobiologico.html"><code>http://www.saude.gov.br/fhir/r4/CodeSystem/BRImunobiologico</code></a></li><li>Include all codes defined in <a href="CodeSystem-BRMedicamento.html"><code>http://www.saude.gov.br/fhir/r4/CodeSystem/BRMedicamento</code></a></li></ul></div></text><extension url="http://hl7.org/fhir/StructureDefinition/structuredefinition-fmm"><valueInteger value="1"><extension url="http://hl7.org/fhir/StructureDefinition/structuredefinition-conformance-derivedFrom"><valueCanonical value="http://www.saude.gov.br/fhir/r4/ImplementationGuide/hl7.fhir.br.rac"/></extension></valueInteger></extension><extension url="http://hl7.org/fhir/StructureDefinition/structuredefinition-standards-status"><valueCode value="informative"><extension url="http://hl7.org/fhir/StructureDefinition/structuredefinition-conformance-derivedFrom"><valueCanonical value="http://www.saude.gov.br/fhir/r4/ImplementationGuide/hl7.fhir.br.rac"/></extension></valueCode></extension><url value="http://www.saude.gov.br/fhir/r4/ValueSet/BRAlergenos-1.0"/><version value="1.0.0"/><name value="BRAlergenos"/><title value="Alérgenos"/><status value="active"/><experimental value="false"/><date value="2020-09-20T20:36:53.3154683+00:00"/><publisher value="Ministério da Saúde do Brasil"/><contact><telecom><system value="url"/><value value="http://www.saude.gov.br"/></telecom></contact><description value="Descreve o agente capaz de causar alergia ou reação adversa em seres humanos."/><jurisdiction><coding><system value="urn:iso:std:iso:3166"/><code value="BR"/></coding></jurisdiction><immutable value="false"/><compose><include><system value="http://www.saude.gov.br/fhir/r4/CodeSystem/BRAlergenosCBARA"/><version value="*"/></include><include><system value="http://www.saude.gov.br/fhir/r4/CodeSystem/BRImunobiologico"/><version value="*"/></include><include><system value="http://www.saude.gov.br/fhir/r4/CodeSystem/BRMedicamento"/><version value="*"/></include></compose></ValueSet>