<?xml version="1.0" encoding="UTF-8"?><ValueSet xmlns="http://hl7.org/fhir"><id value="BRGrauCertezaAlergiasReacoesAdversas-1.0"/><meta><versionId value="1"/><lastUpdated value="2020-09-20T20:38:00.513+00:00"/></meta><language value="pt-BR"/><text><status value="extensions"/><div xmlns="http://www.w3.org/1999/xhtml" xml:lang="pt-BR" lang="pt-BR"><ul><li>Include these codes as defined in <a href="http://terminology.hl7.org/5.3.0/CodeSystem-allergyintolerance-verification.html"><code>http://terminology.hl7.org/CodeSystem/allergyintolerance-verification</code></a> version <code>*</code><table class="none"><tr><td style="white-space:nowrap"><b>Code</b></td><td><b>Display</b></td><td><b>Definition</b></td></tr><tr><td><a href="http://terminology.hl7.org/5.3.0/CodeSystem-allergyintolerance-verification.html#allergyintolerance-verification-unconfirmed">unconfirmed</a></td><td>Não confirmada</td><td>The propensity for a reaction to the identified substance has not been objectively verified.</td></tr><tr><td><a href="http://terminology.hl7.org/5.3.0/CodeSystem-allergyintolerance-verification.html#allergyintolerance-verification-confirmed">confirmed</a></td><td>Confirmada</td><td>The propensity for a reaction to the identified substance has been objectively verified (which may include clinical evidence by testing, rechallenge, or observation).</td></tr><tr><td><a href="http://terminology.hl7.org/5.3.0/CodeSystem-allergyintolerance-verification.html#allergyintolerance-verification-refuted">refuted</a></td><td>Refutada</td><td>A propensity for a reaction to the identified substance has been disputed or disproven with a sufficient level of clinical certainty to justify invalidating the assertion. This might or might not include testing or rechallenge.</td></tr><tr><td><a href="http://terminology.hl7.org/5.3.0/CodeSystem-allergyintolerance-verification.html#allergyintolerance-verification-entered-in-error">entered-in-error</a></td><td>Cancelada por informação errada</td><td>The statement was entered in error and is not valid.</td></tr></table></li></ul></div></text><extension url="http://hl7.org/fhir/StructureDefinition/structuredefinition-fmm"><valueInteger value="1"><extension url="http://hl7.org/fhir/StructureDefinition/structuredefinition-conformance-derivedFrom"><valueCanonical value="http://www.saude.gov.br/fhir/r4/ImplementationGuide/hl7.fhir.br.rac"/></extension></valueInteger></extension><extension url="http://hl7.org/fhir/StructureDefinition/structuredefinition-standards-status"><valueCode value="informative"><extension url="http://hl7.org/fhir/StructureDefinition/structuredefinition-conformance-derivedFrom"><valueCanonical value="http://www.saude.gov.br/fhir/r4/ImplementationGuide/hl7.fhir.br.rac"/></extension></valueCode></extension><url value="http://www.saude.gov.br/fhir/r4/ValueSet/BRGrauCertezaAlergiasReacoesAdversas-1.0"/><version value="0.1.0"/><name value="BRGrauCertezaAlergiasReacoesAdversas"/><title value="Grau de Certeza de Alergias e Reações Adversas"/><status value="draft"/><experimental value="false"/><date value="2020-09-20T20:38:00.3881645+00:00"/><publisher value="Ministério da Saúde do Brasil"/><contact><telecom><system value="url"/><value value="http://www.saude.gov.br"/></telecom></contact><description value="Indica o grau de certeza que se possui ao avaliar uma alergia ou reação adversa."/><jurisdiction><coding><system value="urn:iso:std:iso:3166"/><code value="BR"/></coding></jurisdiction><immutable value="false"/><compose><include><system value="http://terminology.hl7.org/CodeSystem/allergyintolerance-verification"/><version value="*"/><concept><code value="unconfirmed"/><display value="Não confirmada"/></concept><concept><code value="confirmed"/><display value="Confirmada"/></concept><concept><code value="refuted"/><display value="Refutada"/></concept><concept><code value="entered-in-error"/><display value="Cancelada por informação errada"/></concept></include></compose></ValueSet>