<?xml version="1.0" encoding="UTF-8"?><ValueSet xmlns="http://hl7.org/fhir"><id value="BREstadoSolicitacao-1.0"/><meta><versionId value="1"/><lastUpdated value="2020-09-20T20:51:02.648+00:00"/></meta><language value="pt-BR"/><text><status value="extensions"/><div xmlns="http://www.w3.org/1999/xhtml" xml:lang="pt-BR" lang="pt-BR"><p class="res-header-id"><b>Generated Narrative: ValueSet BREstadoSolicitacao-1.0</b></p><a name="BREstadoSolicitacao-1.0"> </a><a name="hcBREstadoSolicitacao-1.0"> </a><a name="BREstadoSolicitacao-1.0-und"> </a><div style="display: inline-block; background-color: #d9e0e7; padding: 6px; margin: 4px; border: 1px solid #8da1b4; border-radius: 5px; line-height: 60%"><p style="margin-bottom: 0px">version: 1; Last updated: 2020-09-20 20:51:02+0000; Language: pt-BR</p></div><ul><li>Include these codes as defined in <a href="http://hl7.org/fhir/R4/codesystem-request-status.html"><code>http://hl7.org/fhir/request-status</code></a> version <code>*</code><table class="none"><tr><td style="white-space:nowrap"><b>Code</b></td><td><b>Display</b></td><td><b>Definition</b></td></tr><tr><td><a href="http://hl7.org/fhir/R4/codesystem-request-status.html#request-status-active">active</a></td><td>Ativo</td><td>The request is in force and ready to be acted upon.</td></tr><tr><td><a href="http://hl7.org/fhir/R4/codesystem-request-status.html#request-status-entered-in-error">entered-in-error</a></td><td>Cancelada por informação errada</td><td>This request should never have existed and should be considered 'void'.  (It is possible that real-world decisions were based on it.  If real-world activity has occurred, the status should be &quot;revoked&quot; rather than &quot;entered-in-error&quot;.).</td></tr></table></li></ul></div></text><extension url="http://hl7.org/fhir/StructureDefinition/structuredefinition-fmm"><valueInteger value="1"><extension url="http://hl7.org/fhir/StructureDefinition/structuredefinition-conformance-derivedFrom"><valueCanonical value="http://www.saude.gov.br/fhir/r4/ImplementationGuide/br.gov.saude.rnds.rac"/></extension></valueInteger></extension><extension url="http://hl7.org/fhir/StructureDefinition/structuredefinition-standards-status"><valueCode value="informative"><extension url="http://hl7.org/fhir/StructureDefinition/structuredefinition-conformance-derivedFrom"><valueCanonical value="http://www.saude.gov.br/fhir/r4/ImplementationGuide/br.gov.saude.rnds.rac"/></extension></valueCode></extension><url value="http://www.saude.gov.br/fhir/r4/ValueSet/BREstadoSolicitacao-1.0"/><version value="0.1.0"/><name value="BREstadoSolicitacao"/><title value="Estado da Solicitação"/><status value="active"/><experimental value="false"/><date value="2020-09-20T20:51:00.5465258+00:00"/><publisher value="Ministério da Saúde do Brasil"/><contact><telecom><system value="url"/><value value="http://www.saude.gov.br"/></telecom></contact><description value="Estado da solicitação."/><jurisdiction><coding><system value="urn:iso:std:iso:3166"/><code value="BR"/></coding></jurisdiction><immutable value="false"/><compose><include><system value="http://hl7.org/fhir/request-status"/><version value="*"/><concept><code value="active"/><display value="Ativo"/></concept><concept><code value="entered-in-error"/><display value="Cancelada por informação errada"/></concept></include></compose></ValueSet>