<?xml version="1.0" encoding="UTF-8"?><ValueSet xmlns="http://hl7.org/fhir"><id value="BRTipoObservacao-1.0"/><meta><lastUpdated value="2022-05-23T10:37:59.848+00:00"/></meta><language value="pt-BR"/><text><status value="extensions"/><div xmlns="http://www.w3.org/1999/xhtml" xml:lang="pt-BR" lang="pt-BR"><p class="res-header-id"><b>Narrativa gerada: ValueSet BRTipoObservacao-1.0</b></p><a name="BRTipoObservacao-1.0"> </a><a name="hcBRTipoObservacao-1.0"> </a><div style="display: inline-block; background-color: #d9e0e7; padding: 6px; margin: 4px; border: 1px solid #8da1b4; border-radius: 5px; line-height: 60%"><p style="margin-bottom: 0px">Última atualização: 2022-05-23 10:37:59+0000; Língua: pt-BR</p></div><p>Este conjunto de valores inclui códigos baseados nas seguintes regras:</p><ul><li>Incluir todos os códigos definidos em <a href="CodeSystem-BRTipoObservacao.html"><code>http://www.saude.gov.br/fhir/r4/CodeSystem/BRTipoObservacao</code></a></li><li>Incluir estes códigos, tal como definidos em <a href="CodeSystem-BRTabelaSUS.html"><code>http://www.saude.gov.br/fhir/r4/CodeSystem/BRTabelaSUS</code></a> versão <code>*</code><table class="none"><tr><td style="white-space:nowrap"><b>Código</b></td><td><b>Ecrã</b></td><td><b>Definição</b></td></tr><tr><td><a href="CodeSystem-BRTabelaSUS.html#BRTabelaSUS-0301100039">0301100039</a></td><td style="color: #cccccc">AFERIÇÃO DE PRESSÃO ARTERIAL</td><td>ESTE PROCEDIMENTO DESTINA-SE A AFERIÇÃO DA PRESSÃO ARTERIAL QUANDO NÃO FAZ PARTE DA CONSULTA.</td></tr></table></li><li>Incluir estes códigos, tal como definidos em <a href="http://loinc.org"><code>http://loinc.org</code></a> versão <code>*</code><table class="none"><tr><td style="white-space:nowrap"><b>Código</b></td><td><b>Ecrã</b></td></tr><tr><td><a href="https://loinc.org/8665-2/">8665-2</a></td><td>Data da Última Menstruação</td></tr><tr><td><a href="https://loinc.org/56832-9/">56832-9</a></td><td>Exposição à Substâncias</td></tr><tr><td><a href="https://loinc.org/11996-6/">11996-6</a></td><td>Quantidade de Gestações</td></tr><tr><td><a href="https://loinc.org/63895-7/">63895-7</a></td><td>Tipo de Aleitamento Materno</td></tr><tr><td><a href="https://loinc.org/29463-7/">29463-7</a></td><td>Peso Corporal</td></tr><tr><td><a href="https://loinc.org/8480-6/">8480-6</a></td><td>Pressão Arterial Sistólica</td></tr><tr><td><a href="https://loinc.org/8462-4/">8462-4</a></td><td>Pressão Arterial Diastólica</td></tr><tr><td><a href="https://loinc.org/8280-0/">8280-0</a></td><td>Circuferência Abdominal</td></tr><tr><td><a href="https://loinc.org/9843-4/">9843-4</a></td><td>Perímetro Cefálico</td></tr><tr><td><a href="https://loinc.org/8302-2/">8302-2</a></td><td>Altura</td></tr><tr><td><a href="https://loinc.org/11885-1/">11885-1</a></td><td>Idade Gestacional</td></tr><tr><td><a href="https://loinc.org/11612-9/">11612-9</a></td><td>Quantidade de Abortos</td></tr><tr><td><a href="https://loinc.org/48767-8/">48767-8</a></td><td>Anotação de Comentário para Narrativa [Interpretação]</td></tr></table></li></ul></div></text><extension url="http://hl7.org/fhir/StructureDefinition/structuredefinition-fmm"><valueInteger value="1"><extension url="http://hl7.org/fhir/StructureDefinition/structuredefinition-conformance-derivedFrom"><valueCanonical value="http://www.saude.gov.br/fhir/r4/ImplementationGuide/br.gov.saude.rac.fhir"/></extension></valueInteger></extension><extension url="http://hl7.org/fhir/StructureDefinition/structuredefinition-standards-status"><valueCode value="informative"><extension url="http://hl7.org/fhir/StructureDefinition/structuredefinition-conformance-derivedFrom"><valueCanonical value="http://www.saude.gov.br/fhir/r4/ImplementationGuide/br.gov.saude.rac.fhir"/></extension></valueCode></extension><url value="http://www.saude.gov.br/fhir/r4/ValueSet/BRTipoObservacao-1.0"/><version value="1.0.0"/><name value="BRTipoObservacao"/><title value="Tipo de Observação"/><status value="active"/><experimental value="false"/><date value="2022-05-23T10:37:59.848+00:00"/><publisher value="Ministério da Saúde do Brasil"/><contact><telecom><system value="url"/><value value="http://www.saude.gov.br"/></telecom></contact><description value="Tipo de Observação."/><jurisdiction><coding><system value="urn:iso:std:iso:3166"/><code value="BR"/></coding></jurisdiction><immutable value="false"/><copyright value="This material contains content from LOINC (http://loinc.org). LOINC is copyright © 1995-2020, Regenstrief Institute, Inc. and the Logical Observation Identifiers Names and Codes (LOINC) Committee and is available at no cost under the license at http://loinc.org/license. LOINC® is a registered United States trademark of Regenstrief Institute, Inc"/><compose><include><system value="http://www.saude.gov.br/fhir/r4/CodeSystem/BRTipoObservacao"/><version value="*"/></include><include><system value="http://www.saude.gov.br/fhir/r4/CodeSystem/BRTabelaSUS"/><version value="*"/><concept><code value="0301100039"/></concept></include><include><system value="http://loinc.org"/><version value="*"/><concept><code value="8665-2"/><display value="Data da Última Menstruação"/></concept><concept><code value="56832-9"/><display value="Exposição à Substâncias"/></concept><concept><code value="11996-6"/><display value="Quantidade de Gestações"/></concept><concept><code value="63895-7"/><display value="Tipo de Aleitamento Materno"/></concept><concept><code value="29463-7"/><display value="Peso Corporal"/></concept><concept><code value="8480-6"/><display value="Pressão Arterial Sistólica"/></concept><concept><code value="8462-4"/><display value="Pressão Arterial Diastólica"/></concept><concept><code value="8280-0"/><display value="Circuferência Abdominal"/></concept><concept><code value="9843-4"/><display value="Perímetro Cefálico"/></concept><concept><code value="8302-2"/><display value="Altura"/></concept><concept><code value="11885-1"/><display value="Idade Gestacional"/></concept><concept><code value="11612-9"/><display value="Quantidade de Abortos"/></concept><concept><code value="48767-8"/><display value="Anotação de Comentário para Narrativa [Interpretação]"/></concept></include></compose></ValueSet>