<?xml version="1.0" encoding="UTF-8"?><ValueSet xmlns="http://hl7.org/fhir"><id value="BRPapelProblemaDiagnostico"/><meta><lastUpdated value="2020-03-11T19:14:51.806+00:00"/></meta><language value="pt-BR"/><text><status value="extensions"/><div xmlns="http://www.w3.org/1999/xhtml" xml:lang="pt-BR" lang="pt-BR"><p class="res-header-id"><b>Narrativa gerada: ValueSet BRPapelProblemaDiagnostico</b></p><a name="BRPapelProblemaDiagnostico"> </a><a name="hcBRPapelProblemaDiagnostico"> </a><div style="display: inline-block; background-color: #d9e0e7; padding: 6px; margin: 4px; border: 1px solid #8da1b4; border-radius: 5px; line-height: 60%"><p style="margin-bottom: 0px">Última atualização: 2020-03-11 19:14:51+0000; Língua: pt-BR</p></div><p>Este conjunto de valores inclui códigos baseados nas seguintes regras:</p><ul><li>Incluir todos os códigos definidos em <a href="CodeSystem-BRPapelProblemaDiagnostico.html"><code>http://www.saude.gov.br/fhir/r4/CodeSystem/BRPapelProblemaDiagnostico</code></a></li><li>Incluir estes códigos, tal como definidos em <a href="http://terminology.hl7.org/6.5.0/CodeSystem-diagnosis-role.html"><code>http://terminology.hl7.org/CodeSystem/diagnosis-role</code></a> versão <code>*</code><table class="none"><tr><td style="white-space:nowrap"><b>Código</b></td><td><b>Ecrã</b></td><td><b>Definição</b></td><td><b>Portuguese (Brazil) (pt)</b></td></tr><tr><td><a href="http://terminology.hl7.org/6.5.0/CodeSystem-diagnosis-role.html#diagnosis-role-AD">AD</a></td><td>Admission diagnosis</td><td>The diagnoses documented for administrative purposes as the basis for a hospital or other institutional admission</td><td>Diagnóstico presente na admissão</td></tr><tr><td><a href="http://terminology.hl7.org/6.5.0/CodeSystem-diagnosis-role.html#diagnosis-role-DD">DD</a></td><td>Discharge diagnosis</td><td>The diagnoses documented for administrative purposes at the time of hospital or other institutional discharge</td><td>Diagnóstico de alta</td></tr><tr><td><a href="http://terminology.hl7.org/6.5.0/CodeSystem-diagnosis-role.html#diagnosis-role-CC">CC</a></td><td>Chief complaint</td><td/><td>Queixa principal.</td></tr><tr><td><a href="http://terminology.hl7.org/6.5.0/CodeSystem-diagnosis-role.html#diagnosis-role-CM">CM</a></td><td>Comorbidity diagnosis</td><td/><td>Diagnóstico de comorbidade</td></tr><tr><td><a href="http://terminology.hl7.org/6.5.0/CodeSystem-diagnosis-role.html#diagnosis-role-pre-op">pre-op</a></td><td>pre-op diagnosis</td><td/><td>Diagnóstico pré-operatório</td></tr><tr><td><a href="http://terminology.hl7.org/6.5.0/CodeSystem-diagnosis-role.html#diagnosis-role-post-op">post-op</a></td><td>post-op diagnosis</td><td/><td>Diagnóstico pós-operatório</td></tr><tr><td><a href="http://terminology.hl7.org/6.5.0/CodeSystem-diagnosis-role.html#diagnosis-role-billing">billing</a></td><td>Billing</td><td>The diagnosis documented for billing purposes</td><td>Faturamento</td></tr></table></li></ul></div></text><extension url="http://hl7.org/fhir/StructureDefinition/structuredefinition-fmm"><valueInteger value="1"><extension url="http://hl7.org/fhir/StructureDefinition/structuredefinition-conformance-derivedFrom"><valueCanonical value="http://www.saude.gov.br/fhir/r4/ImplementationGuide/br.gov.saude.rac.fhir"/></extension></valueInteger></extension><extension url="http://hl7.org/fhir/StructureDefinition/structuredefinition-standards-status"><valueCode value="informative"><extension url="http://hl7.org/fhir/StructureDefinition/structuredefinition-conformance-derivedFrom"><valueCanonical value="http://www.saude.gov.br/fhir/r4/ImplementationGuide/br.gov.saude.rac.fhir"/></extension></valueCode></extension><url value="http://www.saude.gov.br/fhir/r4/ValueSet/BRPapelProblemaDiagnostico"/><version value="1.0.0"/><name value="BRPapelProblemaDiagnostico"/><title value="Classificação do papel de um problema e diagnóstico"/><status value="active"/><experimental value="false"/><date value="2020-03-11T19:15:12.2909517+00:00"/><publisher value="Ministério da Saúde do Brasil"/><contact><telecom><system value="url"/><value value="http://www.saude.gov.br"/></telecom></contact><description value="Tradução para o português do brasil da classificação do papel de um problema/diagnóstico."/><jurisdiction><coding><system value="urn:iso:std:iso:3166"/><code value="BR"/></coding></jurisdiction><immutable value="false"/><compose><include><system value="http://www.saude.gov.br/fhir/r4/CodeSystem/BRPapelProblemaDiagnostico"/><version value="*"/></include><include><system value="http://terminology.hl7.org/CodeSystem/diagnosis-role"/><version value="*"/><concept><code value="AD"/><display value="Admission diagnosis"/><designation><language value="pt-BR"/><value value="Diagnóstico presente na admissão"/></designation></concept><concept><code value="DD"/><display value="Discharge diagnosis"/><designation><language value="pt-BR"/><value value="Diagnóstico de alta"/></designation></concept><concept><code value="CC"/><display value="Chief complaint"/><designation><language value="pt-BR"/><value value="Queixa principal."/></designation></concept><concept><code value="CM"/><display value="Comorbidity diagnosis"/><designation><language value="pt-BR"/><value value="Diagnóstico de comorbidade"/></designation></concept><concept><code value="pre-op"/><display value="pre-op diagnosis"/><designation><language value="pt-BR"/><value value="Diagnóstico pré-operatório"/></designation></concept><concept><code value="post-op"/><display value="post-op diagnosis"/><designation><language value="pt-BR"/><value value="Diagnóstico pós-operatório"/></designation></concept><concept><code value="billing"/><display value="Billing"/><designation><language value="pt-BR"/><value value="Faturamento"/></designation></concept></include></compose></ValueSet>