<?xml version="1.0" encoding="UTF-8"?><ValueSet xmlns="http://hl7.org/fhir"><id value="BREstadoDocumento-1.0"/><meta><lastUpdated value="2020-03-12T13:26:59.318+00:00"/></meta><language value="pt-BR"/><text><status value="extensions"/><div xmlns="http://www.w3.org/1999/xhtml" xml:lang="pt-BR" lang="pt-BR"><p class="res-header-id"><b>Narrativa gerada: ValueSet BREstadoDocumento-1.0</b></p><a name="BREstadoDocumento-1.0"> </a><a name="hcBREstadoDocumento-1.0"> </a><div style="display: inline-block; background-color: #d9e0e7; padding: 6px; margin: 4px; border: 1px solid #8da1b4; border-radius: 5px; line-height: 60%"><p style="margin-bottom: 0px">Última atualização: 2020-03-12 13:26:59+0000; Língua: pt-BR</p></div><ul><li>Include estes códigos, tal como definidos em <a href="http://hl7.org/fhir/R4/codesystem-composition-status.html"><code>http://hl7.org/fhir/composition-status</code></a> versão <code>*</code><table class="none"><tr><td style="white-space:nowrap"><b>Código</b></td><td><b>Ecrã</b></td><td><b>Definição</b></td><td><b>Portuguese (Brazil) (pt)</b></td></tr><tr><td><a href="http://hl7.org/fhir/R4/codesystem-composition-status.html#composition-status-preliminary">preliminary</a></td><td>Preliminary</td><td>This is a preliminary composition or document (also known as initial or interim). The content may be incomplete or unverified.</td><td>Preliminar</td></tr><tr><td><a href="http://hl7.org/fhir/R4/codesystem-composition-status.html#composition-status-final">final</a></td><td>Final</td><td>This version of the composition is complete and verified by an appropriate person and no further work is planned. Any subsequent updates would be on a new version of the composition.</td><td>Finalizado</td></tr><tr><td><a href="http://hl7.org/fhir/R4/codesystem-composition-status.html#composition-status-amended">amended</a></td><td>Amended</td><td>The composition content or the referenced resources have been modified (edited or added to) subsequent to being released as &quot;final&quot; and the composition is complete and verified by an authorized person.</td><td>Atualizado</td></tr><tr><td><a href="http://hl7.org/fhir/R4/codesystem-composition-status.html#composition-status-entered-in-error">entered-in-error</a></td><td>Entered in error</td><td>The composition or document was originally created/issued in error, and this is an amendment that marks that the entire series should not be considered as valid.</td><td>Em estado de erro</td></tr></table></li></ul></div></text><extension url="http://hl7.org/fhir/StructureDefinition/structuredefinition-fmm"><valueInteger value="1"><extension url="http://hl7.org/fhir/StructureDefinition/structuredefinition-conformance-derivedFrom"><valueCanonical value="http://www.saude.gov.br/fhir/r4/ImplementationGuide/br.gov.saude.rac.fhir"/></extension></valueInteger></extension><extension url="http://hl7.org/fhir/StructureDefinition/structuredefinition-standards-status"><valueCode value="informative"><extension url="http://hl7.org/fhir/StructureDefinition/structuredefinition-conformance-derivedFrom"><valueCanonical value="http://www.saude.gov.br/fhir/r4/ImplementationGuide/br.gov.saude.rac.fhir"/></extension></valueCode></extension><url value="http://www.saude.gov.br/fhir/r4/ValueSet/BREstadoDocumento-1.0"/><version value="1.0.0"/><name value="BREstadoDocumento"/><title value="Estado do Documento"/><status value="active"/><experimental value="false"/><date value="2020-03-12T13:26:58.6069366+00:00"/><publisher value="Ministério da Saúde do Brasil"/><contact><telecom><system value="url"/><value value="http://www.saude.gov.br"/></telecom></contact><description value="Classifica o estado do documento que está sendo trafegado."/><jurisdiction><coding><system value="urn:iso:std:iso:3166"/><code value="BR"/></coding></jurisdiction><immutable value="false"/><compose><include><system value="http://hl7.org/fhir/composition-status"/><version value="*"/><concept><code value="preliminary"/><display value="Preliminary"/><designation><language value="pt-BR"/><value value="Preliminar"/></designation></concept><concept><code value="final"/><display value="Final"/><designation><language value="pt-BR"/><value value="Finalizado"/></designation></concept><concept><code value="amended"/><display value="Amended"/><designation><language value="pt-BR"/><value value="Atualizado"/></designation></concept><concept><code value="entered-in-error"/><display value="Entered in error"/><designation><language value="pt-BR"/><value value="Em estado de erro"/></designation></concept></include></compose></ValueSet>