<?xml version="1.0" encoding="UTF-8"?><ValueSet xmlns="http://hl7.org/fhir"><id value="BRProblemaDiagnostico"/><meta><lastUpdated value="2020-03-11T19:14:51.806+00:00"/></meta><language value="pt-BR"/><text><status value="generated"/><div xmlns="http://www.w3.org/1999/xhtml" xml:lang="pt-BR" lang="pt-BR"><p class="res-header-id"><b>Narrativa gerada: ValueSet BRProblemaDiagnostico</b></p><a name="BRProblemaDiagnostico"> </a><a name="hcBRProblemaDiagnostico"> </a><div style="display: inline-block; background-color: #d9e0e7; padding: 6px; margin: 4px; border: 1px solid #8da1b4; border-radius: 5px; line-height: 60%"><p style="margin-bottom: 0px">Última atualização: 2020-03-11 19:14:51+0000; Língua: pt-BR</p></div><p>Este conjunto de valores inclui códigos baseados nas seguintes regras:</p><ul><li>Incluir todos os códigos definidos em <a href="CodeSystem-BRCID10.html"><code>http://www.saude.gov.br/fhir/r4/CodeSystem/BRCID10</code></a></li><li>Incluir todos os códigos definidos em <a href="CodeSystem-BRCIAP2.html"><code>http://www.saude.gov.br/fhir/r4/CodeSystem/BRCIAP2</code></a></li></ul></div></text><extension url="http://hl7.org/fhir/StructureDefinition/structuredefinition-fmm"><valueInteger value="1"><extension url="http://hl7.org/fhir/StructureDefinition/structuredefinition-conformance-derivedFrom"><valueCanonical value="http://www.saude.gov.br/fhir/r4/ImplementationGuide/br.gov.saude.rac.fhir"/></extension></valueInteger></extension><extension url="http://hl7.org/fhir/StructureDefinition/structuredefinition-standards-status"><valueCode value="informative"><extension url="http://hl7.org/fhir/StructureDefinition/structuredefinition-conformance-derivedFrom"><valueCanonical value="http://www.saude.gov.br/fhir/r4/ImplementationGuide/br.gov.saude.rac.fhir"/></extension></valueCode></extension><url value="http://www.saude.gov.br/fhir/r4/ValueSet/BRProblemaDiagnostico"/><version value="1.0.0"/><name value="BRProblemaDiagnostico"/><title value="Classificação Internacional de Doenças e Atenção Primária"/><status value="active"/><experimental value="false"/><date value="2020-03-11T19:15:12.2909517+00:00"/><publisher value="Ministério da Saúde do Brasil"/><contact><telecom><system value="url"/><value value="http://www.saude.gov.br"/></telecom></contact><description value="Código Internacional de Atenção Primária (CIAP2) e Classificação Internacional de Doenças (CID10)"/><jurisdiction><coding><system value="urn:iso:std:iso:3166"/><code value="BR"/></coding></jurisdiction><immutable value="false"/><compose><include><system value="http://www.saude.gov.br/fhir/r4/CodeSystem/BRCID10"/><version value="*"/></include><include><system value="http://www.saude.gov.br/fhir/r4/CodeSystem/BRCIAP2"/><version value="*"/></include></compose></ValueSet>