<?xml version="1.0" encoding="UTF-8"?><ValueSet xmlns="http://hl7.org/fhir"><id value="BRProcedimentosNacionais-1.0"/><meta><lastUpdated value="2020-04-07T18:23:28.563+00:00"/></meta><language value="pt-BR"/><text><status value="generated"/><div xmlns="http://www.w3.org/1999/xhtml" xml:lang="pt-BR" lang="pt-BR"><p>This value set includes codes based on the following rules:</p><ul><li>Include all codes defined in <a href="CodeSystem-BRCBHPMTUSS.html"><code>http://www.saude.gov.br/fhir/r4/CodeSystem/BRCBHPMTUSS</code></a></li><li>Include all codes defined in <a href="CodeSystem-BRTabelaSUS.html"><code>http://www.saude.gov.br/fhir/r4/CodeSystem/BRTabelaSUS</code></a></li></ul></div></text><extension url="http://hl7.org/fhir/StructureDefinition/structuredefinition-fmm"><valueInteger value="1"><extension url="http://hl7.org/fhir/StructureDefinition/structuredefinition-conformance-derivedFrom"><valueCanonical value="http://www.saude.gov.br/fhir/r4/ImplementationGuide/hl7.fhir.br.rac"/></extension></valueInteger></extension><extension url="http://hl7.org/fhir/StructureDefinition/structuredefinition-standards-status"><valueCode value="informative"><extension url="http://hl7.org/fhir/StructureDefinition/structuredefinition-conformance-derivedFrom"><valueCanonical value="http://www.saude.gov.br/fhir/r4/ImplementationGuide/hl7.fhir.br.rac"/></extension></valueCode></extension><url value="http://www.saude.gov.br/fhir/r4/ValueSet/BRProcedimentosNacionais-1.0"/><version value="1.0.0"/><name value="BRProcedimentosNacionais"/><title value="Procedimento realizado"/><status value="active"/><experimental value="false"/><date value="2020-04-07T18:23:26.5540616+00:00"/><publisher value="Ministério da Saúde do Brasil"/><contact><telecom><system value="url"/><value value="http://www.saude.gov.br"/></telecom></contact><description value="ValueSet das classificações brasileiras para procedimentos adotadas em contexto nacional, os CodeSystems apresentam os códigos da competência atual, para o envio de competência anterior os códigos devem ser consultados na RTS."/><jurisdiction><coding><system value="urn:iso:std:iso:3166"/><code value="BR"/></coding></jurisdiction><immutable value="false"/><compose><include><system value="http://www.saude.gov.br/fhir/r4/CodeSystem/BRCBHPMTUSS"/><version value="*"/></include><include><system value="http://www.saude.gov.br/fhir/r4/CodeSystem/BRTabelaSUS"/><version value="*"/></include></compose></ValueSet>