<?xml version="1.0" encoding="UTF-8"?><ValueSet xmlns="http://hl7.org/fhir"><id value="BRProcedimentosNacionais-1.0"/><meta><lastUpdated value="2020-04-07T18:23:28.563+00:00"/></meta><language value="pt-BR"/><text><status value="generated"/><div xmlns="http://www.w3.org/1999/xhtml" xml:lang="pt-BR" lang="pt-BR"><p class="res-header-id"><b>Narrativa gerada: ValueSet BRProcedimentosNacionais-1.0</b></p><a name="BRProcedimentosNacionais-1.0"> </a><a name="hcBRProcedimentosNacionais-1.0"> </a><div style="display: inline-block; background-color: #d9e0e7; padding: 6px; margin: 4px; border: 1px solid #8da1b4; border-radius: 5px; line-height: 60%"><p style="margin-bottom: 0px">Última atualização: 2020-04-07 18:23:28+0000; Língua: pt-BR</p></div><p>Este conjunto de valores inclui códigos baseados nas seguintes regras:</p><ul><li>Incluir todos os códigos definidos em <a href="CodeSystem-BRCBHPMTUSS.html"><code>http://www.saude.gov.br/fhir/r4/CodeSystem/BRCBHPMTUSS</code></a></li><li>Incluir todos os códigos definidos em <a href="CodeSystem-BRTabelaSUS.html"><code>http://www.saude.gov.br/fhir/r4/CodeSystem/BRTabelaSUS</code></a></li></ul></div></text><extension url="http://hl7.org/fhir/StructureDefinition/structuredefinition-fmm"><valueInteger value="1"><extension url="http://hl7.org/fhir/StructureDefinition/structuredefinition-conformance-derivedFrom"><valueCanonical value="http://www.saude.gov.br/fhir/r4/ImplementationGuide/br.gov.saude.rac.fhir"/></extension></valueInteger></extension><extension url="http://hl7.org/fhir/StructureDefinition/structuredefinition-standards-status"><valueCode value="informative"><extension url="http://hl7.org/fhir/StructureDefinition/structuredefinition-conformance-derivedFrom"><valueCanonical value="http://www.saude.gov.br/fhir/r4/ImplementationGuide/br.gov.saude.rac.fhir"/></extension></valueCode></extension><url value="http://www.saude.gov.br/fhir/r4/ValueSet/BRProcedimentosNacionais-1.0"/><version value="1.0.0"/><name value="BRProcedimentosNacionais"/><title value="Procedimento realizado"/><status value="active"/><experimental value="false"/><date value="2020-04-07T18:23:26.5540616+00:00"/><publisher value="Ministério da Saúde do Brasil"/><contact><telecom><system value="url"/><value value="http://www.saude.gov.br"/></telecom></contact><description value="ValueSet das classificações brasileiras para procedimentos adotadas em contexto nacional, os CodeSystems apresentam os códigos da competência atual, para o envio de competência anterior os códigos devem ser consultados na RTS."/><jurisdiction><coding><system value="urn:iso:std:iso:3166"/><code value="BR"/></coding></jurisdiction><immutable value="false"/><compose><include><system value="http://www.saude.gov.br/fhir/r4/CodeSystem/BRCBHPMTUSS"/><version value="*"/></include><include><system value="http://www.saude.gov.br/fhir/r4/CodeSystem/BRTabelaSUS"/><version value="*"/></include></compose></ValueSet>