Source File	Size	loadResources	load	generateSnapshots	load-configure	scan	loadDepInfo	loadInfo	checkR4R4B	generateNarratives	validate	loadLists	checkConformanceResources	checkConformanceResources2	checkConformanceResources3	generateLogicalMaps	validateExpressions	scanForUsageStats	checkURLsUnique	processProvenanceDetails	translate	generate1	generate2	generateLogicals	makeDependencies	generateExampleZip	generateValidationPack	scanProfilesForR5	scanExamplesForR5
/input/myig.xml	27218	-	0	0	0	0	0	0	9	30	0	0	0	0	0	0	0	1	0	0	0	120	158	0	0	0	4	0	4
input/examples/Example-Bundle-RAC-Completo-IndividuoNaoIdentificado.json	42751	11	38	0	1	0	0	0	4	4957	0	0	0	0	0	0	0	0	0	0	0	54	88	0	0	0	0	0	2
input/examples/Example-Bundle-RAC-Completo.json	35280	8	4	0	0	0	0	0	3	17	0	0	0	0	0	0	0	1	0	0	0	50	76	0	0	0	0	0	0
input/examples/Example-Bundle-RAC-TC.json	32790	7	3	0	0	0	0	0	1	4763	0	0	0	0	0	0	0	0	0	0	0	45	2457	0	0	0	0	0	1
input/resources/CodeSystem-BRAlergenosCBARA.json	28361	5	0	0	0	0	0	0	2	19	0	0	0	0	0	0	0	0	0	0	0	43	177	0	0	0	2	0	1
input/resources/CodeSystem-BRCBHPMTUSS.json	9802663	285	0	0	26	0	0	0	207	40145	0	0	20	0	0	0	0	32	0	0	0	10690	177671	0	0	0	673	0	41
input/resources/CodeSystem-BRCBO.json	774646	38	0	0	1	0	0	0	24	272	0	0	1	0	0	0	0	5	0	0	0	657	1502	0	0	0	38	0	8
input/resources/CodeSystem-BRCIAP2.json	57284	3	0	0	0	0	0	0	2	13	0	0	0	0	0	0	0	1	0	0	0	83	115	0	0	0	6	0	0
input/resources/CodeSystem-BRCID10.json	1555704	66	0	0	3	0	0	0	39	1257	0	0	4	0	0	0	0	5	0	0	0	1838	6671	0	0	0	155	0	8
input/resources/CodeSystem-BRCaraterAtendimento.json	1237	1	0	0	0	0	0	0	0	2	0	0	0	0	0	0	0	0	0	0	0	8	29	0	0	0	0	0	0
input/resources/CodeSystem-BRCategoriaDiagnostico.json	777	0	0	0	0	0	0	0	0	1	0	0	0	0	0	0	0	0	0	0	0	7	28	0	0	0	1	0	0
input/resources/CodeSystem-BRDadoAusenteOuDesconhecido.json	6536	0	0	0	0	0	0	0	0	3	0	0	0	0	0	0	0	0	0	0	0	13	33	0	0	0	0	0	1
input/resources/CodeSystem-BRFinanciamento.json	1215	1	0	0	0	0	0	0	0	2	0	0	0	0	0	0	0	0	0	0	0	8	27	0	0	0	0	0	0
input/resources/CodeSystem-BRFrequenciaUsoSubstancia.json	952	0	0	0	0	0	0	0	0	1	0	0	0	0	0	0	0	0	0	0	0	8	24	0	0	0	0	0	0
input/resources/CodeSystem-BRImunobiologico.xml	49789	55	0	0	0	0	0	0	1	9	0	0	0	0	0	0	0	0	0	0	0	47	73	0	0	0	3	0	0
input/resources/CodeSystem-BRJustificativaIndividuoNaoIdentificado.json	1444	1	0	0	0	0	0	0	1	1	0	0	0	0	0	0	0	0	0	0	0	9	25	0	0	0	0	0	0
input/resources/CodeSystem-BRLocalAfericao.json	1284	0	0	0	0	0	0	0	0	2	0	0	0	0	0	0	0	0	0	0	0	8	26	0	0	0	1	0	0
input/resources/CodeSystem-BRMedDRA.json	5636	0	0	0	0	0	0	0	0	2	0	0	0	0	0	0	0	1	0	0	0	12	30	0	0	0	0	0	0
input/resources/CodeSystem-BRMedicamento.json	483398	22	0	0	1	0	0	0	11	145	0	0	1	0	0	0	0	1	0	0	0	604	882	0	0	0	48	0	3
input/resources/CodeSystem-BRModalidadeAssistencial.json	1374	0	0	0	0	0	0	0	0	2	0	0	0	0	0	0	0	0	0	0	0	9	22	0	0	0	0	0	0
input/resources/CodeSystem-BRModalidadeTelessaude.xml	820	4	0	0	0	0	0	0	1	1	0	0	0	0	0	0	0	0	0	0	0	8	19	0	0	0	0	0	0
input/resources/CodeSystem-BRMotivoDesfecho.json	1304	1	0	0	0	0	0	0	0	1	0	0	0	0	0	0	0	0	0	0	0	8	21	0	0	0	1	0	0
input/resources/CodeSystem-BRObmAMPP.json	1895737	61	0	0	1	0	0	0	72	1045	0	0	2	0	0	0	0	3	0	0	0	2188	5072	0	0	0	139	0	7
input/resources/CodeSystem-BRObmANVISA.json	1731413	144	0	0	1	0	0	0	31	1024	0	0	3	0	0	0	0	3	0	0	0	1994	4620	0	0	0	133	0	7
input/resources/CodeSystem-BRObmCATMAT.json	352568	15	0	0	1	0	0	0	9	117	0	0	1	0	0	0	0	1	0	0	0	432	588	0	0	0	33	0	2
input/resources/CodeSystem-BRObmEAN.json	199564	6	0	0	0	0	0	0	4	48	0	0	0	0	0	0	0	0	0	0	0	232	228	0	0	0	14	0	1
input/resources/CodeSystem-BRObmVMP.json	546209	20	0	0	0	0	0	0	12	193	0	0	1	0	0	0	0	2	0	0	0	656	894	0	0	0	47	0	2
input/resources/CodeSystem-BRPapelProblemaDiagnostico.json	1069	1	0	0	0	0	0	0	0	2	0	0	0	0	0	0	0	0	0	0	0	9	20	0	0	1	1	0	0
input/resources/CodeSystem-BRPosicaoIndividuo.json	948	0	0	0	0	0	0	0	0	1	0	0	0	0	0	0	0	0	0	0	0	7	21	0	0	0	0	0	0
input/resources/CodeSystem-BRProcedencia.json	1029	0	0	0	0	0	0	0	0	3	0	0	0	0	0	0	0	0	0	0	0	8	21	0	0	0	0	0	0
input/resources/CodeSystem-BRResponsabilidadeParticipante.json	1323	0	0	0	0	0	0	0	0	1	0	0	0	0	0	0	0	0	0	0	0	8	20	0	0	0	0	0	0
input/resources/CodeSystem-BRTabelaSUS.json	1563380	33	0	0	1	0	0	0	17	600	0	0	1	0	0	0	0	2	0	0	0	1655	1752	0	0	0	137	0	4
input/resources/CodeSystem-BRTipoAleitamentoMaterno.json	962	0	0	0	0	0	0	0	0	1	0	0	0	0	0	0	0	0	0	0	0	7	20	0	0	0	0	0	0
input/resources/CodeSystem-BRTipoDocumento.json	2016	1	0	0	0	0	0	0	0	2	0	0	0	0	0	0	0	0	0	0	0	9	20	0	0	0	0	0	0
input/resources/CodeSystem-BRTipoIdentificador.json	7305	0	0	0	0	0	0	0	0	1	0	0	0	0	0	0	0	0	0	0	0	12	27	0	0	0	1	0	1
input/resources/CodeSystem-BRTipoObservacao.json	1300	0	0	0	0	0	0	0	0	1	0	0	0	0	0	0	0	0	0	0	0	8	21	0	0	0	0	0	0
input/resources/CodeSystem-BRTipoSubstanciaUso.json	1523	1	0	0	0	0	0	0	0	1	0	0	0	0	0	0	0	0	0	0	0	8	21	0	0	0	0	0	0
input/resources/CodeSystem-BRTurno.json	741	0	0	0	0	0	0	0	0	1	0	0	0	0	0	0	0	0	0	0	0	6	19	0	0	0	0	0	0
input/resources/CodeSystem-BRUnidadeMedida.json	5506	0	0	0	0	0	0	0	1	1	0	0	0	0	0	0	0	0	0	0	0	13	29	0	0	0	1	0	0
input/resources/CodeSystem-BRUnidadeTempo.json	1608	1	0	0	0	0	0	0	0	1	0	0	0	0	0	0	0	0	0	0	0	7	19	0	0	0	0	0	0
input/resources/CodeSystem-BRViaAdministracao.json	19503	1	0	0	0	0	0	0	0	4	0	0	0	0	0	0	0	0	0	0	0	22	37	0	0	0	1	0	0
input/resources/StructureDefinition-BRAlergiaReacaoAdversa-1.0.json	14602	1	0	77	0	0	0	0	1	89	0	0	1	0	0	0	0	0	0	0	0	181	964	0	1	0	7	0	1
input/resources/StructureDefinition-BRAtestado.json	17216	1	0	35	0	0	0	0	0	38	0	0	0	0	0	0	0	1	0	0	0	241	684	0	1	0	9	1	1
input/resources/StructureDefinition-BRCID10Avaliado-1.0.json	19221	2	0	24	0	0	0	0	0	26	0	0	0	0	0	0	0	0	0	0	0	176	582	0	0	0	7	0	2
input/resources/StructureDefinition-BRCodigoSerialMedicamento.json	1265	0	0	4	0	0	0	0	0	3	0	0	0	0	0	0	0	0	0	0	0	16	176	0	0	0	0	0	0
input/resources/StructureDefinition-BRConjuntoMinimoDados-1.1.json	23444	1	0	42	0	0	0	0	0	45	0	0	1	0	0	0	0	1	0	0	0	313	744	0	0	0	12	0	1
input/resources/StructureDefinition-BRContatoAssistencial-1.0.json	35193	2	0	54	0	0	0	0	0	75	0	0	0	0	0	0	0	1	0	0	0	377	900	0	1	0	16	0	3
input/resources/StructureDefinition-BRFinanciamento-1.0.json	5484	1	0	3	0	0	0	0	0	8	0	0	0	0	0	0	0	0	0	0	0	35	187	0	0	0	2	0	0
input/resources/StructureDefinition-BRIdentificacaoEquipe-1.0.json	2335	0	0	2	0	0	0	0	0	5	0	0	0	0	0	0	0	0	0	0	0	17	145	0	0	0	0	0	0
input/resources/StructureDefinition-BRIndividuoNaoIdentificado-1.0.json	5135	0	0	4	0	0	0	0	0	7	0	0	0	0	0	0	0	0	0	0	0	36	217	0	0	0	2	0	1
input/resources/StructureDefinition-BRIntervaloDoses.json	6289	1	0	8	0	0	0	0	1	8	0	0	0	0	0	0	0	0	0	0	0	36	182	0	0	0	1	1	0
input/resources/StructureDefinition-BRLocalAtendimento-1.0.json	3090	0	0	8	0	0	0	0	0	8	0	0	0	0	0	0	0	0	0	0	0	55	208	0	0	0	2	0	0
input/resources/StructureDefinition-BRMedicamento.json	5518	1	0	11	0	0	0	0	0	12	0	0	0	0	0	0	0	1	0	0	0	71	206	0	0	0	3	0	1
input/resources/StructureDefinition-BRMedidaObservada.json	9719	1	0	28	0	0	0	0	0	22	0	0	0	0	0	0	0	0	0	0	0	168	1487	0	0	0	7	0	1
input/resources/StructureDefinition-BRObservacaoDescritiva-1.0.json	7531	0	0	19	0	0	0	0	0	817	0	0	1	0	0	0	0	0	0	0	0	120	299	0	0	0	6	0	1
input/resources/StructureDefinition-BROcupacao-1.0.json	2373	1	0	3	0	0	0	0	0	5	0	0	0	0	0	0	0	1	0	0	0	31	125	0	0	0	1	0	0
input/resources/StructureDefinition-BROrigemMedida.json	1512	0	0	3	0	0	0	0	0	4	0	0	0	0	0	0	0	0	0	0	0	21	105	0	0	0	1	0	0
input/resources/StructureDefinition-BROutrasInformacoes.json	1093	0	0	2	0	0	0	0	0	2	0	0	0	0	0	0	0	0	0	0	0	15	100	0	0	0	0	0	0
input/resources/StructureDefinition-BRPlanoCuidados-1.0.json	10633	1	0	19	0	0	0	0	1	20	0	0	0	0	0	0	0	0	0	0	0	141	307	0	1	0	6	0	1
input/resources/StructureDefinition-BRPrescricaoMedicamento.json	26611	1	0	39	0	0	0	0	0	45	0	0	0	0	0	0	0	1	0	0	0	375	650	0	0	0	12	0	1
input/resources/StructureDefinition-BRProblemaDiagnostico.json	18013	2	0	25	0	0	0	0	0	25	0	0	0	0	0	0	0	0	0	0	0	172	373	0	0	0	7	1	3
input/resources/StructureDefinition-BRProcedimentoRealizado-1.0.json	37512	1	0	33	0	0	0	0	0	35	0	0	0	0	0	0	0	1	0	0	0	273	488	0	1	0	10	0	2
input/resources/StructureDefinition-BRQuantidade-1.0.json	1539	1	0	2	0	0	0	0	0	4	0	0	0	0	0	0	0	0	0	0	0	19	104	0	0	0	1	0	0
input/resources/StructureDefinition-BRRegistroAtendimentoClinico.json	14323	1	0	45	0	0	0	0	0	40	0	0	1	0	0	0	0	1	0	0	0	377	716	0	0	0	14	0	2
input/resources/StructureDefinition-BRRegistroPrescricaoMedicamento.json	8066	0	0	16	0	0	0	0	0	16	0	0	0	0	0	0	0	0	0	0	0	135	274	0	1	0	6	0	1
input/resources/StructureDefinition-BRResponsavelAtendimento.json	1243	1	0	4	0	0	0	0	0	4	0	0	0	0	0	0	0	1	0	0	0	18	97	0	0	0	1	0	0
input/resources/StructureDefinition-BRRoupasUsadasMedicao.json	1475	0	0	2	0	0	0	0	0	3	0	0	0	0	0	0	0	0	0	0	0	16	105	0	0	0	0	1	0
input/resources/StructureDefinition-BRTurno.json	1505	0	0	1	0	0	0	0	0	3	0	0	0	0	0	0	0	0	0	0	0	16	103	0	0	0	1	0	0
input/resources/ValueSet-BRAlergenos-1.0.json	818	0	0	0	0	0	0	0	0	23	0	0	0	0	0	0	0	0	0	0	0	9	223	0	0	0	0	0	0
input/resources/ValueSet-BRCID10-1.0.json	723	0	0	0	1	0	0	0	0	2	0	0	0	0	0	0	0	0	0	0	0	8	146	0	0	0	0	0	0
input/resources/ValueSet-BRCaraterAtendimento-1.0.json	708	1	0	0	0	0	0	0	0	1	0	0	0	0	0	0	0	0	0	0	0	8	24	0	0	0	0	0	0
input/resources/ValueSet-BRCategoriaAgenteAlergiasReacoesAdversas-1.0.json	2966	0	0	0	0	0	0	0	0	3	0	0	0	0	0	0	0	0	0	0	0	11	30	0	0	0	1	0	0
input/resources/ValueSet-BRCategoriaCondicao.json	1290	0	0	0	0	0	0	0	0	2	0	0	0	0	0	0	0	0	0	0	0	9	25	0	0	0	0	0	0
input/resources/ValueSet-BRCategoriaDiagnostico.json	744	0	0	0	0	0	0	0	0	1	0	0	0	0	0	0	0	0	0	0	0	7	23	0	0	0	0	0	0
input/resources/ValueSet-BRCriticidadeAlergiasReacoesAdversas-1.0.json	1507	1	0	0	0	0	0	0	0	1	0	0	0	0	0	0	0	0	0	0	0	9	26	0	0	0	0	0	0
input/resources/ValueSet-BREstadoAfastamentoAtestado.json	1012	0	0	0	0	0	0	0	0	2	0	0	0	0	0	0	0	0	0	0	0	8	23	0	0	0	0	0	0
input/resources/ValueSet-BREstadoAtestado.json	911	0	0	0	0	0	0	0	0	1	0	0	0	0	0	0	0	0	0	0	0	7	23	0	0	0	1	0	0
input/resources/ValueSet-BREstadoContatoAssistencial-1.0.json	1244	0	0	0	0	0	0	0	0	2	0	0	0	0	0	0	0	0	0	0	0	8	23	0	0	0	0	0	0
input/resources/ValueSet-BREstadoDocumento-1.0.json	1630	0	0	0	0	0	0	0	0	2	0	0	0	0	0	0	0	0	0	0	0	9	26	0	0	0	0	0	0
input/resources/ValueSet-BREstadoEvento-1.0.json	2583	1	0	0	0	0	0	0	1	2	0	0	0	0	0	0	0	0	0	0	0	11	29	0	0	0	0	0	0
input/resources/ValueSet-BREstadoObservacao-1.0.json	1142	0	0	0	0	0	0	0	0	2	0	0	0	0	0	0	0	0	0	0	0	7	28	0	0	0	0	0	0
input/resources/ValueSet-BREstadoResolucaoDiagnosticoProblema-1.0.json	2182	0	0	0	0	0	0	0	0	2	0	0	0	0	0	0	0	0	0	0	0	9	30	0	0	0	1	0	0
input/resources/ValueSet-BREstadoSolicitacao-1.0.json	1126	0	0	0	0	0	0	0	0	1	0	0	0	0	0	0	0	0	0	0	0	9	25	0	0	0	0	0	0
input/resources/ValueSet-BREstadoSolicitacaoMedicamento-1.0.json	2401	1	0	0	0	0	0	0	0	2	0	0	0	0	0	0	0	0	0	0	0	9	28	0	0	0	0	0	0
input/resources/ValueSet-BRFinanciamento-1.0.json	759	0	0	0	0	0	0	0	0	1	0	0	0	0	0	0	0	0	0	0	0	8	23	0	0	0	0	0	0
input/resources/ValueSet-BRFrequenciaUsoSubstancia.json	1534	0	0	0	0	0	0	0	0	2	0	0	0	0	0	0	0	0	0	0	0	8	27	0	0	0	0	0	0
input/resources/ValueSet-BRGrauCertezaAlergiasReacoesAdversas-1.0.json	1799	0	0	0	0	0	0	0	0	2	0	0	0	0	0	0	0	0	0	0	0	9	28	0	0	0	0	0	0
input/resources/ValueSet-BRIntencaoAtestado.json	925	0	0	0	0	0	0	0	0	2	0	0	0	0	0	0	0	0	0	0	0	7	26	0	0	0	1	0	1
input/resources/ValueSet-BRJustificativaIndividuoNaoIdentificado-1.0.json	962	1	0	0	0	0	0	0	0	1	0	0	0	0	0	0	0	0	0	0	0	8	21	0	0	0	0	0	0
input/resources/ValueSet-BRLocalAfericao-1.0.json	730	0	0	0	0	0	0	0	0	1	0	0	0	0	0	0	0	0	0	0	0	7	22	0	0	0	0	0	0
input/resources/ValueSet-BRModalidadeAssistencial-1.0.json	807	0	0	0	0	0	0	0	0	1	0	0	0	0	0	0	0	0	0	0	0	6	22	0	0	0	0	0	0
input/resources/ValueSet-BRModalidadeTelessaude.xml	847	3	0	0	0	0	0	0	0	1	0	0	0	0	0	0	0	0	0	0	0	9	21	0	0	0	0	0	0
input/resources/ValueSet-BRMotivoDesfecho-1.0.json	763	1	0	0	0	0	0	0	0	0	0	0	0	0	0	0	0	0	0	0	0	6	22	0	0	0	0	0	0
input/resources/ValueSet-BROcupacao-1.0.json	711	0	0	0	0	0	0	0	0	1	0	0	0	0	0	0	0	0	0	0	0	7	164	0	0	0	0	0	0
input/resources/ValueSet-BROrigemMedida.json	1478	0	0	0	0	0	0	0	0	1478	0	0	0	0	0	0	0	0	0	0	0	7	261	0	0	0	1	0	0
input/resources/ValueSet-BRPapelProblemaDiagnostico.json	2744	0	0	0	0	0	0	0	0	2	0	0	0	0	0	0	0	0	0	0	0	8	28	0	0	0	0	0	0
input/resources/ValueSet-BRPosicaoIndividuo.json	1840	0	0	0	0	0	0	0	0	177	0	0	0	0	0	0	0	0	0	0	0	8	29	0	0	0	0	0	0
input/resources/ValueSet-BRPrescricaoNaoEstruturada.json	1075	1	0	0	0	0	0	0	0	1	0	0	0	0	0	0	0	0	0	0	0	7	26	0	0	0	0	0	0
input/resources/ValueSet-BRProblemaDiagnostico.json	874	0	0	0	1	0	0	0	0	1	0	0	0	0	0	0	0	0	0	0	0	7	116	0	0	0	0	0	0
input/resources/ValueSet-BRProcedencia-1.0.json	778	0	0	0	0	0	0	0	1	1	0	0	0	0	0	0	0	0	0	0	0	7	24	0	0	0	0	0	0
input/resources/ValueSet-BRProcedimentosNacionais-1.0.json	986	0	0	0	0	0	0	0	0	0	0	0	0	0	0	0	0	0	0	0	0	8	220	0	0	0	1	0	0
input/resources/ValueSet-BRReacoesAdversasMedDRA-1.0.json	777	0	0	0	0	0	0	0	0	1	0	0	0	0	0	0	0	0	0	0	0	6	25	0	0	0	0	0	0
input/resources/ValueSet-BRResponsabilidadeParticipante-1.0.json	810	0	0	0	0	0	0	0	0	0	0	0	0	0	0	0	0	0	0	0	0	7	25	0	0	0	0	0	0
input/resources/ValueSet-BRSexo-1.0.json	1584	1	0	0	0	0	0	0	0	2	0	0	0	0	0	0	0	0	0	0	0	8	24	0	0	0	0	0	0
input/resources/ValueSet-BRTerminologiaMedicamento.json	1100	0	0	0	0	0	0	0	0	1	0	0	0	0	0	0	0	0	0	0	0	7	145	0	0	0	0	0	0
input/resources/ValueSet-BRTipoAleitamentoMaterno-1.0.json	680	0	0	0	0	0	0	0	0	0	0	0	0	0	0	0	0	0	0	0	0	7	29	0	0	0	0	0	0
input/resources/ValueSet-BRTipoAtestado.json	696	0	0	0	0	0	0	0	0	1	0	0	0	0	0	0	0	0	0	0	0	6	22	0	0	0	0	0	0
input/resources/ValueSet-BRTipoDocumento-1.0.json	712	0	0	0	0	0	0	0	0	1	0	0	0	0	0	0	0	0	0	0	0	6	22	0	0	0	1	0	0
input/resources/ValueSet-BRTipoIdentificadorProcedimento-1.0.json	870	1	0	0	0	0	0	0	0	1	0	0	0	0	0	0	0	0	0	0	0	7	22	0	0	0	0	0	0
input/resources/ValueSet-BRTipoObservacao-1.0.json	4789	0	0	0	0	0	0	0	0	234	0	0	0	0	0	0	0	0	0	0	0	9	28	0	0	0	0	0	0
input/resources/ValueSet-BRTipoSubstanciaUso-1.0.json	880	0	0	0	0	0	0	0	0	1	0	0	0	0	0	0	0	0	0	0	0	7	22	0	0	0	0	0	0
input/resources/ValueSet-BRTurno.json	645	0	0	0	0	0	0	0	0	1	0	0	0	0	0	0	0	0	0	0	0	6	21	0	0	0	0	0	0
input/resources/ValueSet-BRUnidadeConsumo.json	717	0	0	0	0	0	0	0	0	1	0	0	0	0	0	0	0	0	0	0	0	7	25	0	0	0	0	0	0
input/resources/ValueSet-BRUnidadeMedidaMedicamento.json	780	0	0	0	0	0	0	0	0	0	0	0	0	0	0	0	0	0	0	0	0	6	25	0	0	0	0	0	0
input/resources/ValueSet-BRUnidadeTempo.json	680	1	0	0	0	0	0	0	0	1	0	0	0	0	0	0	0	0	0	0	0	6	21	0	0	0	1	0	0
input/resources/ValueSet-BRViaAdministracao-1.0.json	715	0	0	0	0	0	0	0	0	1	0	0	0	0	0	0	0	0	0	0	0	6	26	0	0	0	0	0	0
input/resources/ValueSet-RoupasUsadasMedicao.json	1887	0	0	0	0	0	0	0	0	199	0	0	0	0	0	0	0	0	0	0	0	7	298	0	0	0	0	0	0
/input/includes/menu.xml	1790	-	-	-	0	0	0	0	0	0	0	0	0	0	0	0	0	0	0	0	0	0	1	0	0	0	0	0	0
/input/pagecontent/exemplos.xml	7944	-	-	-	0	0	0	0	0	0	0	0	0	0	0	0	0	0	0	0	0	0	48	0	0	0	0	0	0
/input/pagecontent/index.xml	4997	-	-	-	0	0	0	0	0	0	0	0	0	0	0	0	0	0	0	0	0	0	32	0	0	0	0	0	0
/input/pagecontent/changes.xml	444	-	-	-	0	0	0	0	0	0	0	0	0	0	0	0	0	0	0	0	0	0	23	0	0	0	0	0	0
/input/pagecontent/suporte.xml	771	-	-	-	0	0	0	0	0	0	0	0	0	0	0	0	0	0	0	0	0	0	21	0	0	0	0	0	0
/input/pagecontent/downloads.xml	1337	-	-	-	0	0	0	0	0	0	0	0	0	0	0	0	0	0	0	0	0	0	17	0	0	0	0	0	0
/input/pagecontent/integracao.xml	18416	-	-	-	0	0	0	0	0	0	0	0	0	0	0	0	0	0	0	0	0	0	22	0	0	0	0	0	0
/input/pagecontent/credenciamento.xml	5683	-	-	-	0	0	0	0	0	0	0	0	0	0	0	0	0	0	0	0	0	0	18	0	0	0	0	0	0
/input/pagecontent/mi.xml	59095	-	-	-	0	0	0	0	0	0	0	0	0	0	0	0	0	0	0	0	0	0	27	0	0	0	0	0	0
/input/pagecontent/mc.xml	26041	-	-	-	0	0	0	0	0	0	0	0	0	0	0	0	0	0	0	0	0	0	18	0	0	0	0	0	0
/input/pagecontent/lives.xml	1539	-	-	-	0	0	0	0	0	0	0	0	0	0	0	0	0	0	0	0	0	0	13	0	0	0	0	0	0
/input/pagecontent/abstract.xml	2812	-	-	-	0	0	0	0	0	0	0	0	0	0	0	0	0	0	0	0	0	0	20	0	0	0	0	0	0
/input/pagecontent/forms.xml	504	-	-	-	0	0	0	0	0	0	0	0	0	0	0	0	0	0	0	0	0	0	11	0	0	0	0	0	0
/input/pagecontent	0	-	-	-	0	0	0	0	0	0	0	0	0	0	0	0	0	0	0	0	0	0	0	0	0	0	0	0	0
/input/pagecontent/exemplos.xml	7944	-	-	-	0	0	0	0	0	0	0	0	0	0	0	0	0	0	0	0	0	0	1	0	0	0	0	0	0
/input/pagecontent/index.xml	4997	-	-	-	0	0	0	0	0	0	0	0	0	0	0	0	0	0	0	0	0	0	0	0	0	0	0	0	0
/input/pagecontent/changes.xml	444	-	-	-	0	0	0	0	0	0	0	0	0	0	0	0	0	0	0	0	0	0	0	0	0	0	0	0	0
/input/pagecontent/suporte.xml	771	-	-	-	0	0	0	0	0	0	0	0	0	0	0	0	0	0	0	0	0	0	0	0	0	0	0	0	0
/input/pagecontent/downloads.xml	1337	-	-	-	0	0	0	0	0	0	0	0	0	0	0	0	0	0	0	0	0	0	0	0	0	0	0	0	0
/input/pagecontent/integracao.xml	18416	-	-	-	0	0	0	0	0	0	0	0	0	0	0	0	0	0	0	0	0	0	1	0	0	0	0	0	0
/input/pagecontent/credenciamento.xml	5683	-	-	-	0	0	0	0	0	0	0	0	0	0	0	0	0	0	0	0	0	0	0	0	0	0	0	0	0
/input/pagecontent/mi.xml	59095	-	-	-	0	0	0	0	0	0	0	0	0	0	0	0	0	0	0	0	0	0	3	0	0	0	0	0	0
/input/pagecontent/mc.xml	26041	-	-	-	0	0	0	0	0	0	0	0	0	0	0	0	0	0	0	0	0	0	1	0	0	0	0	0	0
/input/pagecontent/lives.xml	1539	-	-	-	0	0	0	0	0	0	0	0	0	0	0	0	0	0	0	0	0	0	0	0	0	0	0	0	0
/input/pagecontent/abstract.xml	2812	-	-	-	0	0	0	0	0	0	0	0	0	0	0	0	0	0	0	0	0	0	0	0	0	0	0	0	0
/input/pagecontent/forms.xml	504	-	-	-	0	0	0	0	0	0	0	0	0	0	0	0	0	0	0	0	0	0	0	0	0	0	0	0	0
/template/config	0	-	-	-	0	0	0	0	0	0	0	0	0	0	0	0	0	0	0	0	0	0	0	0	0	0	0	0	0
/template/config/_config.yml	140	-	-	-	0	0	0	0	0	0	0	0	0	0	0	0	0	0	0	0	0	0	0	0	0	0	0	0	0
/input/images	0	-	-	-	0	0	0	0	0	0	0	0	0	0	0	0	0	0	0	0	0	0	0	0	0	0	0	0	0
/input/images/racMc.png	127076	-	-	-	0	0	0	0	0	0	0	0	0	0	0	0	0	0	0	0	0	0	1	0	0	0	0	0	0
/input/images/bundleMC.png	132256	-	-	-	0	0	0	0	0	0	0	0	0	0	0	0	0	0	0	0	0	0	0	0	0	0	0	0	0
/input/images/portalServicos.png	266125	-	-	-	0	0	0	0	0	0	0	0	0	0	0	0	0	0	0	0	0	0	0	0	0	0	0	0	0
/input/images/gerenciadorCredenciais.png	92837	-	-	-	0	0	0	0	0	0	0	0	0	0	0	0	0	0	0	0	0	0	0	0	0	0	0	0	0
/input/images/estabelecimentosFilhos.png	33060	-	-	-	0	0	0	0	0	0	0	0	0	0	0	0	0	0	0	0	0	0	0	0	0	0	0	0	0
/input/images/acessoGov.png	615672	-	-	-	0	0	0	0	0	0	0	0	0	0	0	0	0	0	0	0	0	0	0	0	0	0	0	0	0
/temp/pages/_includes/artifacts.xml	70165	-	-	-	-	-	-	-	-	-	-	-	-	-	-	-	-	-	-	-	-	-	2	0	0	0	0	0	0
