{
  "resourceType" : "Bundle",
  "id" : "bundle-example-rac",
  "meta" : {
    "lastUpdated" : "2022-05-09T18:11:18.946402Z"
  },
  "identifier" : {
    "system" : "http://www.saude.gov.br/fhir/r4/NamingSystem/BRRNDS-1",
    "value" : "4629213170263-312915-F461111112-IF46111112M312915.EUT-82313"
  },
  "type" : "document",
  "timestamp" : "2022-05-09T18:11:19.005486Z",
  "entry" : [{
    "fullUrl" : "urn:uuid:5df38718-3047-4e95-8a90-413ec48e741a",
    "resource" : {
      "resourceType" : "Composition",
      "id" : "5df38718-3047-4e95-8a90-413ec48e741a",
      "meta" : {
        "lastUpdated" : "2022-05-09T17:28:34.132629Z",
        "profile" : ["http://www.saude.gov.br/fhir/r4/StructureDefinition/BRRegistroAtendimentoClinico"]
      },
      "text" : {
        "status" : "generated",
        "div" : "<div xmlns=\"http://www.w3.org/1999/xhtml\"><p><b>Generated Narrative: Composition</b><a name=\"5df38718-3047-4e95-8a90-413ec48e741a\"> </a></p><div style=\"display: inline-block; background-color: #d9e0e7; padding: 6px; margin: 4px; border: 1px solid #8da1b4; border-radius: 5px; line-height: 60%\"><p style=\"margin-bottom: 0px\">Resource Composition &quot;5df38718-3047-4e95-8a90-413ec48e741a&quot; Updated &quot;2022-05-09 17:28:34+0000&quot; </p><p style=\"margin-bottom: 0px\">Profile: <a href=\"StructureDefinition-BRRegistroAtendimentoClinico.html\">Registro de Atendimento Clínico</a></p></div><p><b>status</b>: final</p><p><b>type</b>: Registro de Atendimento Clínico <span style=\"background: LightGoldenRodYellow; margin: 4px; border: 1px solid khaki\"> (<a href=\"CodeSystem-BRTipoDocumento.html\">Tipo de Documento</a>#RAC)</span></p><p><b>category</b>: Atenção Hospitalar <span style=\"background: LightGoldenRodYellow; margin: 4px; border: 1px solid khaki\"> (<a href=\"CodeSystem-BRModalidadeAssistencial.html\">Modalidade Assistencial</a>#04)</span></p><p><b>date</b>: 2022-05-09</p><p><b>author</b>: <span><code>http://www.saude.gov.br/fhir/r4/StructureDefinition/BREstabelecimentoSaude-1.0</code>/3191384</span></p><p><b>title</b>: Registro de Atendimento Clínico</p></div>"
      },
      "status" : "final",
      "type" : {
        "coding" : [{
          "system" : "http://www.saude.gov.br/fhir/r4/CodeSystem/BRTipoDocumento",
          "code" : "RAC"
        }]
      },
      "category" : [{
        "coding" : [{
          "system" : "http://www.saude.gov.br/fhir/r4/CodeSystem/BRModalidadeAssistencial",
          "code" : "04"
        }]
      }],
      "subject" : {
        "identifier" : {
          "system" : "http://www.saude.gov.br/fhir/r4/StructureDefinition/BRIndividuo-1.0",
          "value" : "819217217061851"
        }
      },
      "date" : "2022-05-09",
      "author" : [{
        "identifier" : {
          "system" : "http://www.saude.gov.br/fhir/r4/StructureDefinition/BREstabelecimentoSaude-1.0",
          "value" : "3191384"
        }
      }],
      "title" : "Registro de Atendimento Clínico",
      "section" : [{
        "entry" : [{
          "reference" : "urn:uuid:d12070e4-3461-4fa0-95a6-76fd435cb403"
        },
        {
          "reference" : "urn:uuid:2af3c6c9-87ed-4f01-afec-ee8dc7df9951"
        },
        {
          "reference" : "urn:uuid:1031de4c-be76-48d3-85de-75274dba036c"
        },
        {
          "reference" : "urn:uuid:bd2466a4-18af-4c3b-899c-b6cccc51acff"
        },
        {
          "reference" : "urn:uuid:84e657cc-159f-4271-b0a1-38a76e28c624"
        },
        {
          "reference" : "urn:uuid:5302c1a3-2190-44aa-a9a2-382d27fe9230"
        },
        {
          "reference" : "urn:uuid:8264b367-cce0-4a76-b8d4-f9dcea39ee3d"
        },
        {
          "reference" : "urn:uuid:0509d090-3594-4f07-b32c-2a97da6a6fed"
        },
        {
          "reference" : "urn:uuid:059208f1-0083-4f81-a472-87b32140b31d"
        },
        {
          "reference" : "urn:uuid:98b0e992-9c95-464a-a661-6c42a4bd310c"
        },
        {
          "reference" : "urn:uuid:efcce484-7226-435f-8c7c-b1d703079444"
        },
        {
          "reference" : "urn:uuid:d78c1159-1473-4bef-9096-5ba98384e950"
        },
        {
          "reference" : "urn:uuid:32e99ca6-4e7d-4d56-8f25-612dd1c51a71"
        },
        {
          "reference" : "urn:uuid:19011496-44a1-4048-8e1b-558b82b1caf1"
        },
        {
          "reference" : "urn:uuid:34fe98d3-e5fc-491e-a125-c90ab2abb83a"
        },
        {
          "reference" : "urn:uuid:48e799d2-1087-4461-af34-8ecdd5bce316"
        },
        {
          "reference" : "urn:uuid:d2176159-0427-42da-a727-636bbb042d97"
        },
        {
          "reference" : "urn:uuid:22f0baea-50d7-429b-8767-3b07c9a8120e"
        }]
      }]
    }
  },
  {
    "fullUrl" : "urn:uuid:d12070e4-3461-4fa0-95a6-76fd435cb403",
    "resource" : {
      "resourceType" : "Encounter",
      "id" : "d12070e4-3461-4fa0-95a6-76fd435cb403",
      "meta" : {
        "lastUpdated" : "2022-05-09T17:31:16.551205Z",
        "profile" : ["http://www.saude.gov.br/fhir/r4/StructureDefinition/BRContatoAssistencial-1.0"]
      },
      "text" : {
        "status" : "generated",
        "div" : "<div xmlns=\"http://www.w3.org/1999/xhtml\"><p><b>Generated Narrative: Encounter</b><a name=\"d12070e4-3461-4fa0-95a6-76fd435cb403\"> </a></p><div style=\"display: inline-block; background-color: #d9e0e7; padding: 6px; margin: 4px; border: 1px solid #8da1b4; border-radius: 5px; line-height: 60%\"><p style=\"margin-bottom: 0px\">Resource Encounter &quot;d12070e4-3461-4fa0-95a6-76fd435cb403&quot; Updated &quot;2022-05-09 17:31:16+0000&quot; </p><p style=\"margin-bottom: 0px\">Profile: <a href=\"StructureDefinition-BRContatoAssistencial-1.0.html\">Contato Assistencial</a></p></div><p><b>status</b>: finished</p><p><b>class</b>: Atenção Hospitalar (Details: http://www.saude.gov.br/fhir/r4/CodeSystem/BRModalidadeAssistencial code 04 = 'Atenção Hospitalar', stated as 'null')</p><p><b>priority</b>: Eletivo <span style=\"background: LightGoldenRodYellow; margin: 4px; border: 1px solid khaki\"> (<a href=\"CodeSystem-BRCaraterAtendimento.html\">Caráter de Atendimento</a>#01)</span></p><p><b>subject</b>: <span><code>http://www.saude.gov.br/fhir/r4/StructureDefinition/BRIndividuo-1.0</code>/819217217061851</span></p><h3>Participants</h3><table class=\"grid\"><tr><td style=\"display: none\">-</td><td><b>Extension</b></td><td><b>Type</b></td><td><b>Individual</b></td></tr><tr><td style=\"display: none\">*</td><td>, </td><td>Profissional que solicitou o Contato Assistencial <span style=\"background: LightGoldenRodYellow; margin: 4px; border: 1px solid khaki\"> (<a href=\"CodeSystem-BRResponsabilidadeParticipante.html\">Reponsabilidade no Contato Assistencial</a>#solicitante)</span></td><td><span><code>http://www.saude.gov.br/fhir/r4/StructureDefinition/BRLotacaoProfissional-1.0</code>/815113499149874-3191384</span></td></tr></table><p><b>period</b>: 2022-04-09 --&gt; 2022-05-09</p><p><b>reasonReference</b>: <a href=\"#Observation_c9f83c17-3081-4233-b1e4-f629c58d6813\">See above (urn:uuid:c9f83c17-3081-4233-b1e4-f629c58d6813)</a></p><blockquote><p><b>diagnosis</b></p><p><b>condition</b>: <a href=\"#Condition_2af3c6c9-87ed-4f01-afec-ee8dc7df9951\">See above (urn:uuid:2af3c6c9-87ed-4f01-afec-ee8dc7df9951)</a></p><p><b>use</b>: Diagnosis not present on admission <span style=\"background: LightGoldenRodYellow; margin: 4px; border: 1px solid khaki\"> (<a href=\"CodeSystem-BRPapelProblemaDiagnostico.html\">Classificação do papel de um problema e diagnóstico</a>#NAD)</span></p><p><b>rank</b>: 1</p></blockquote><blockquote><p><b>diagnosis</b></p><p><b>condition</b>: <a href=\"#Procedure_1031de4c-be76-48d3-85de-75274dba036c\">See above (urn:uuid:1031de4c-be76-48d3-85de-75274dba036c)</a></p></blockquote><h3>Hospitalizations</h3><table class=\"grid\"><tr><td style=\"display: none\">-</td><td><b>Extension</b></td><td><b>AdmitSource</b></td><td><b>DischargeDisposition</b></td></tr><tr><td style=\"display: none\">*</td><td/><td>Informação ausente no modelo de origem <span style=\"background: LightGoldenRodYellow; margin: 4px; border: 1px solid khaki\"> (<a href=\"CodeSystem-BRProcedencia.html\">Procedência</a>#99)</span></td><td>Óbito <span style=\"background: LightGoldenRodYellow; margin: 4px; border: 1px solid khaki\"> (<a href=\"CodeSystem-BRMotivoDesfecho.html\">Motivo do Desfecho</a>#06)</span></td></tr></table><h3>Locations</h3><table class=\"grid\"><tr><td style=\"display: none\">-</td><td><b>Location</b></td></tr><tr><td style=\"display: none\">*</td><td><a href=\"#Location_6f2180c5-32aa-49cf-8b66-b2581465513c\">See above (urn:uuid:6f2180c5-32aa-49cf-8b66-b2581465513c)</a></td></tr></table><p><b>serviceProvider</b>: <span><code>http://www.saude.gov.br/fhir/r4/StructureDefinition/BREstabelecimentoSaude-1.0</code>/162338254590005</span></p></div>"
      },
      "status" : "finished",
      "class" : {
        "system" : "http://www.saude.gov.br/fhir/r4/CodeSystem/BRModalidadeAssistencial",
        "code" : "04"
      },
      "priority" : {
        "coding" : [{
          "system" : "http://www.saude.gov.br/fhir/r4/CodeSystem/BRCaraterAtendimento",
          "code" : "01"
        }]
      },
      "subject" : {
        "identifier" : {
          "system" : "http://www.saude.gov.br/fhir/r4/StructureDefinition/BRIndividuo-1.0",
          "value" : "819217217061851"
        }
      },
      "participant" : [{
        "extension" : [{
          "url" : "http://www.saude.gov.br/fhir/r4/StructureDefinition/BROcupacao-1.0",
          "valueCodeableConcept" : {
            "coding" : [{
              "system" : "http://www.saude.gov.br/fhir/r4/CodeSystem/BRCBO",
              "code" : "223505"
            }]
          }
        },
        {
          "url" : "http://www.saude.gov.br/fhir/r4/StructureDefinition/BRIdentificacaoEquipe-1.0",
          "valueInteger" : 2
        }],
        "type" : [{
          "coding" : [{
            "system" : "http://www.saude.gov.br/fhir/r4/CodeSystem/BRResponsabilidadeParticipante",
            "code" : "solicitante"
          }]
        }],
        "individual" : {
          "identifier" : {
            "system" : "http://www.saude.gov.br/fhir/r4/StructureDefinition/BRLotacaoProfissional-1.0",
            "value" : "815113499149874-3191384"
          }
        }
      }],
      "period" : {
        "start" : "2022-04-09",
        "end" : "2022-05-09"
      },
      "reasonReference" : [{
        "reference" : "urn:uuid:c9f83c17-3081-4233-b1e4-f629c58d6813"
      }],
      "diagnosis" : [{
        "condition" : {
          "reference" : "urn:uuid:2af3c6c9-87ed-4f01-afec-ee8dc7df9951"
        },
        "use" : {
          "coding" : [{
            "system" : "http://www.saude.gov.br/fhir/r4/CodeSystem/BRPapelProblemaDiagnostico",
            "code" : "NAD"
          }]
        },
        "rank" : 1
      },
      {
        "condition" : {
          "extension" : [{
            "url" : "http://www.saude.gov.br/fhir/r4/StructureDefinition/BRFinanciamento-1.0",
            "valueCodeableConcept" : {
              "coding" : [{
                "system" : "http://www.saude.gov.br/fhir/r4/CodeSystem/BRFinanciamento",
                "code" : "01"
              }]
            }
          }],
          "reference" : "urn:uuid:1031de4c-be76-48d3-85de-75274dba036c"
        }
      }],
      "hospitalization" : {
        "extension" : [{
          "url" : "http://www.saude.gov.br/fhir/r4/StructureDefinition/BROutrasInformacoes",
          "valueAnnotation" : {
            "time" : "2022-05-09",
            "text" : "Paciente se queixando da presença de sangue na saliva."
          }
        }],
        "admitSource" : {
          "coding" : [{
            "system" : "http://www.saude.gov.br/fhir/r4/CodeSystem/BRProcedencia",
            "code" : "99"
          }]
        },
        "dischargeDisposition" : {
          "coding" : [{
            "system" : "http://www.saude.gov.br/fhir/r4/CodeSystem/BRMotivoDesfecho",
            "code" : "06"
          }]
        }
      },
      "location" : [{
        "location" : {
          "reference" : "urn:uuid:6f2180c5-32aa-49cf-8b66-b2581465513c"
        }
      }],
      "serviceProvider" : {
        "identifier" : {
          "system" : "http://www.saude.gov.br/fhir/r4/StructureDefinition/BREstabelecimentoSaude-1.0",
          "value" : "162338254590005"
        }
      }
    }
  },
  {
    "fullUrl" : "urn:uuid:2af3c6c9-87ed-4f01-afec-ee8dc7df9951",
    "resource" : {
      "resourceType" : "Condition",
      "id" : "2af3c6c9-87ed-4f01-afec-ee8dc7df9951",
      "meta" : {
        "lastUpdated" : "2022-05-09T17:37:55.000322Z",
        "profile" : ["http://www.saude.gov.br/fhir/r4/StructureDefinition/BRProblemaDiagnostico"]
      },
      "text" : {
        "status" : "generated",
        "div" : "<div xmlns=\"http://www.w3.org/1999/xhtml\"><p><b>Generated Narrative: Condition</b><a name=\"2af3c6c9-87ed-4f01-afec-ee8dc7df9951\"> </a></p><div style=\"display: inline-block; background-color: #d9e0e7; padding: 6px; margin: 4px; border: 1px solid #8da1b4; border-radius: 5px; line-height: 60%\"><p style=\"margin-bottom: 0px\">Resource Condition &quot;2af3c6c9-87ed-4f01-afec-ee8dc7df9951&quot; Updated &quot;2022-05-09 17:37:55+0000&quot; </p><p style=\"margin-bottom: 0px\">Profile: <a href=\"StructureDefinition-BRProblemaDiagnostico.html\">Problema / Diagnóstico</a></p></div><p><b>clinicalStatus</b>: Active <span style=\"background: LightGoldenRodYellow; margin: 4px; border: 1px solid khaki\"> (<a href=\"http://terminology.hl7.org/5.3.0/CodeSystem-condition-clinical.html\">Condition Clinical Status Codes</a>#active)</span></p><p><b>category</b>: Encounter Diagnosis <span style=\"background: LightGoldenRodYellow; margin: 4px; border: 1px solid khaki\"> (<a href=\"http://terminology.hl7.org/5.3.0/CodeSystem-condition-category.html\">Condition Category Codes</a>#encounter-diagnosis)</span></p><p><b>code</b>: Varizes esofagianas sem sangramento <span style=\"background: LightGoldenRodYellow; margin: 4px; border: 1px solid khaki\"> (<a href=\"CodeSystem-BRCID10.html\">Classificação Internacional de Doenças - Décima Revisão - CID-10</a>#I859)</span></p><p><b>subject</b>: <span><code>http://www.saude.gov.br/fhir/r4/StructureDefinition/BRIndividuo-1.0</code>/819217217061851</span></p><p><b>note</b>: Varizes esofagianas sem sangramento.</p></div>"
      },
      "clinicalStatus" : {
        "coding" : [{
          "system" : "http://terminology.hl7.org/CodeSystem/condition-clinical",
          "code" : "active"
        }]
      },
      "category" : [{
        "coding" : [{
          "system" : "http://terminology.hl7.org/CodeSystem/condition-category",
          "code" : "encounter-diagnosis"
        }]
      }],
      "code" : {
        "coding" : [{
          "system" : "http://www.saude.gov.br/fhir/r4/CodeSystem/BRCID10",
          "code" : "I859"
        }]
      },
      "subject" : {
        "identifier" : {
          "system" : "http://www.saude.gov.br/fhir/r4/StructureDefinition/BRIndividuo-1.0",
          "value" : "819217217061851"
        }
      },
      "note" : [{
        "text" : "Varizes esofagianas sem sangramento."
      }]
    }
  },
  {
    "fullUrl" : "urn:uuid:1031de4c-be76-48d3-85de-75274dba036c",
    "resource" : {
      "resourceType" : "Procedure",
      "id" : "1031de4c-be76-48d3-85de-75274dba036c",
      "meta" : {
        "lastUpdated" : "2022-05-09T17:39:08.701859Z",
        "profile" : ["http://www.saude.gov.br/fhir/r4/StructureDefinition/BRProcedimentoRealizado-1.0"]
      },
      "text" : {
        "status" : "extensions",
        "div" : "<div xmlns=\"http://www.w3.org/1999/xhtml\"><p><b>Generated Narrative: Procedure</b><a name=\"1031de4c-be76-48d3-85de-75274dba036c\"> </a></p><div style=\"display: inline-block; background-color: #d9e0e7; padding: 6px; margin: 4px; border: 1px solid #8da1b4; border-radius: 5px; line-height: 60%\"><p style=\"margin-bottom: 0px\">Resource Procedure &quot;1031de4c-be76-48d3-85de-75274dba036c&quot; Updated &quot;2022-05-09 17:39:08+0000&quot; </p><p style=\"margin-bottom: 0px\">Profile: <a href=\"StructureDefinition-BRProcedimentoRealizado-1.0.html\">Procedimento Realizado</a></p></div><p><b>Quantidade</b>: 23</p><p><b>identifier</b>: Código de Autorização/462921313170263</p><p><b>status</b>: completed</p><p><b>code</b>: CONSULTA DE PROFISSIONAIS DE NIVEL SUPERIOR NA ATENÇÃO ESPECIALIZADA (EXCETO MÉDICO) <span style=\"background: LightGoldenRodYellow; margin: 4px; border: 1px solid khaki\"> (<a href=\"CodeSystem-BRTabelaSUS.html\">Tabela de procedimentos, medicamentos e OPM do SUS</a>#0301010048)</span></p><p><b>subject</b>: <span><code>http://www.saude.gov.br/fhir/r4/StructureDefinition/BRIndividuo-1.0</code>/819217217061851</span></p><p><b>performed</b>: 2022-05-09</p><h3>Performers</h3><table class=\"grid\"><tr><td style=\"display: none\">-</td><td><b>Extension</b></td><td><b>Function</b></td><td><b>Actor</b></td><td><b>OnBehalfOf</b></td></tr><tr><td style=\"display: none\">*</td><td/><td>FISIOTERAPEUTA GERAL <span style=\"background: LightGoldenRodYellow; margin: 4px; border: 1px solid khaki\"> (<a href=\"CodeSystem-BRCBO.html\">Classificação Brasileira de Ocupações - CBO</a>#223605)</span></td><td><span><code>http://www.saude.gov.br/fhir/r4/StructureDefinition/BRLotacaoProfissional-1.0</code>/815113499149874-3191384</span></td><td><span><code>http://www.saude.gov.br/fhir/r4/StructureDefinition/BREstabelecimentoSaude-1.0</code>/162338254590005</span></td></tr></table></div>"
      },
      "extension" : [{
        "url" : "http://www.saude.gov.br/fhir/r4/StructureDefinition/BRQuantidade-1.0",
        "valuePositiveInt" : 23
      }],
      "identifier" : [{
        "type" : {
          "coding" : [{
            "system" : "http://www.saude.gov.br/fhir/r4/CodeSystem/BRTipoIdentificador",
            "code" : "AUTH"
          }]
        },
        "value" : "462921313170263"
      }],
      "status" : "completed",
      "code" : {
        "coding" : [{
          "system" : "http://www.saude.gov.br/fhir/r4/CodeSystem/BRTabelaSUS",
          "code" : "0301010048"
        }]
      },
      "subject" : {
        "identifier" : {
          "system" : "http://www.saude.gov.br/fhir/r4/StructureDefinition/BRIndividuo-1.0",
          "value" : "819217217061851"
        }
      },
      "performedDateTime" : "2022-05-09",
      "performer" : [{
        "extension" : [{
          "url" : "http://www.saude.gov.br/fhir/r4/StructureDefinition/BRIdentificacaoEquipe-1.0",
          "valueInteger" : 2
        }],
        "function" : {
          "coding" : [{
            "system" : "http://www.saude.gov.br/fhir/r4/CodeSystem/BRCBO",
            "code" : "223605"
          }]
        },
        "actor" : {
          "identifier" : {
            "system" : "http://www.saude.gov.br/fhir/r4/StructureDefinition/BRLotacaoProfissional-1.0",
            "value" : "815113499149874-3191384"
          }
        },
        "onBehalfOf" : {
          "identifier" : {
            "system" : "http://www.saude.gov.br/fhir/r4/StructureDefinition/BREstabelecimentoSaude-1.0",
            "value" : "162338254590005"
          }
        }
      }]
    }
  },
  {
    "fullUrl" : "urn:uuid:c9f83c17-3081-4233-b1e4-f629c58d6813",
    "resource" : {
      "resourceType" : "Observation",
      "id" : "c9f83c17-3081-4233-b1e4-f629c58d6813",
      "meta" : {
        "lastUpdated" : "2022-05-09T17:37:55.000322Z",
        "profile" : ["http://www.saude.gov.br/fhir/r4/StructureDefinition/BRObservacaoDescritiva-1.0"]
      },
      "text" : {
        "status" : "generated",
        "div" : "<div xmlns=\"http://www.w3.org/1999/xhtml\"><p><b>Generated Narrative: Observation</b><a name=\"c9f83c17-3081-4233-b1e4-f629c58d6813\"> </a></p><div style=\"display: inline-block; background-color: #d9e0e7; padding: 6px; margin: 4px; border: 1px solid #8da1b4; border-radius: 5px; line-height: 60%\"><p style=\"margin-bottom: 0px\">Resource Observation &quot;c9f83c17-3081-4233-b1e4-f629c58d6813&quot; Updated &quot;2022-05-09 17:37:55+0000&quot; </p><p style=\"margin-bottom: 0px\">Profile: <a href=\"StructureDefinition-BRObservacaoDescritiva-1.0.html\">Observação Descritiva</a></p></div><p><b>status</b>: final</p><p><b>code</b>: Annotation comment Imp <span style=\"background: LightGoldenRodYellow; margin: 4px; border: 1px solid khaki\"> (<a href=\"https://loinc.org/\">LOINC</a>#48767-8)</span></p><p><b>subject</b>: <span><code>http://www.saude.gov.br/fhir/r4/StructureDefinition/BRIndividuo-1.0</code>/819217217061851</span></p><p><b>issued</b>: 9 de mai. de 2022 14:39:08</p><p><b>value</b>: Varizes esofagianas sem sangramento.</p></div>"
      },
      "status" : "final",
      "code" : {
        "coding" : [{
          "system" : "http://loinc.org",
          "code" : "48767-8"
        }]
      },
      "subject" : {
        "identifier" : {
          "system" : "http://www.saude.gov.br/fhir/r4/StructureDefinition/BRIndividuo-1.0",
          "value" : "819217217061851"
        }
      },
      "issued" : "2022-05-09T17:39:08.701859Z",
      "valueString" : "Varizes esofagianas sem sangramento."
    }
  },
  {
    "fullUrl" : "urn:uuid:6f2180c5-32aa-49cf-8b66-b2581465513c",
    "resource" : {
      "resourceType" : "Location",
      "id" : "6f2180c5-32aa-49cf-8b66-b2581465513c",
      "meta" : {
        "lastUpdated" : "2022-05-09T17:37:55.000322Z",
        "profile" : ["http://www.saude.gov.br/fhir/r4/StructureDefinition/BRLocalAtendimento-1.0"]
      },
      "text" : {
        "status" : "generated",
        "div" : "<div xmlns=\"http://www.w3.org/1999/xhtml\"><p><b>Generated Narrative: Location</b><a name=\"6f2180c5-32aa-49cf-8b66-b2581465513c\"> </a></p><div style=\"display: inline-block; background-color: #d9e0e7; padding: 6px; margin: 4px; border: 1px solid #8da1b4; border-radius: 5px; line-height: 60%\"><p style=\"margin-bottom: 0px\">Resource Location &quot;6f2180c5-32aa-49cf-8b66-b2581465513c&quot; Updated &quot;2022-05-09 17:37:55+0000&quot; </p><p style=\"margin-bottom: 0px\">Profile: <a href=\"StructureDefinition-BRLocalAtendimento-1.0.html\">Local de Atendimento</a></p></div><p><b>status</b>: active</p><p><b>name</b>: Estabelecimento de saúde</p><p><b>mode</b>: kind</p></div>"
      },
      "status" : "active",
      "name" : "Estabelecimento de saúde",
      "mode" : "kind"
    }
  },
  {
    "fullUrl" : "urn:uuid:bd2466a4-18af-4c3b-899c-b6cccc51acff",
    "resource" : {
      "resourceType" : "Observation",
      "id" : "bd2466a4-18af-4c3b-899c-b6cccc51acff",
      "meta" : {
        "profile" : ["http://www.saude.gov.br/fhir/r4/StructureDefinition/BRMedidaObservada"]
      },
      "text" : {
        "status" : "extensions",
        "div" : "<div xmlns=\"http://www.w3.org/1999/xhtml\"><p><b>Generated Narrative: Observation</b><a name=\"bd2466a4-18af-4c3b-899c-b6cccc51acff\"> </a></p><div style=\"display: inline-block; background-color: #d9e0e7; padding: 6px; margin: 4px; border: 1px solid #8da1b4; border-radius: 5px; line-height: 60%\"><p style=\"margin-bottom: 0px\">Resource Observation &quot;bd2466a4-18af-4c3b-899c-b6cccc51acff&quot; </p><p style=\"margin-bottom: 0px\">Profile: <a href=\"StructureDefinition-BRMedidaObservada.html\">Medida Observada</a></p></div><p><b>Origem da Medição</b>: Body height Measured <span style=\"background: LightGoldenRodYellow; margin: 4px; border: 1px solid khaki\"> (<a href=\"https://loinc.org/\">LOINC</a>#3137-7)</span></p><p><b>status</b>: final</p><p><b>code</b>: Weight <span style=\"background: LightGoldenRodYellow; margin: 4px; border: 1px solid khaki\"> (<a href=\"https://loinc.org/\">LOINC</a>#29463-7)</span></p><p><b>value</b>: 1.83 m<span style=\"background: LightGoldenRodYellow\"> (Details: UCUM code m = 'm')</span></p><p><b>method</b>: Standing <span style=\"background: LightGoldenRodYellow; margin: 4px; border: 1px solid khaki\"> (<a href=\"https://loinc.org/\">LOINC</a>#LA11870-5)</span></p></div>"
      },
      "extension" : [{
        "url" : "http://www.saude.gov.br/fhir/r4/StructureDefinition/BROrigemMedida",
        "valueCodeableConcept" : {
          "coding" : [{
            "system" : "http://loinc.org",
            "code" : "3137-7"
          }]
        }
      }],
      "status" : "final",
      "code" : {
        "coding" : [{
          "system" : "http://loinc.org",
          "code" : "29463-7"
        }]
      },
      "valueQuantity" : {
        "value" : 1.83,
        "system" : "http://unitsofmeasure.org",
        "code" : "m"
      },
      "method" : {
        "coding" : [{
          "system" : "http://loinc.org",
          "code" : "LA11870-5"
        }]
      }
    }
  },
  {
    "fullUrl" : "urn:uuid:84e657cc-159f-4271-b0a1-38a76e28c624",
    "resource" : {
      "resourceType" : "Observation",
      "id" : "84e657cc-159f-4271-b0a1-38a76e28c624",
      "meta" : {
        "profile" : ["http://www.saude.gov.br/fhir/r4/StructureDefinition/BRMedidaObservada"]
      },
      "text" : {
        "status" : "generated",
        "div" : "<div xmlns=\"http://www.w3.org/1999/xhtml\"><p><b>Generated Narrative: Observation</b><a name=\"84e657cc-159f-4271-b0a1-38a76e28c624\"> </a></p><div style=\"display: inline-block; background-color: #d9e0e7; padding: 6px; margin: 4px; border: 1px solid #8da1b4; border-radius: 5px; line-height: 60%\"><p style=\"margin-bottom: 0px\">Resource Observation &quot;84e657cc-159f-4271-b0a1-38a76e28c624&quot; </p><p style=\"margin-bottom: 0px\">Profile: <a href=\"StructureDefinition-BRMedidaObservada.html\">Medida Observada</a></p></div><p><b>status</b>: final</p><p><b>code</b>: Circumf.at umbilicus by Tape measure <span style=\"background: LightGoldenRodYellow; margin: 4px; border: 1px solid khaki\"> (<a href=\"https://loinc.org/\">LOINC</a>#8280-0)</span></p><p><b>value</b>: 135.5 cm<span style=\"background: LightGoldenRodYellow\"> (Details: UCUM code cm = 'cm')</span></p></div>"
      },
      "status" : "final",
      "code" : {
        "coding" : [{
          "system" : "http://loinc.org",
          "code" : "8280-0"
        }]
      },
      "valueQuantity" : {
        "value" : 135.5,
        "system" : "http://unitsofmeasure.org",
        "code" : "cm"
      }
    }
  },
  {
    "fullUrl" : "urn:uuid:5302c1a3-2190-44aa-a9a2-382d27fe9230",
    "resource" : {
      "resourceType" : "Observation",
      "id" : "5302c1a3-2190-44aa-a9a2-382d27fe9230",
      "meta" : {
        "profile" : ["http://www.saude.gov.br/fhir/r4/StructureDefinition/BRMedidaObservada"]
      },
      "text" : {
        "status" : "generated",
        "div" : "<div xmlns=\"http://www.w3.org/1999/xhtml\"><p><b>Generated Narrative: Observation</b><a name=\"5302c1a3-2190-44aa-a9a2-382d27fe9230\"> </a></p><div style=\"display: inline-block; background-color: #d9e0e7; padding: 6px; margin: 4px; border: 1px solid #8da1b4; border-radius: 5px; line-height: 60%\"><p style=\"margin-bottom: 0px\">Resource Observation &quot;5302c1a3-2190-44aa-a9a2-382d27fe9230&quot; </p><p style=\"margin-bottom: 0px\">Profile: <a href=\"StructureDefinition-BRMedidaObservada.html\">Medida Observada</a></p></div><p><b>status</b>: final</p><p><b>code</b>: LMP Start date <span style=\"background: LightGoldenRodYellow; margin: 4px; border: 1px solid khaki\"> (<a href=\"https://loinc.org/\">LOINC</a>#8665-2)</span></p><p><b>value</b>: 2022-05-23</p></div>"
      },
      "status" : "final",
      "code" : {
        "coding" : [{
          "system" : "http://loinc.org",
          "code" : "8665-2"
        }]
      },
      "valueDateTime" : "2022-05-23"
    }
  },
  {
    "fullUrl" : "urn:uuid:8264b367-cce0-4a76-b8d4-f9dcea39ee3d",
    "resource" : {
      "resourceType" : "Observation",
      "id" : "8264b367-cce0-4a76-b8d4-f9dcea39ee3d",
      "meta" : {
        "profile" : ["http://www.saude.gov.br/fhir/r4/StructureDefinition/BRMedidaObservada"]
      },
      "text" : {
        "status" : "generated",
        "div" : "<div xmlns=\"http://www.w3.org/1999/xhtml\"><p><b>Generated Narrative: Observation</b><a name=\"8264b367-cce0-4a76-b8d4-f9dcea39ee3d\"> </a></p><div style=\"display: inline-block; background-color: #d9e0e7; padding: 6px; margin: 4px; border: 1px solid #8da1b4; border-radius: 5px; line-height: 60%\"><p style=\"margin-bottom: 0px\">Resource Observation &quot;8264b367-cce0-4a76-b8d4-f9dcea39ee3d&quot; </p><p style=\"margin-bottom: 0px\">Profile: <a href=\"StructureDefinition-BRMedidaObservada.html\">Medida Observada</a></p></div><p><b>status</b>: final</p><p><b>code</b>: Type of substance abused <span style=\"background: LightGoldenRodYellow; margin: 4px; border: 1px solid khaki\"> (<a href=\"https://loinc.org/\">LOINC</a>#56832-9)</span></p><p><b>effective</b>: Code: 1 ou 2 vezes</p><p><b>value</b>: Bebidas Alcóolicas <span style=\"background: LightGoldenRodYellow; margin: 4px; border: 1px solid khaki\"> (<a href=\"CodeSystem-BRTipoSubstanciaUso.html\">Tipo de Substância em Uso</a>#alcool)</span></p><p><b>note</b>: Uso ocasional de cannabis.</p></div>"
      },
      "status" : "final",
      "code" : {
        "coding" : [{
          "system" : "http://loinc.org",
          "code" : "56832-9"
        }]
      },
      "effectiveTiming" : {
        "code" : {
          "coding" : [{
            "system" : "http://www.saude.gov.br/fhir/r4/CodeSystem/BRFrequenciaUsoSubstancia",
            "code" : "uma-ou-duas"
          }]
        }
      },
      "valueCodeableConcept" : {
        "coding" : [{
          "system" : "http://www.saude.gov.br/fhir/r4/CodeSystem/BRTipoSubstanciaUso",
          "code" : "alcool"
        }]
      },
      "note" : [{
        "text" : "Uso ocasional de cannabis."
      }]
    }
  },
  {
    "fullUrl" : "urn:uuid:0509d090-3594-4f07-b32c-2a97da6a6fed",
    "resource" : {
      "resourceType" : "Observation",
      "id" : "0509d090-3594-4f07-b32c-2a97da6a6fed",
      "meta" : {
        "profile" : ["http://www.saude.gov.br/fhir/r4/StructureDefinition/BRMedidaObservada"]
      },
      "text" : {
        "status" : "generated",
        "div" : "<div xmlns=\"http://www.w3.org/1999/xhtml\"><p><b>Generated Narrative: Observation</b><a name=\"0509d090-3594-4f07-b32c-2a97da6a6fed\"> </a></p><div style=\"display: inline-block; background-color: #d9e0e7; padding: 6px; margin: 4px; border: 1px solid #8da1b4; border-radius: 5px; line-height: 60%\"><p style=\"margin-bottom: 0px\">Resource Observation &quot;0509d090-3594-4f07-b32c-2a97da6a6fed&quot; </p><p style=\"margin-bottom: 0px\">Profile: <a href=\"StructureDefinition-BRMedidaObservada.html\">Medida Observada</a></p></div><p><b>status</b>: final</p><p><b>code</b>: GA Est from LMP <span style=\"background: LightGoldenRodYellow; margin: 4px; border: 1px solid khaki\"> (<a href=\"https://loinc.org/\">LOINC</a>#11885-1)</span></p><p><b>value</b>: 3.5 wk<span style=\"background: LightGoldenRodYellow\"> (Details: UCUM code wk = 'wk')</span></p></div>"
      },
      "status" : "final",
      "code" : {
        "coding" : [{
          "system" : "http://loinc.org",
          "code" : "11885-1"
        }]
      },
      "valueQuantity" : {
        "value" : 3.5,
        "system" : "http://unitsofmeasure.org",
        "code" : "wk"
      }
    }
  },
  {
    "fullUrl" : "urn:uuid:059208f1-0083-4f81-a472-87b32140b31d",
    "resource" : {
      "resourceType" : "Observation",
      "id" : "059208f1-0083-4f81-a472-87b32140b31d",
      "meta" : {
        "profile" : ["http://www.saude.gov.br/fhir/r4/StructureDefinition/BRMedidaObservada"]
      },
      "text" : {
        "status" : "generated",
        "div" : "<div xmlns=\"http://www.w3.org/1999/xhtml\"><p><b>Generated Narrative: Observation</b><a name=\"059208f1-0083-4f81-a472-87b32140b31d\"> </a></p><div style=\"display: inline-block; background-color: #d9e0e7; padding: 6px; margin: 4px; border: 1px solid #8da1b4; border-radius: 5px; line-height: 60%\"><p style=\"margin-bottom: 0px\">Resource Observation &quot;059208f1-0083-4f81-a472-87b32140b31d&quot; </p><p style=\"margin-bottom: 0px\">Profile: <a href=\"StructureDefinition-BRMedidaObservada.html\">Medida Observada</a></p></div><p><b>status</b>: final</p><p><b>code</b>: Head Circumf OFC <span style=\"background: LightGoldenRodYellow; margin: 4px; border: 1px solid khaki\"> (<a href=\"https://loinc.org/\">LOINC</a>#9843-4)</span></p><p><b>value</b>: 45.5 cm<span style=\"background: LightGoldenRodYellow\"> (Details: UCUM code cm = 'cm')</span></p></div>"
      },
      "status" : "final",
      "code" : {
        "coding" : [{
          "system" : "http://loinc.org",
          "code" : "9843-4"
        }]
      },
      "valueQuantity" : {
        "value" : 45.5,
        "system" : "http://unitsofmeasure.org",
        "code" : "cm"
      }
    }
  },
  {
    "fullUrl" : "urn:uuid:98b0e992-9c95-464a-a661-6c42a4bd310c",
    "resource" : {
      "resourceType" : "Observation",
      "id" : "98b0e992-9c95-464a-a661-6c42a4bd310c",
      "meta" : {
        "profile" : ["http://www.saude.gov.br/fhir/r4/StructureDefinition/BRMedidaObservada"]
      },
      "text" : {
        "status" : "extensions",
        "div" : "<div xmlns=\"http://www.w3.org/1999/xhtml\"><p><b>Generated Narrative: Observation</b><a name=\"98b0e992-9c95-464a-a661-6c42a4bd310c\"> </a></p><div style=\"display: inline-block; background-color: #d9e0e7; padding: 6px; margin: 4px; border: 1px solid #8da1b4; border-radius: 5px; line-height: 60%\"><p style=\"margin-bottom: 0px\">Resource Observation &quot;98b0e992-9c95-464a-a661-6c42a4bd310c&quot; </p><p style=\"margin-bottom: 0px\">Profile: <a href=\"StructureDefinition-BRMedidaObservada.html\">Medida Observada</a></p></div><p><b>Origem da Medição</b>: Body height Stated <span style=\"background: LightGoldenRodYellow; margin: 4px; border: 1px solid khaki\"> (<a href=\"https://loinc.org/\">LOINC</a>#3138-5)</span></p><p><b>Roupas Usadas na Medição</b>: Street clothes &amp; shoes <span style=\"background: LightGoldenRodYellow; margin: 4px; border: 1px solid khaki\"> (<a href=\"https://loinc.org/\">LOINC</a>#LA11873-9)</span></p><p><b>status</b>: final</p><p><b>code</b>: Weight <span style=\"background: LightGoldenRodYellow; margin: 4px; border: 1px solid khaki\"> (<a href=\"https://loinc.org/\">LOINC</a>#29463-7)</span></p><p><b>value</b>: 88.15 kg<span style=\"background: LightGoldenRodYellow\"> (Details: UCUM code kg = 'kg')</span></p><p><b>method</b>: Standing <span style=\"background: LightGoldenRodYellow; margin: 4px; border: 1px solid khaki\"> (<a href=\"https://loinc.org/\">LOINC</a>#LA11870-5)</span></p></div>"
      },
      "extension" : [{
        "url" : "http://www.saude.gov.br/fhir/r4/StructureDefinition/BROrigemMedida",
        "valueCodeableConcept" : {
          "coding" : [{
            "system" : "http://loinc.org",
            "code" : "3138-5"
          }]
        }
      },
      {
        "url" : "http://www.saude.gov.br/fhir/r4/StructureDefinition/BRRoupasUsadasMedicao",
        "valueCodeableConcept" : {
          "coding" : [{
            "system" : "http://loinc.org",
            "code" : "LA11873-9"
          }]
        }
      }],
      "status" : "final",
      "code" : {
        "coding" : [{
          "system" : "http://loinc.org",
          "code" : "29463-7"
        }]
      },
      "valueQuantity" : {
        "value" : 88.15,
        "system" : "http://unitsofmeasure.org",
        "code" : "kg"
      },
      "method" : {
        "coding" : [{
          "system" : "http://loinc.org",
          "code" : "LA11870-5"
        }]
      }
    }
  },
  {
    "fullUrl" : "urn:uuid:efcce484-7226-435f-8c7c-b1d703079444",
    "resource" : {
      "resourceType" : "Observation",
      "id" : "efcce484-7226-435f-8c7c-b1d703079444",
      "meta" : {
        "profile" : ["http://www.saude.gov.br/fhir/r4/StructureDefinition/BRMedidaObservada"]
      },
      "text" : {
        "status" : "generated",
        "div" : "<div xmlns=\"http://www.w3.org/1999/xhtml\"><p><b>Generated Narrative: Observation</b><a name=\"efcce484-7226-435f-8c7c-b1d703079444\"> </a></p><div style=\"display: inline-block; background-color: #d9e0e7; padding: 6px; margin: 4px; border: 1px solid #8da1b4; border-radius: 5px; line-height: 60%\"><p style=\"margin-bottom: 0px\">Resource Observation &quot;efcce484-7226-435f-8c7c-b1d703079444&quot; </p><p style=\"margin-bottom: 0px\">Profile: <a href=\"StructureDefinition-BRMedidaObservada.html\">Medida Observada</a></p></div><p><b>status</b>: final</p><p><b>code</b>: BP sys <span style=\"background: LightGoldenRodYellow; margin: 4px; border: 1px solid khaki\"> (<a href=\"https://loinc.org/\">LOINC</a>#8480-6)</span></p><p><b>value</b>: 0.15 mm[Hg]<span style=\"background: LightGoldenRodYellow\"> (Details: UCUM code mm[Hg] = 'mm[Hg]')</span></p><p><b>bodySite</b>: Pulso esquerdo <span style=\"background: LightGoldenRodYellow; margin: 4px; border: 1px solid khaki\"> (<a href=\"CodeSystem-BRLocalAfericao.html\">Local de Aferição</a>#6)</span></p><p><b>method</b>: Sitting <span style=\"background: LightGoldenRodYellow; margin: 4px; border: 1px solid khaki\"> (<a href=\"https://loinc.org/\">LOINC</a>#LA11868-9)</span></p></div>"
      },
      "status" : "final",
      "code" : {
        "coding" : [{
          "system" : "http://loinc.org",
          "code" : "8480-6"
        }]
      },
      "valueQuantity" : {
        "value" : 0.15,
        "system" : "http://unitsofmeasure.org",
        "code" : "mm[Hg]"
      },
      "bodySite" : {
        "coding" : [{
          "system" : "http://www.saude.gov.br/fhir/r4/CodeSystem/BRLocalAfericao",
          "code" : "6"
        }]
      },
      "method" : {
        "coding" : [{
          "system" : "http://loinc.org",
          "code" : "LA11868-9"
        }]
      }
    }
  },
  {
    "fullUrl" : "urn:uuid:d78c1159-1473-4bef-9096-5ba98384e950",
    "resource" : {
      "resourceType" : "Observation",
      "id" : "d78c1159-1473-4bef-9096-5ba98384e950",
      "meta" : {
        "profile" : ["http://www.saude.gov.br/fhir/r4/StructureDefinition/BRMedidaObservada"]
      },
      "text" : {
        "status" : "generated",
        "div" : "<div xmlns=\"http://www.w3.org/1999/xhtml\"><p><b>Generated Narrative: Observation</b><a name=\"d78c1159-1473-4bef-9096-5ba98384e950\"> </a></p><div style=\"display: inline-block; background-color: #d9e0e7; padding: 6px; margin: 4px; border: 1px solid #8da1b4; border-radius: 5px; line-height: 60%\"><p style=\"margin-bottom: 0px\">Resource Observation &quot;d78c1159-1473-4bef-9096-5ba98384e950&quot; </p><p style=\"margin-bottom: 0px\">Profile: <a href=\"StructureDefinition-BRMedidaObservada.html\">Medida Observada</a></p></div><p><b>status</b>: final</p><p><b>code</b>: Abortions <span style=\"background: LightGoldenRodYellow; margin: 4px; border: 1px solid khaki\"> (<a href=\"https://loinc.org/\">LOINC</a>#11612-9)</span></p><p><b>value</b>: 1</p></div>"
      },
      "status" : "final",
      "code" : {
        "coding" : [{
          "system" : "http://loinc.org",
          "code" : "11612-9"
        }]
      },
      "valueQuantity" : {
        "value" : 1
      }
    }
  },
  {
    "fullUrl" : "urn:uuid:32e99ca6-4e7d-4d56-8f25-612dd1c51a71",
    "resource" : {
      "resourceType" : "Observation",
      "id" : "32e99ca6-4e7d-4d56-8f25-612dd1c51a71",
      "meta" : {
        "profile" : ["http://www.saude.gov.br/fhir/r4/StructureDefinition/BRMedidaObservada"]
      },
      "text" : {
        "status" : "generated",
        "div" : "<div xmlns=\"http://www.w3.org/1999/xhtml\"><p><b>Generated Narrative: Observation</b><a name=\"32e99ca6-4e7d-4d56-8f25-612dd1c51a71\"> </a></p><div style=\"display: inline-block; background-color: #d9e0e7; padding: 6px; margin: 4px; border: 1px solid #8da1b4; border-radius: 5px; line-height: 60%\"><p style=\"margin-bottom: 0px\">Resource Observation &quot;32e99ca6-4e7d-4d56-8f25-612dd1c51a71&quot; </p><p style=\"margin-bottom: 0px\">Profile: <a href=\"StructureDefinition-BRMedidaObservada.html\">Medida Observada</a></p></div><p><b>status</b>: final</p><p><b>code</b>: Pregnancies <span style=\"background: LightGoldenRodYellow; margin: 4px; border: 1px solid khaki\"> (<a href=\"https://loinc.org/\">LOINC</a>#11996-6)</span></p><p><b>value</b>: 2</p></div>"
      },
      "status" : "final",
      "code" : {
        "coding" : [{
          "system" : "http://loinc.org",
          "code" : "11996-6"
        }]
      },
      "valueQuantity" : {
        "value" : 2
      }
    }
  },
  {
    "fullUrl" : "urn:uuid:19011496-44a1-4048-8e1b-558b82b1caf1",
    "resource" : {
      "resourceType" : "Observation",
      "id" : "19011496-44a1-4048-8e1b-558b82b1caf1",
      "meta" : {
        "profile" : ["http://www.saude.gov.br/fhir/r4/StructureDefinition/BRMedidaObservada"]
      },
      "text" : {
        "status" : "generated",
        "div" : "<div xmlns=\"http://www.w3.org/1999/xhtml\"><p><b>Generated Narrative: Observation</b><a name=\"19011496-44a1-4048-8e1b-558b82b1caf1\"> </a></p><div style=\"display: inline-block; background-color: #d9e0e7; padding: 6px; margin: 4px; border: 1px solid #8da1b4; border-radius: 5px; line-height: 60%\"><p style=\"margin-bottom: 0px\">Resource Observation &quot;19011496-44a1-4048-8e1b-558b82b1caf1&quot; </p><p style=\"margin-bottom: 0px\">Profile: <a href=\"StructureDefinition-BRMedidaObservada.html\">Medida Observada</a></p></div><p><b>status</b>: final</p><p><b>code</b>: Pregnancies <span style=\"background: LightGoldenRodYellow; margin: 4px; border: 1px solid khaki\"> (<a href=\"https://loinc.org/\">LOINC</a>#11996-6)</span></p><p><b>value</b>: Predominante <span style=\"background: LightGoldenRodYellow; margin: 4px; border: 1px solid khaki\"> (<a href=\"CodeSystem-BRTipoAleitamentoMaterno.html\">Tipo de Aleitamento Materno</a>#predominante)</span></p></div>"
      },
      "status" : "final",
      "code" : {
        "coding" : [{
          "system" : "http://loinc.org",
          "code" : "11996-6"
        }]
      },
      "valueCodeableConcept" : {
        "coding" : [{
          "system" : "http://www.saude.gov.br/fhir/r4/CodeSystem/BRTipoAleitamentoMaterno",
          "code" : "predominante"
        }]
      }
    }
  },
  {
    "fullUrl" : "urn:uuid:34fe98d3-e5fc-491e-a125-c90ab2abb83a",
    "resource" : {
      "resourceType" : "AllergyIntolerance",
      "id" : "34fe98d3-e5fc-491e-a125-c90ab2abb83a",
      "meta" : {
        "profile" : ["http://www.saude.gov.br/fhir/r4/StructureDefinition/BRAlergiaReacaoAdversa-1.0"]
      },
      "text" : {
        "status" : "generated",
        "div" : "<div xmlns=\"http://www.w3.org/1999/xhtml\"><p><b>Generated Narrative: AllergyIntolerance</b><a name=\"34fe98d3-e5fc-491e-a125-c90ab2abb83a\"> </a></p><div style=\"display: inline-block; background-color: #d9e0e7; padding: 6px; margin: 4px; border: 1px solid #8da1b4; border-radius: 5px; line-height: 60%\"><p style=\"margin-bottom: 0px\">Resource AllergyIntolerance &quot;34fe98d3-e5fc-491e-a125-c90ab2abb83a&quot; </p><p style=\"margin-bottom: 0px\">Profile: <a href=\"StructureDefinition-BRAlergiaReacaoAdversa-1.0.html\">Alergia ou Reação Adversa</a></p></div><p><b>clinicalStatus</b>: Active <span style=\"background: LightGoldenRodYellow; margin: 4px; border: 1px solid khaki\"> (<a href=\"http://terminology.hl7.org/5.3.0/CodeSystem-allergyintolerance-clinical.html\">AllergyIntolerance Clinical Status Codes</a>#active)</span></p><p><b>verificationStatus</b>: Confirmed <span style=\"background: LightGoldenRodYellow; margin: 4px; border: 1px solid khaki\"> (<a href=\"http://terminology.hl7.org/5.3.0/CodeSystem-allergyintolerance-verification.html\">AllergyIntolerance Verification Status</a>#confirmed)</span></p><p><b>category</b>: food</p><p><b>criticality</b>: low</p><p><b>code</b>: SAT <span style=\"background: LightGoldenRodYellow; margin: 4px; border: 1px solid khaki\"> (<a href=\"CodeSystem-BRImunobiologico.html\">Imunobiológico</a>#2)</span></p><p><b>patient</b>: <span><code>http://www.saude.gov.br/fhir/r4/StructureDefinition/BRIndividuo-1.0</code>/819217217061851</span></p><p><b>onset</b>: 2022-06-01</p><p><b>note</b>: Soro antitetânico</p></div>"
      },
      "clinicalStatus" : {
        "coding" : [{
          "system" : "http://terminology.hl7.org/CodeSystem/allergyintolerance-clinical",
          "code" : "active",
          "display" : "Active"
        }]
      },
      "verificationStatus" : {
        "coding" : [{
          "system" : "http://terminology.hl7.org/CodeSystem/allergyintolerance-verification",
          "code" : "confirmed"
        }]
      },
      "category" : ["food"],
      "criticality" : "low",
      "code" : {
        "coding" : [{
          "system" : "http://www.saude.gov.br/fhir/r4/CodeSystem/BRImunobiologico",
          "code" : "2"
        }],
        "text" : "SAT"
      },
      "patient" : {
        "identifier" : {
          "system" : "http://www.saude.gov.br/fhir/r4/StructureDefinition/BRIndividuo-1.0",
          "value" : "819217217061851"
        }
      },
      "onsetDateTime" : "2022-06-01",
      "note" : [{
        "text" : "Soro antitetânico"
      }]
    }
  },
  {
    "fullUrl" : "urn:uuid:48e799d2-1087-4461-af34-8ecdd5bce316",
    "resource" : {
      "resourceType" : "Composition",
      "id" : "48e799d2-1087-4461-af34-8ecdd5bce316",
      "meta" : {
        "profile" : ["http://www.saude.gov.br/fhir/r4/StructureDefinition/BRRegistroPrescricaoMedicamento"]
      },
      "text" : {
        "status" : "generated",
        "div" : "<div xmlns=\"http://www.w3.org/1999/xhtml\"><p><b>Generated Narrative: Composition</b><a name=\"48e799d2-1087-4461-af34-8ecdd5bce316\"> </a></p><div style=\"display: inline-block; background-color: #d9e0e7; padding: 6px; margin: 4px; border: 1px solid #8da1b4; border-radius: 5px; line-height: 60%\"><p style=\"margin-bottom: 0px\">Resource Composition &quot;48e799d2-1087-4461-af34-8ecdd5bce316&quot; </p><p style=\"margin-bottom: 0px\">Profile: <a href=\"StructureDefinition-BRRegistroPrescricaoMedicamento.html\">Registro de Prescrição de Medicamento</a></p></div><p><b>status</b>: final</p><p><b>type</b>: Registro de Prescrição de Medicamento <span style=\"background: LightGoldenRodYellow; margin: 4px; border: 1px solid khaki\"> (<a href=\"CodeSystem-BRTipoDocumento.html\">Tipo de Documento</a>#RPM)</span></p><p><b>date</b>: 2022-03-04 14:59:51-0300</p><p><b>author</b>: <span><code>http://www.saude.gov.br/fhir/r4/StructureDefinition/BREstabelecimentoSaude-1.0</code>/3191384</span></p><p><b>title</b>: Registro de Prescrição de Medicamento</p></div>"
      },
      "status" : "final",
      "type" : {
        "coding" : [{
          "system" : "http://www.saude.gov.br/fhir/r4/CodeSystem/BRTipoDocumento",
          "code" : "RPM"
        }]
      },
      "subject" : {
        "identifier" : {
          "system" : "http://www.saude.gov.br/fhir/r4/StructureDefinition/BRIndividuo-1.0",
          "value" : "819217217061851"
        }
      },
      "date" : "2022-03-04T14:59:51-03:00",
      "author" : [{
        "identifier" : {
          "system" : "http://www.saude.gov.br/fhir/r4/StructureDefinition/BREstabelecimentoSaude-1.0",
          "value" : "3191384"
        }
      }],
      "title" : "Registro de Prescrição de Medicamento",
      "section" : [{
        "entry" : [{
          "reference" : "urn:uuid:6d607d4c-18f4-4647-be8c-d3b40e1659bb"
        }]
      }]
    }
  },
  {
    "fullUrl" : "urn:uuid:6d607d4c-18f4-4647-be8c-d3b40e1659bb",
    "resource" : {
      "resourceType" : "MedicationRequest",
      "id" : "6d607d4c-18f4-4647-be8c-d3b40e1659bb",
      "meta" : {
        "profile" : ["http://www.saude.gov.br/fhir/r4/StructureDefinition/BRPrescricaoMedicamento"]
      },
      "text" : {
        "status" : "generated",
        "div" : "<div xmlns=\"http://www.w3.org/1999/xhtml\"><p><b>Generated Narrative: MedicationRequest</b><a name=\"6d607d4c-18f4-4647-be8c-d3b40e1659bb\"> </a></p><div style=\"display: inline-block; background-color: #d9e0e7; padding: 6px; margin: 4px; border: 1px solid #8da1b4; border-radius: 5px; line-height: 60%\"><p style=\"margin-bottom: 0px\">Resource MedicationRequest &quot;6d607d4c-18f4-4647-be8c-d3b40e1659bb&quot; </p><p style=\"margin-bottom: 0px\">Profile: <a href=\"StructureDefinition-BRPrescricaoMedicamento.html\">Prescrição de Medicamento</a></p></div><p><b>status</b>: completed</p><p><b>intent</b>: order</p><p><b>medication</b>: <a href=\"#Medication_8bea4fe3-0769-4318-b5a8-7d3a8c6f04bd\">See above (urn:uuid:8bea4fe3-0769-4318-b5a8-7d3a8c6f04bd)</a></p><p><b>subject</b>: <span><code>http://www.saude.gov.br/fhir/r4/StructureDefinition/BRIndividuo-1.0</code>/819217217061851</span></p><p><b>authoredOn</b>: 2022-03-04</p><p><b>requester</b>: <span><code>http://www.saude.gov.br/fhir/r4/StructureDefinition/BREstabelecimentoSaude-1.0</code>/3191384</span></p><p><b>recorder</b>: <span><code>http://www.saude.gov.br/fhir/r4/StructureDefinition/BRProfissional-1.0</code>/162338254590005</span></p><p><b>note</b>: Medicamento necessário para tratamento da febre devido à gripe. (By Dr. Getúlio @2022-03-04)</p><blockquote><p><b>dosageInstruction</b></p><p><b>patientInstruction</b>: Tomar uma vez ao dia via oral.</p><p><b>timing</b>: Count 1 times, 12</p><p><b>asNeeded</b>: true</p><p><b>route</b>: Oral <span style=\"background: LightGoldenRodYellow; margin: 4px; border: 1px solid khaki\"> (<a href=\"CodeSystem-BRViaAdministracao.html\">Via de Administração</a>#10907)</span></p><blockquote><p><b>doseAndRate</b></p></blockquote><p><b>maxDosePerAdministration</b>: 10</p></blockquote><h3>DispenseRequests</h3><table class=\"grid\"><tr><td style=\"display: none\">-</td><td><b>ValidityPeriod</b></td><td><b>Quantity</b></td></tr><tr><td style=\"display: none\">*</td><td>2022-02-24 --&gt; 2022-03-03</td><td>10</td></tr></table></div>"
      },
      "status" : "completed",
      "intent" : "order",
      "medicationReference" : {
        "reference" : "urn:uuid:8bea4fe3-0769-4318-b5a8-7d3a8c6f04bd"
      },
      "subject" : {
        "identifier" : {
          "system" : "http://www.saude.gov.br/fhir/r4/StructureDefinition/BRIndividuo-1.0",
          "value" : "819217217061851"
        }
      },
      "authoredOn" : "2022-03-04",
      "requester" : {
        "identifier" : {
          "system" : "http://www.saude.gov.br/fhir/r4/StructureDefinition/BREstabelecimentoSaude-1.0",
          "value" : "3191384"
        }
      },
      "recorder" : {
        "identifier" : {
          "system" : "http://www.saude.gov.br/fhir/r4/StructureDefinition/BRProfissional-1.0",
          "value" : "162338254590005"
        }
      },
      "note" : [{
        "authorString" : "Dr. Getúlio",
        "time" : "2022-03-04",
        "text" : "Medicamento necessário para tratamento da febre devido à gripe."
      }],
      "dosageInstruction" : [{
        "patientInstruction" : "Tomar uma vez ao dia via oral.",
        "timing" : {
          "repeat" : {
            "extension" : [{
              "url" : "http://www.saude.gov.br/fhir/r4/StructureDefinition/BRTurno",
              "valueCode" : "3"
            },
            {
              "extension" : [{
                "url" : "periodUnit",
                "valueCode" : "min"
              },
              {
                "url" : "period",
                "valuePositiveInt" : 1
              }],
              "url" : "http://www.saude.gov.br/fhir/r4/StructureDefinition/BRIntervaloDoses"
            }],
            "count" : 1,
            "countMax" : 10,
            "frequency" : 12
          }
        },
        "asNeededBoolean" : true,
        "route" : {
          "coding" : [{
            "system" : "http://www.saude.gov.br/fhir/r4/CodeSystem/BRViaAdministracao",
            "code" : "10907"
          }]
        },
        "doseAndRate" : [{
          "type" : {
            "coding" : [{
              "system" : "http://www.saude.gov.br/fhir/r4/CodeSystem/BRUnidadeMedida",
              "code" : "13"
            }]
          },
          "doseQuantity" : {
            "value" : 10
          }
        }],
        "maxDosePerAdministration" : {
          "value" : 10
        }
      }],
      "dispenseRequest" : {
        "validityPeriod" : {
          "start" : "2022-02-24",
          "end" : "2022-03-03"
        },
        "quantity" : {
          "value" : 10
        }
      }
    }
  },
  {
    "fullUrl" : "urn:uuid:8bea4fe3-0769-4318-b5a8-7d3a8c6f04bd",
    "resource" : {
      "resourceType" : "Medication",
      "id" : "8bea4fe3-0769-4318-b5a8-7d3a8c6f04bd",
      "meta" : {
        "profile" : ["http://www.saude.gov.br/fhir/r4/StructureDefinition/BRMedicamento"]
      },
      "text" : {
        "status" : "generated",
        "div" : "<div xmlns=\"http://www.w3.org/1999/xhtml\"><p><b>Generated Narrative: Medication</b><a name=\"8bea4fe3-0769-4318-b5a8-7d3a8c6f04bd\"> </a></p><div style=\"display: inline-block; background-color: #d9e0e7; padding: 6px; margin: 4px; border: 1px solid #8da1b4; border-radius: 5px; line-height: 60%\"><p style=\"margin-bottom: 0px\">Resource Medication &quot;8bea4fe3-0769-4318-b5a8-7d3a8c6f04bd&quot; </p><p style=\"margin-bottom: 0px\">Profile: <a href=\"StructureDefinition-BRMedicamento.html\">Medicamento</a></p></div><p><b>code</b>: Terminologia segundo CATMAT <span style=\"background: LightGoldenRodYellow; margin: 4px; border: 1px solid khaki\"> (<a href=\"CodeSystem-BRObmCATMAT.html\">Terminologia de Produto Medicinal Virtual (VMP) no Catálogo de Materiais (CATMAT)</a>#BR0352317)</span></p><p><b>form</b>: Ampola <span style=\"background: LightGoldenRodYellow; margin: 4px; border: 1px solid khaki\"> (<a href=\"CodeSystem-BRUnidadeMedida.html\">Unidade de Medida</a>#2)</span></p></div>"
      },
      "code" : {
        "coding" : [{
          "system" : "http://www.saude.gov.br/fhir/r4/CodeSystem/BRObmCATMAT",
          "code" : "BR0352317"
        }],
        "text" : "Terminologia segundo CATMAT"
      },
      "form" : {
        "coding" : [{
          "system" : "http://www.saude.gov.br/fhir/r4/CodeSystem/BRUnidadeMedida",
          "code" : "2"
        }]
      }
    }
  },
  {
    "fullUrl" : "urn:uuid:d2176159-0427-42da-a727-636bbb042d97",
    "resource" : {
      "resourceType" : "CarePlan",
      "id" : "d2176159-0427-42da-a727-636bbb042d97",
      "meta" : {
        "profile" : ["http://www.saude.gov.br/fhir/r4/StructureDefinition/BRPlanoCuidados-1.0"]
      },
      "text" : {
        "status" : "generated",
        "div" : "<div xmlns=\"http://www.w3.org/1999/xhtml\"><p><b>Generated Narrative: CarePlan</b><a name=\"d2176159-0427-42da-a727-636bbb042d97\"> </a></p><div style=\"display: inline-block; background-color: #d9e0e7; padding: 6px; margin: 4px; border: 1px solid #8da1b4; border-radius: 5px; line-height: 60%\"><p style=\"margin-bottom: 0px\">Resource CarePlan &quot;d2176159-0427-42da-a727-636bbb042d97&quot; </p><p style=\"margin-bottom: 0px\">Profile: <a href=\"StructureDefinition-BRPlanoCuidados-1.0.html\">Plano de Cuidados</a></p></div><p><b>status</b>: active</p><p><b>intent</b>: plan</p><p><b>description</b>: Repouso pós-medicação intramuscular</p><p><b>subject</b>: <span><code>http://www.saude.gov.br/fhir/r4/StructureDefinition/BRIndividuo-1.0</code>/819217217061851</span></p></div>"
      },
      "status" : "active",
      "intent" : "plan",
      "description" : "Repouso pós-medicação intramuscular",
      "subject" : {
        "identifier" : {
          "system" : "http://www.saude.gov.br/fhir/r4/StructureDefinition/BRIndividuo-1.0",
          "value" : "819217217061851"
        }
      }
    }
  },
  {
    "fullUrl" : "urn:uuid:22f0baea-50d7-429b-8767-3b07c9a8120e",
    "resource" : {
      "resourceType" : "CarePlan",
      "id" : "22f0baea-50d7-429b-8767-3b07c9a8120e",
      "meta" : {
        "profile" : ["http://www.saude.gov.br/fhir/r4/StructureDefinition/BRAtestado"]
      },
      "text" : {
        "status" : "generated",
        "div" : "<div xmlns=\"http://www.w3.org/1999/xhtml\"><p><b>Generated Narrative: CarePlan</b><a name=\"22f0baea-50d7-429b-8767-3b07c9a8120e\"> </a></p><div style=\"display: inline-block; background-color: #d9e0e7; padding: 6px; margin: 4px; border: 1px solid #8da1b4; border-radius: 5px; line-height: 60%\"><p style=\"margin-bottom: 0px\">Resource CarePlan &quot;22f0baea-50d7-429b-8767-3b07c9a8120e&quot; </p><p style=\"margin-bottom: 0px\">Profile: <a href=\"StructureDefinition-BRAtestado.html\">Atestado Digital</a></p></div><p><b>status</b>: active</p><p><b>intent</b>: plan</p><p><b>category</b>: Atestado Médico/Odontológico <span style=\"background: LightGoldenRodYellow; margin: 4px; border: 1px solid khaki\"> (<a href=\"CodeSystem-BRTipoDocumento.html\">Tipo de Documento</a>#ATM)</span></p><p><b>subject</b>: <span><code>http://www.saude.gov.br/fhir/r4/StructureDefinition/BRIndividuo-1.0</code>/819217217061851</span></p><p><b>addresses</b>: <a href=\"#Condition_6f057e45-34ab-43d6-8fd5-53c1d3aa73b2\">See above (urn:uuid:6f057e45-34ab-43d6-8fd5-53c1d3aa73b2)</a></p><blockquote><p><b>activity</b></p><h3>Details</h3><table class=\"grid\"><tr><td style=\"display: none\">-</td><td><b>Status</b></td><td><b>Scheduled[x]</b></td><td><b>Description</b></td></tr><tr><td style=\"display: none\">*</td><td>unknown</td><td>Events: 2022-07-25 18:11:19+0000, Count 1 times, Once</td><td>Nada digno de nota.</td></tr></table></blockquote></div>"
      },
      "status" : "active",
      "intent" : "plan",
      "category" : [{
        "coding" : [{
          "system" : "http://www.saude.gov.br/fhir/r4/CodeSystem/BRTipoDocumento",
          "code" : "ATM"
        }]
      }],
      "subject" : {
        "identifier" : {
          "system" : "http://www.saude.gov.br/fhir/r4/StructureDefinition/BRIndividuo-1.0",
          "value" : "819217217061851"
        }
      },
      "addresses" : [{
        "reference" : "urn:uuid:6f057e45-34ab-43d6-8fd5-53c1d3aa73b2"
      }],
      "activity" : [{
        "detail" : {
          "status" : "unknown",
          "scheduledTiming" : {
            "event" : ["2022-07-25T18:11:19.005486Z"],
            "repeat" : {
              "count" : 1
            }
          },
          "description" : "Nada digno de nota."
        }
      }]
    }
  },
  {
    "fullUrl" : "urn:uuid:6f057e45-34ab-43d6-8fd5-53c1d3aa73b2",
    "resource" : {
      "resourceType" : "Condition",
      "id" : "6f057e45-34ab-43d6-8fd5-53c1d3aa73b2",
      "meta" : {
        "lastUpdated" : "2022-05-09T17:37:55.000322Z",
        "profile" : ["http://www.saude.gov.br/fhir/r4/StructureDefinition/BRCID10Avaliado-1.0"]
      },
      "text" : {
        "status" : "generated",
        "div" : "<div xmlns=\"http://www.w3.org/1999/xhtml\"><p><b>Generated Narrative: Condition</b><a name=\"6f057e45-34ab-43d6-8fd5-53c1d3aa73b2\"> </a></p><div style=\"display: inline-block; background-color: #d9e0e7; padding: 6px; margin: 4px; border: 1px solid #8da1b4; border-radius: 5px; line-height: 60%\"><p style=\"margin-bottom: 0px\">Resource Condition &quot;6f057e45-34ab-43d6-8fd5-53c1d3aa73b2&quot; Updated &quot;2022-05-09 17:37:55+0000&quot; </p><p style=\"margin-bottom: 0px\">Profile: <a href=\"StructureDefinition-BRCID10Avaliado-1.0.html\">CID10 Avaliado</a></p></div><p><b>clinicalStatus</b>: Active <span style=\"background: LightGoldenRodYellow; margin: 4px; border: 1px solid khaki\"> (<a href=\"http://terminology.hl7.org/5.3.0/CodeSystem-condition-clinical.html\">Condition Clinical Status Codes</a>#active)</span></p><p><b>category</b>: Principal <span style=\"background: LightGoldenRodYellow; margin: 4px; border: 1px solid khaki\"> (<a href=\"CodeSystem-BRCategoriaDiagnostico.html\">Categoria do Diagnóstico</a>#01)</span></p><p><b>code</b>: Varizes esofagianas sem sangramento <span style=\"background: LightGoldenRodYellow; margin: 4px; border: 1px solid khaki\"> (<a href=\"CodeSystem-BRCID10.html\">Classificação Internacional de Doenças - Décima Revisão - CID-10</a>#I859)</span></p><p><b>subject</b>: <span><code>http://www.saude.gov.br/fhir/r4/StructureDefinition/BRIndividuo-1.0</code>/819217217061851</span></p><p><b>onset</b>: 2023-06-16</p><p><b>note</b>: Varizes esofagianas sem sangramento.</p></div>"
      },
      "clinicalStatus" : {
        "coding" : [{
          "system" : "http://terminology.hl7.org/CodeSystem/condition-clinical",
          "code" : "active"
        }]
      },
      "category" : [{
        "coding" : [{
          "system" : "http://www.saude.gov.br/fhir/r4/CodeSystem/BRCategoriaDiagnostico",
          "code" : "01",
          "display" : "Principal"
        }]
      }],
      "code" : {
        "coding" : [{
          "system" : "http://www.saude.gov.br/fhir/r4/CodeSystem/BRCID10",
          "code" : "I859"
        }]
      },
      "subject" : {
        "identifier" : {
          "system" : "http://www.saude.gov.br/fhir/r4/StructureDefinition/BRIndividuo-1.0",
          "value" : "819217217061851"
        }
      },
      "onsetDateTime" : "2023-06-16",
      "note" : [{
        "text" : "Varizes esofagianas sem sangramento."
      }]
    }
  }]
}