{
  "resourceType" : "CodeSystem",
  "id" : "BRResponsabilidadeParticipante",
  "meta" : {
    "lastUpdated" : "2020-03-11T18:20:28.411+00:00"
  },
  "language" : "pt-BR",
  "text" : {
    "status" : "generated",
    "div" : "<div xmlns=\"http://www.w3.org/1999/xhtml\" xml:lang=\"pt-BR\" lang=\"pt-BR\"><p class=\"res-header-id\"><b>Generated Narrative: CodeSystem BRResponsabilidadeParticipante</b></p><a name=\"BRResponsabilidadeParticipante\"> </a><a name=\"hcBRResponsabilidadeParticipante\"> </a><a name=\"BRResponsabilidadeParticipante-und\"> </a><div style=\"display: inline-block; background-color: #d9e0e7; padding: 6px; margin: 4px; border: 1px solid #8da1b4; border-radius: 5px; line-height: 60%\"><p style=\"margin-bottom: 0px\">Last updated: 2020-03-11 18:20:28+0000; Language: pt-BR</p></div><p>This case-sensitive code system <code>http://www.saude.gov.br/fhir/r4/CodeSystem/BRResponsabilidadeParticipante</code> defines the following codes:</p><table class=\"codes\"><tr><td style=\"white-space:nowrap\"><b>Code</b></td><td><b>Display</b></td></tr><tr><td style=\"white-space:nowrap\">solicitante<a name=\"BRResponsabilidadeParticipante-solicitante\"> </a></td><td>Profissional que solicitou o Contato Assistencial</td></tr><tr><td style=\"white-space:nowrap\">autorizador<a name=\"BRResponsabilidadeParticipante-autorizador\"> </a></td><td>Profissional que autorizou a realização do Contato Assistencial</td></tr><tr><td style=\"white-space:nowrap\">admissao<a name=\"BRResponsabilidadeParticipante-admissao\"> </a></td><td>Profissional que admitiu do indivíduo no Contato Assistencial</td></tr><tr><td style=\"white-space:nowrap\">alta<a name=\"BRResponsabilidadeParticipante-alta\"> </a></td><td>Profissional que realizou a alta do indivíduo no Contato Assistencial</td></tr><tr><td style=\"white-space:nowrap\">atendimento<a name=\"BRResponsabilidadeParticipante-atendimento\"> </a></td><td>Profissional responsável pelo atendimento clínico Contato Assistencial</td></tr></table></div>"
  },
  "extension" : [{
    "url" : "http://hl7.org/fhir/StructureDefinition/structuredefinition-fmm",
    "valueInteger" : 1,
    "_valueInteger" : {
      "extension" : [{
        "url" : "http://hl7.org/fhir/StructureDefinition/structuredefinition-conformance-derivedFrom",
        "valueCanonical" : "http://www.saude.gov.br/fhir/r4/ImplementationGuide/br.gov.saude.rnds.rac"
      }]
    }
  },
  {
    "url" : "http://hl7.org/fhir/StructureDefinition/structuredefinition-standards-status",
    "valueCode" : "informative",
    "_valueCode" : {
      "extension" : [{
        "url" : "http://hl7.org/fhir/StructureDefinition/structuredefinition-conformance-derivedFrom",
        "valueCanonical" : "http://www.saude.gov.br/fhir/r4/ImplementationGuide/br.gov.saude.rnds.rac"
      }]
    }
  }],
  "url" : "http://www.saude.gov.br/fhir/r4/CodeSystem/BRResponsabilidadeParticipante",
  "version" : "0.1.0",
  "name" : "BRResponsabilidadeParticipante",
  "title" : "Reponsabilidade no Contato Assistencial",
  "status" : "active",
  "experimental" : false,
  "date" : "2020-03-11T18:20:48.9276301+00:00",
  "publisher" : "Ministério da Saúde do Brasil",
  "contact" : [{
    "telecom" : [{
      "system" : "url",
      "value" : "http://www.saude.gov.br"
    }]
  }],
  "description" : "Classifica o tipo de responsabilidade de indivíduos ou profissionais no Contato Assisntecial.",
  "jurisdiction" : [{
    "coding" : [{
      "system" : "urn:iso:std:iso:3166",
      "code" : "BR"
    }]
  }],
  "caseSensitive" : true,
  "content" : "complete",
  "concept" : [{
    "code" : "solicitante",
    "display" : "Profissional que solicitou o Contato Assistencial"
  },
  {
    "code" : "autorizador",
    "display" : "Profissional que autorizou a realização do Contato Assistencial"
  },
  {
    "code" : "admissao",
    "display" : "Profissional que admitiu do indivíduo no Contato Assistencial"
  },
  {
    "code" : "alta",
    "display" : "Profissional que realizou a alta do indivíduo no Contato Assistencial"
  },
  {
    "code" : "atendimento",
    "display" : "Profissional responsável pelo atendimento clínico Contato Assistencial"
  }]
}