{
  "resourceType" : "CodeSystem",
  "id" : "BRCategoriaDiagnostico",
  "meta" : {
    "lastUpdated" : "2022-05-19T11:00:40.0457007+00:00"
  },
  "language" : "pt-BR",
  "text" : {
    "status" : "generated",
    "div" : "<div xmlns=\"http://www.w3.org/1999/xhtml\" xml:lang=\"pt-BR\" lang=\"pt-BR\"><p>This case-sensitive code system <code>http://www.saude.gov.br/fhir/r4/CodeSystem/BRCategoriaDiagnostico</code> defines the following codes:</p><table class=\"codes\"><tr><td style=\"white-space:nowrap\"><b>Code</b></td><td><b>Display</b></td></tr><tr><td style=\"white-space:nowrap\">01<a name=\"BRCategoriaDiagnostico-01\"> </a></td><td>Principal</td></tr><tr><td style=\"white-space:nowrap\">02<a name=\"BRCategoriaDiagnostico-02\"> </a></td><td>Secundário</td></tr></table></div>"
  },
  "extension" : [{
    "url" : "http://hl7.org/fhir/StructureDefinition/structuredefinition-fmm",
    "valueInteger" : 1,
    "_valueInteger" : {
      "extension" : [{
        "url" : "http://hl7.org/fhir/StructureDefinition/structuredefinition-conformance-derivedFrom",
        "valueCanonical" : "http://www.saude.gov.br/fhir/r4/ImplementationGuide/br.gov.saude.rnds.rac"
      }]
    }
  },
  {
    "url" : "http://hl7.org/fhir/StructureDefinition/structuredefinition-standards-status",
    "valueCode" : "informative",
    "_valueCode" : {
      "extension" : [{
        "url" : "http://hl7.org/fhir/StructureDefinition/structuredefinition-conformance-derivedFrom",
        "valueCanonical" : "http://www.saude.gov.br/fhir/r4/ImplementationGuide/br.gov.saude.rnds.rac"
      }]
    }
  }],
  "url" : "http://www.saude.gov.br/fhir/r4/CodeSystem/BRCategoriaDiagnostico",
  "version" : "0.1.0",
  "name" : "BRCategoriaDiagnostico",
  "title" : "Categoria do Diagnóstico",
  "status" : "active",
  "experimental" : false,
  "date" : "2022-05-19T11:00:40.0457007+00:00",
  "publisher" : "Ministério da Saúde do Brasil",
  "contact" : [{
    "telecom" : [{
      "system" : "url",
      "value" : "http://www.saude.gov.br"
    }]
  }],
  "description" : "Códigos para representação do tipo de categoria do diagnóstico realizado.",
  "jurisdiction" : [{
    "coding" : [{
      "system" : "urn:iso:std:iso:3166",
      "code" : "BR"
    }]
  }],
  "caseSensitive" : true,
  "content" : "complete",
  "concept" : [{
    "code" : "01",
    "display" : "Principal"
  },
  {
    "code" : "02",
    "display" : "Secundário"
  }]
}