{
  "resourceType" : "CodeSystem",
  "id" : "BRViaAdministracao",
  "meta" : {
    "lastUpdated" : "2021-01-11T14:28:22.708+00:00"
  },
  "language" : "pt-BR",
  "text" : {
    "status" : "generated",
    "div" : "<div xmlns=\"http://www.w3.org/1999/xhtml\" xml:lang=\"pt-BR\" lang=\"pt-BR\"><p class=\"res-header-id\"><b>Generated Narrative: CodeSystem BRViaAdministracao</b></p><a name=\"BRViaAdministracao\"> </a><a name=\"hcBRViaAdministracao\"> </a><a name=\"BRViaAdministracao-und\"> </a><div style=\"display: inline-block; background-color: #d9e0e7; padding: 6px; margin: 4px; border: 1px solid #8da1b4; border-radius: 5px; line-height: 60%\"><p style=\"margin-bottom: 0px\">Last updated: 2021-01-11 14:28:22+0000; Language: pt-BR</p></div><p>This case-sensitive code system <code>http://www.saude.gov.br/fhir/r4/CodeSystem/BRViaAdministracao</code> defines the following codes:</p><table class=\"codes\"><tr><td style=\"white-space:nowrap\"><b>Code</b></td><td><b>Display</b></td></tr><tr><td style=\"white-space:nowrap\">0<a name=\"BRViaAdministracao-0\"> </a></td><td>Sem registro no sistema de informação de origem</td></tr><tr><td style=\"white-space:nowrap\">10862<a name=\"BRViaAdministracao-10862\"> </a></td><td>Otológica</td></tr><tr><td style=\"white-space:nowrap\">10863<a name=\"BRViaAdministracao-10863\"> </a></td><td>Bucal</td></tr><tr><td style=\"white-space:nowrap\">10864<a name=\"BRViaAdministracao-10864\"> </a></td><td>Dermatológica</td></tr><tr><td style=\"white-space:nowrap\">10865<a name=\"BRViaAdministracao-10865\"> </a></td><td>Intracervical</td></tr><tr><td style=\"white-space:nowrap\">10866<a name=\"BRViaAdministracao-10866\"> </a></td><td>Endosinusial</td></tr><tr><td style=\"white-space:nowrap\">10867<a name=\"BRViaAdministracao-10867\"> </a></td><td>Endotraqueopulmonar</td></tr><tr><td style=\"white-space:nowrap\">10868<a name=\"BRViaAdministracao-10868\"> </a></td><td>Epidural</td></tr><tr><td style=\"white-space:nowrap\">10869<a name=\"BRViaAdministracao-10869\"> </a></td><td>Epilesional</td></tr><tr><td style=\"white-space:nowrap\">10870<a name=\"BRViaAdministracao-10870\"> </a></td><td>Extraminiótica</td></tr><tr><td style=\"white-space:nowrap\">10871<a name=\"BRViaAdministracao-10871\"> </a></td><td>Gastroenteral</td></tr><tr><td style=\"white-space:nowrap\">10874<a name=\"BRViaAdministracao-10874\"> </a></td><td>Inalatória</td></tr><tr><td style=\"white-space:nowrap\">10875<a name=\"BRViaAdministracao-10875\"> </a></td><td>Intra-aminiótica</td></tr><tr><td style=\"white-space:nowrap\">10876<a name=\"BRViaAdministracao-10876\"> </a></td><td>Intra-arterial</td></tr><tr><td style=\"white-space:nowrap\">10877<a name=\"BRViaAdministracao-10877\"> </a></td><td>Intra-articular</td></tr><tr><td style=\"white-space:nowrap\">10878<a name=\"BRViaAdministracao-10878\"> </a></td><td>Intrabursal</td></tr><tr><td style=\"white-space:nowrap\">10879<a name=\"BRViaAdministracao-10879\"> </a></td><td>Intracameral</td></tr><tr><td style=\"white-space:nowrap\">10880<a name=\"BRViaAdministracao-10880\"> </a></td><td>Intracardíaca</td></tr><tr><td style=\"white-space:nowrap\">10881<a name=\"BRViaAdministracao-10881\"> </a></td><td>Intracavernosa</td></tr><tr><td style=\"white-space:nowrap\">10882<a name=\"BRViaAdministracao-10882\"> </a></td><td>Intracerebroventricular</td></tr><tr><td style=\"white-space:nowrap\">10884<a name=\"BRViaAdministracao-10884\"> </a></td><td>Intracoronariana</td></tr><tr><td style=\"white-space:nowrap\">10885<a name=\"BRViaAdministracao-10885\"> </a></td><td>Intradérmica</td></tr><tr><td style=\"white-space:nowrap\">10886<a name=\"BRViaAdministracao-10886\"> </a></td><td>Intradiscal</td></tr><tr><td style=\"white-space:nowrap\">10887<a name=\"BRViaAdministracao-10887\"> </a></td><td>Intraepidermal</td></tr><tr><td style=\"white-space:nowrap\">10888<a name=\"BRViaAdministracao-10888\"> </a></td><td>Intralesional</td></tr><tr><td style=\"white-space:nowrap\">10889<a name=\"BRViaAdministracao-10889\"> </a></td><td>Intralinfática</td></tr><tr><td style=\"white-space:nowrap\">10890<a name=\"BRViaAdministracao-10890\"> </a></td><td>Intramuscular</td></tr><tr><td style=\"white-space:nowrap\">10891<a name=\"BRViaAdministracao-10891\"> </a></td><td>Intraocular</td></tr><tr><td style=\"white-space:nowrap\">10892<a name=\"BRViaAdministracao-10892\"> </a></td><td>Intraóssea</td></tr><tr><td style=\"white-space:nowrap\">10893<a name=\"BRViaAdministracao-10893\"> </a></td><td>Intraperitoneal</td></tr><tr><td style=\"white-space:nowrap\">10894<a name=\"BRViaAdministracao-10894\"> </a></td><td>Intrapleural</td></tr><tr><td style=\"white-space:nowrap\">10895<a name=\"BRViaAdministracao-10895\"> </a></td><td>Intraesternal</td></tr><tr><td style=\"white-space:nowrap\">10896<a name=\"BRViaAdministracao-10896\"> </a></td><td>Intratecal</td></tr><tr><td style=\"white-space:nowrap\">10897<a name=\"BRViaAdministracao-10897\"> </a></td><td>Intrauterina</td></tr><tr><td style=\"white-space:nowrap\">10898<a name=\"BRViaAdministracao-10898\"> </a></td><td>Intravenosa</td></tr><tr><td style=\"white-space:nowrap\">10899<a name=\"BRViaAdministracao-10899\"> </a></td><td>Intraventricular cardíaca</td></tr><tr><td style=\"white-space:nowrap\">10900<a name=\"BRViaAdministracao-10900\"> </a></td><td>Intravesical</td></tr><tr><td style=\"white-space:nowrap\">10901<a name=\"BRViaAdministracao-10901\"> </a></td><td>Intravitreal</td></tr><tr><td style=\"white-space:nowrap\">10902<a name=\"BRViaAdministracao-10902\"> </a></td><td>Iontoforese</td></tr><tr><td style=\"white-space:nowrap\">10903<a name=\"BRViaAdministracao-10903\"> </a></td><td>Irrigação</td></tr><tr><td style=\"white-space:nowrap\">10904<a name=\"BRViaAdministracao-10904\"> </a></td><td>Nasal</td></tr><tr><td style=\"white-space:nowrap\">10905<a name=\"BRViaAdministracao-10905\"> </a></td><td>Inalatória por Via Nasal</td></tr><tr><td style=\"white-space:nowrap\">10906<a name=\"BRViaAdministracao-10906\"> </a></td><td>Oftálmica</td></tr><tr><td style=\"white-space:nowrap\">10907<a name=\"BRViaAdministracao-10907\"> </a></td><td>Oral</td></tr><tr><td style=\"white-space:nowrap\">10908<a name=\"BRViaAdministracao-10908\"> </a></td><td>Inalatória por Via Oral</td></tr><tr><td style=\"white-space:nowrap\">10910<a name=\"BRViaAdministracao-10910\"> </a></td><td>Periarticular</td></tr><tr><td style=\"white-space:nowrap\">10911<a name=\"BRViaAdministracao-10911\"> </a></td><td>Perineural</td></tr><tr><td style=\"white-space:nowrap\">10912<a name=\"BRViaAdministracao-10912\"> </a></td><td>Retal</td></tr><tr><td style=\"white-space:nowrap\">10913<a name=\"BRViaAdministracao-10913\"> </a></td><td>Perfusão Regional</td></tr><tr><td style=\"white-space:nowrap\">10915<a name=\"BRViaAdministracao-10915\"> </a></td><td>Subconjuntival</td></tr><tr><td style=\"white-space:nowrap\">10916<a name=\"BRViaAdministracao-10916\"> </a></td><td>Subcutânea</td></tr><tr><td style=\"white-space:nowrap\">10917<a name=\"BRViaAdministracao-10917\"> </a></td><td>Sublingual</td></tr><tr><td style=\"white-space:nowrap\">10919<a name=\"BRViaAdministracao-10919\"> </a></td><td>Transdérmica</td></tr><tr><td style=\"white-space:nowrap\">10920<a name=\"BRViaAdministracao-10920\"> </a></td><td>Uretral</td></tr><tr><td style=\"white-space:nowrap\">10921<a name=\"BRViaAdministracao-10921\"> </a></td><td>Vaginal</td></tr><tr><td style=\"white-space:nowrap\">10922<a name=\"BRViaAdministracao-10922\"> </a></td><td>Capilar</td></tr><tr><td style=\"white-space:nowrap\">10923<a name=\"BRViaAdministracao-10923\"> </a></td><td>Não disponível</td></tr><tr><td style=\"white-space:nowrap\">10926<a name=\"BRViaAdministracao-10926\"> </a></td><td>Local</td></tr><tr><td style=\"white-space:nowrap\">10928<a name=\"BRViaAdministracao-10928\"> </a></td><td>Parenteral</td></tr><tr><td style=\"white-space:nowrap\">244899<a name=\"BRViaAdministracao-244899\"> </a></td><td>Peridural</td></tr><tr><td style=\"white-space:nowrap\">459120<a name=\"BRViaAdministracao-459120\"> </a></td><td>Espinhal</td></tr><tr><td style=\"white-space:nowrap\">459530<a name=\"BRViaAdministracao-459530\"> </a></td><td>Subcapsular</td></tr><tr><td style=\"white-space:nowrap\">459531<a name=\"BRViaAdministracao-459531\"> </a></td><td>Intratraqueal</td></tr><tr><td style=\"white-space:nowrap\">464156<a name=\"BRViaAdministracao-464156\"> </a></td><td>Intrabronquial</td></tr><tr><td style=\"white-space:nowrap\">464157<a name=\"BRViaAdministracao-464157\"> </a></td><td>Subtenoniana</td></tr><tr><td style=\"white-space:nowrap\">464158<a name=\"BRViaAdministracao-464158\"> </a></td><td>Tecidos Moles</td></tr><tr><td style=\"white-space:nowrap\">464159<a name=\"BRViaAdministracao-464159\"> </a></td><td>Mucosa Oral</td></tr><tr><td style=\"white-space:nowrap\">608807<a name=\"BRViaAdministracao-608807\"> </a></td><td>Retrobulbar</td></tr><tr><td style=\"white-space:nowrap\">608808<a name=\"BRViaAdministracao-608808\"> </a></td><td>Infiltração</td></tr><tr><td style=\"white-space:nowrap\">779038<a name=\"BRViaAdministracao-779038\"> </a></td><td>Mucosa</td></tr></table><p><b>Additional Language Displays</b></p><table class=\"codes\"><tr><td><b>Code</b></td><td><b>English (English, en)</b></td><td><b>Spanish (es)</b></td></tr><tr><td>0</td><td>No registration in the source information system</td><td>Sin registro en el sistema de información de fuentes</td></tr><tr><td>10862</td><td>Auricular</td><td>Auricular</td></tr><tr><td>10863</td><td>Buccal</td><td>Bucal</td></tr><tr><td>10864</td><td>Cutaneous</td><td>Cutáneo</td></tr><tr><td>10865</td><td>Intracervical</td><td>Intracervical</td></tr><tr><td>10866</td><td>Endosinusal</td><td>Endosinusal</td></tr><tr><td>10867</td><td>Endotracheopulmonary</td><td>Endotraqueopulmonar</td></tr><tr><td>10868</td><td>Epidural</td><td>Epidural</td></tr><tr><td>10869</td><td>Epilesional</td><td>Epilesional</td></tr><tr><td>10870</td><td>Extra-amniotic</td><td>Extraamniótico</td></tr><tr><td>10871</td><td>Gastroenteral</td><td>Gastroenteral</td></tr><tr><td>10874</td><td>Inhalation</td><td>Inhalación</td></tr><tr><td>10875</td><td>Intra-amniotic</td><td>Intraamniótico</td></tr><tr><td>10876</td><td>Intra-arterial</td><td>Intraarterial</td></tr><tr><td>10877</td><td>Intra-articular</td><td>Intraarticular</td></tr><tr><td>10878</td><td>Intrabursal</td><td>Intrabursal</td></tr><tr><td>10879</td><td>Intracameral</td><td>Intracameral</td></tr><tr><td>10880</td><td>Intracardiac</td><td>Intracardiaco</td></tr><tr><td>10881</td><td>Intracavernous</td><td>Intracavernoso</td></tr><tr><td>10882</td><td>Intracerebroventricular</td><td>Intracerebroventricular</td></tr><tr><td>10884</td><td>Intracoronary</td><td>Intracoronario</td></tr><tr><td>10885</td><td>Intradermal</td><td>Intradérmica</td></tr><tr><td>10886</td><td>Intradiscal</td><td>Intradiscal</td></tr><tr><td>10887</td><td>Intraepidermal</td><td>Intraepidérmico</td></tr><tr><td>10888</td><td>Intra-lesional</td><td>Intralesional</td></tr><tr><td>10889</td><td>Intra-lymphatic</td><td>Intralinfática</td></tr><tr><td>10890</td><td>Intramuscular</td><td>Intramuscular</td></tr><tr><td>10891</td><td>Intraocular</td><td>Intraocular</td></tr><tr><td>10892</td><td>Intraosseous</td><td>Intraóseo</td></tr><tr><td>10893</td><td>Intraperitoneal</td><td>Intraperitoneal</td></tr><tr><td>10894</td><td>Intrapleural</td><td>Intrapleural</td></tr><tr><td>10895</td><td>Intra-sternal</td><td>Intraósea Esternal</td></tr><tr><td>10896</td><td>Intrathecal</td><td>Intratecal</td></tr><tr><td>10897</td><td>Intrauterine</td><td>Intrauterino</td></tr><tr><td>10898</td><td>Intravenous</td><td>Intravenosa</td></tr><tr><td>10899</td><td>Intraventricular cardiac</td><td>Intraventricular cardiaco</td></tr><tr><td>10900</td><td>Intravesical</td><td>Intravesical</td></tr><tr><td>10901</td><td>Intravitreal</td><td>Intravítreo</td></tr><tr><td>10902</td><td>Iontophoresis</td><td>Iontoforesis</td></tr><tr><td>10903</td><td>Irrigation</td><td>Irrigación</td></tr><tr><td>10904</td><td>Nasal</td><td>Nasal</td></tr><tr><td>10905</td><td>Nasal Inhalation (restricted to nasal admnistration)</td><td>Inhalación Nasal (restringida a la administración nasal)</td></tr><tr><td>10906</td><td>Ocular (Ophtalmic)</td><td>Ocular (oftálmico)</td></tr><tr><td>10907</td><td>Oral</td><td>Oral</td></tr><tr><td>10908</td><td>Oral Inhalation (restricted to oral admnistration)</td><td>Inhalación Oral (restringida a la administración oral)</td></tr><tr><td>10910</td><td>Periarticular</td><td>Periarticular</td></tr><tr><td>10911</td><td>Perineural</td><td>Perineural</td></tr><tr><td>10912</td><td>Rectal</td><td>Rectal</td></tr><tr><td>10913</td><td>Regional Perfusion</td><td>Perfusión regional</td></tr><tr><td>10915</td><td>Subconjunctival</td><td>Subconjuntival</td></tr><tr><td>10916</td><td>Subcutaneous</td><td>Subcutáneo</td></tr><tr><td>10917</td><td>Sublingual</td><td>Sublingual</td></tr><tr><td>10919</td><td>Transdermal</td><td>Transdérmico</td></tr><tr><td>10920</td><td>Urethral</td><td>Uretral</td></tr><tr><td>10921</td><td>Vaginal</td><td>Vaginal</td></tr><tr><td>10922</td><td>Scalp (Capillary Action)</td><td>Cuero Cabelludo (Acción Capilar)</td></tr><tr><td>10923</td><td>Unavailable</td><td>Indisponible</td></tr><tr><td>10926</td><td>Local</td><td>Local</td></tr><tr><td>10928</td><td>Parenteral</td><td>Parenteral</td></tr><tr><td>244899</td><td>Peridural</td><td>Peridural</td></tr><tr><td>459120</td><td>Spinal</td><td>Espinal</td></tr><tr><td>459530</td><td>Subcapsular</td><td>Subcapsular</td></tr><tr><td>459531</td><td>Intratracheal</td><td>Intratraqueal</td></tr><tr><td>464156</td><td>Intrabronchial</td><td>Intrabronquial</td></tr><tr><td>464157</td><td>Subtenonian</td><td>Subtenoniano</td></tr><tr><td>464158</td><td>Soft Tissue</td><td>Tejido Suave</td></tr><tr><td>464159</td><td>Oromucosal</td><td>Mucosa Oral</td></tr><tr><td>608807</td><td>Retrobulbar</td><td>Retrobulbar</td></tr><tr><td>608808</td><td>Infiltration</td><td>Infiltración</td></tr><tr><td>779038</td><td>Mucosal</td><td>Mucosa</td></tr></table></div>"
  },
  "extension" : [{
    "url" : "http://hl7.org/fhir/StructureDefinition/structuredefinition-fmm",
    "valueInteger" : 1,
    "_valueInteger" : {
      "extension" : [{
        "url" : "http://hl7.org/fhir/StructureDefinition/structuredefinition-conformance-derivedFrom",
        "valueCanonical" : "http://www.saude.gov.br/fhir/r4/ImplementationGuide/br.gov.saude.rnds.rac"
      }]
    }
  },
  {
    "url" : "http://hl7.org/fhir/StructureDefinition/structuredefinition-standards-status",
    "valueCode" : "informative",
    "_valueCode" : {
      "extension" : [{
        "url" : "http://hl7.org/fhir/StructureDefinition/structuredefinition-conformance-derivedFrom",
        "valueCanonical" : "http://www.saude.gov.br/fhir/r4/ImplementationGuide/br.gov.saude.rnds.rac"
      }]
    }
  }],
  "url" : "http://www.saude.gov.br/fhir/r4/CodeSystem/BRViaAdministracao",
  "version" : "0.1.0",
  "name" : "BRViaAdministracao",
  "title" : "Via de Administração",
  "status" : "active",
  "experimental" : false,
  "date" : "2020-03-11T18:28:42.5310735+00:00",
  "publisher" : "Ministério da Saúde do Brasil",
  "contact" : [{
    "telecom" : [{
      "system" : "url",
      "value" : "http://www.saude.gov.br"
    }]
  }],
  "description" : "Classifica a via na qual foi administrada uma substância em um indivíduo.",
  "jurisdiction" : [{
    "coding" : [{
      "system" : "urn:iso:std:iso:3166",
      "code" : "BR"
    }]
  }],
  "caseSensitive" : true,
  "content" : "complete",
  "concept" : [{
    "code" : "0",
    "display" : "Sem registro no sistema de informação de origem",
    "designation" : [{
      "language" : "en",
      "value" : "No registration in the source information system"
    },
    {
      "language" : "es",
      "value" : "Sin registro en el sistema de información de fuentes"
    }]
  },
  {
    "code" : "10862",
    "display" : "Otológica",
    "designation" : [{
      "language" : "en",
      "value" : "Auricular"
    },
    {
      "language" : "es",
      "value" : "Auricular"
    }]
  },
  {
    "code" : "10863",
    "display" : "Bucal",
    "designation" : [{
      "language" : "en",
      "value" : "Buccal"
    },
    {
      "language" : "es",
      "value" : "Bucal"
    }]
  },
  {
    "code" : "10864",
    "display" : "Dermatológica",
    "designation" : [{
      "language" : "en",
      "value" : "Cutaneous"
    },
    {
      "language" : "es",
      "value" : "Cutáneo"
    }]
  },
  {
    "code" : "10865",
    "display" : "Intracervical",
    "designation" : [{
      "language" : "en",
      "value" : "Intracervical"
    },
    {
      "language" : "es",
      "value" : "Intracervical"
    }]
  },
  {
    "code" : "10866",
    "display" : "Endosinusial",
    "designation" : [{
      "language" : "en",
      "value" : "Endosinusal"
    },
    {
      "language" : "es",
      "value" : "Endosinusal"
    }]
  },
  {
    "code" : "10867",
    "display" : "Endotraqueopulmonar",
    "designation" : [{
      "language" : "en",
      "value" : "Endotracheopulmonary"
    },
    {
      "language" : "es",
      "value" : "Endotraqueopulmonar"
    }]
  },
  {
    "code" : "10868",
    "display" : "Epidural",
    "designation" : [{
      "language" : "en",
      "value" : "Epidural"
    },
    {
      "language" : "es",
      "value" : "Epidural"
    }]
  },
  {
    "code" : "10869",
    "display" : "Epilesional",
    "designation" : [{
      "language" : "en",
      "value" : "Epilesional"
    },
    {
      "language" : "es",
      "value" : "Epilesional"
    }]
  },
  {
    "code" : "10870",
    "display" : "Extraminiótica",
    "designation" : [{
      "language" : "en",
      "value" : "Extra-amniotic"
    },
    {
      "language" : "es",
      "value" : "Extraamniótico"
    }]
  },
  {
    "code" : "10871",
    "display" : "Gastroenteral",
    "designation" : [{
      "language" : "en",
      "value" : "Gastroenteral"
    },
    {
      "language" : "es",
      "value" : "Gastroenteral"
    }]
  },
  {
    "code" : "10874",
    "display" : "Inalatória",
    "designation" : [{
      "language" : "en",
      "value" : "Inhalation"
    },
    {
      "language" : "es",
      "value" : "Inhalación"
    }]
  },
  {
    "code" : "10875",
    "display" : "Intra-aminiótica",
    "designation" : [{
      "language" : "en",
      "value" : "Intra-amniotic"
    },
    {
      "language" : "es",
      "value" : "Intraamniótico"
    }]
  },
  {
    "code" : "10876",
    "display" : "Intra-arterial",
    "designation" : [{
      "language" : "en",
      "value" : "Intra-arterial"
    },
    {
      "language" : "es",
      "value" : "Intraarterial"
    }]
  },
  {
    "code" : "10877",
    "display" : "Intra-articular",
    "designation" : [{
      "language" : "en",
      "value" : "Intra-articular"
    },
    {
      "language" : "es",
      "value" : "Intraarticular"
    }]
  },
  {
    "code" : "10878",
    "display" : "Intrabursal",
    "designation" : [{
      "language" : "en",
      "value" : "Intrabursal"
    },
    {
      "language" : "es",
      "value" : "Intrabursal"
    }]
  },
  {
    "code" : "10879",
    "display" : "Intracameral",
    "designation" : [{
      "language" : "en",
      "value" : "Intracameral"
    },
    {
      "language" : "es",
      "value" : "Intracameral"
    }]
  },
  {
    "code" : "10880",
    "display" : "Intracardíaca",
    "designation" : [{
      "language" : "en",
      "value" : "Intracardiac"
    },
    {
      "language" : "es",
      "value" : "Intracardiaco"
    }]
  },
  {
    "code" : "10881",
    "display" : "Intracavernosa",
    "designation" : [{
      "language" : "en",
      "value" : "Intracavernous"
    },
    {
      "language" : "es",
      "value" : "Intracavernoso"
    }]
  },
  {
    "code" : "10882",
    "display" : "Intracerebroventricular",
    "designation" : [{
      "language" : "en",
      "value" : "Intracerebroventricular"
    },
    {
      "language" : "es",
      "value" : "Intracerebroventricular"
    }]
  },
  {
    "code" : "10884",
    "display" : "Intracoronariana",
    "designation" : [{
      "language" : "en",
      "value" : "Intracoronary"
    },
    {
      "language" : "es",
      "value" : "Intracoronario"
    }]
  },
  {
    "code" : "10885",
    "display" : "Intradérmica",
    "designation" : [{
      "language" : "en",
      "value" : "Intradermal"
    },
    {
      "language" : "es",
      "value" : "Intradérmica"
    }]
  },
  {
    "code" : "10886",
    "display" : "Intradiscal",
    "designation" : [{
      "language" : "en",
      "value" : "Intradiscal"
    },
    {
      "language" : "es",
      "value" : "Intradiscal"
    }]
  },
  {
    "code" : "10887",
    "display" : "Intraepidermal",
    "designation" : [{
      "language" : "en",
      "value" : "Intraepidermal"
    },
    {
      "language" : "es",
      "value" : "Intraepidérmico"
    }]
  },
  {
    "code" : "10888",
    "display" : "Intralesional",
    "designation" : [{
      "language" : "en",
      "value" : "Intra-lesional"
    },
    {
      "language" : "es",
      "value" : "Intralesional"
    }]
  },
  {
    "code" : "10889",
    "display" : "Intralinfática",
    "designation" : [{
      "language" : "en",
      "value" : "Intra-lymphatic"
    },
    {
      "language" : "es",
      "value" : "Intralinfática"
    }]
  },
  {
    "code" : "10890",
    "display" : "Intramuscular",
    "designation" : [{
      "language" : "en",
      "value" : "Intramuscular"
    },
    {
      "language" : "es",
      "value" : "Intramuscular"
    }]
  },
  {
    "code" : "10891",
    "display" : "Intraocular",
    "designation" : [{
      "language" : "en",
      "value" : "Intraocular"
    },
    {
      "language" : "es",
      "value" : "Intraocular"
    }]
  },
  {
    "code" : "10892",
    "display" : "Intraóssea",
    "designation" : [{
      "language" : "en",
      "value" : "Intraosseous"
    },
    {
      "language" : "es",
      "value" : "Intraóseo"
    }]
  },
  {
    "code" : "10893",
    "display" : "Intraperitoneal",
    "designation" : [{
      "language" : "en",
      "value" : "Intraperitoneal"
    },
    {
      "language" : "es",
      "value" : "Intraperitoneal"
    }]
  },
  {
    "code" : "10894",
    "display" : "Intrapleural",
    "designation" : [{
      "language" : "en",
      "value" : "Intrapleural"
    },
    {
      "language" : "es",
      "value" : "Intrapleural"
    }]
  },
  {
    "code" : "10895",
    "display" : "Intraesternal",
    "designation" : [{
      "language" : "en",
      "value" : "Intra-sternal"
    },
    {
      "language" : "es",
      "value" : "Intraósea Esternal"
    }]
  },
  {
    "code" : "10896",
    "display" : "Intratecal",
    "designation" : [{
      "language" : "en",
      "value" : "Intrathecal"
    },
    {
      "language" : "es",
      "value" : "Intratecal"
    }]
  },
  {
    "code" : "10897",
    "display" : "Intrauterina",
    "designation" : [{
      "language" : "en",
      "value" : "Intrauterine"
    },
    {
      "language" : "es",
      "value" : "Intrauterino"
    }]
  },
  {
    "code" : "10898",
    "display" : "Intravenosa",
    "designation" : [{
      "language" : "en",
      "value" : "Intravenous"
    },
    {
      "language" : "es",
      "value" : "Intravenosa"
    }]
  },
  {
    "code" : "10899",
    "display" : "Intraventricular cardíaca",
    "designation" : [{
      "language" : "en",
      "value" : "Intraventricular cardiac"
    },
    {
      "language" : "es",
      "value" : "Intraventricular cardiaco"
    }]
  },
  {
    "code" : "10900",
    "display" : "Intravesical",
    "designation" : [{
      "language" : "en",
      "value" : "Intravesical"
    },
    {
      "language" : "es",
      "value" : "Intravesical"
    }]
  },
  {
    "code" : "10901",
    "display" : "Intravitreal",
    "designation" : [{
      "language" : "en",
      "value" : "Intravitreal"
    },
    {
      "language" : "es",
      "value" : "Intravítreo"
    }]
  },
  {
    "code" : "10902",
    "display" : "Iontoforese",
    "designation" : [{
      "language" : "en",
      "value" : "Iontophoresis"
    },
    {
      "language" : "es",
      "value" : "Iontoforesis"
    }]
  },
  {
    "code" : "10903",
    "display" : "Irrigação",
    "designation" : [{
      "language" : "en",
      "value" : "Irrigation"
    },
    {
      "language" : "es",
      "value" : "Irrigación"
    }]
  },
  {
    "code" : "10904",
    "display" : "Nasal",
    "designation" : [{
      "language" : "en",
      "value" : "Nasal"
    },
    {
      "language" : "es",
      "value" : "Nasal"
    }]
  },
  {
    "code" : "10905",
    "display" : "Inalatória por Via Nasal",
    "designation" : [{
      "language" : "en",
      "value" : "Nasal Inhalation (restricted to nasal admnistration)"
    },
    {
      "language" : "es",
      "value" : "Inhalación Nasal (restringida a la administración nasal)"
    }]
  },
  {
    "code" : "10906",
    "display" : "Oftálmica",
    "designation" : [{
      "language" : "en",
      "value" : "Ocular (Ophtalmic)"
    },
    {
      "language" : "es",
      "value" : "Ocular (oftálmico)"
    }]
  },
  {
    "code" : "10907",
    "display" : "Oral",
    "designation" : [{
      "language" : "en",
      "value" : "Oral"
    },
    {
      "language" : "es",
      "value" : "Oral"
    }]
  },
  {
    "code" : "10908",
    "display" : "Inalatória por Via Oral",
    "designation" : [{
      "language" : "en",
      "value" : "Oral Inhalation (restricted to oral admnistration)"
    },
    {
      "language" : "es",
      "value" : "Inhalación Oral (restringida a la administración oral)"
    }]
  },
  {
    "code" : "10910",
    "display" : "Periarticular",
    "designation" : [{
      "language" : "en",
      "value" : "Periarticular"
    },
    {
      "language" : "es",
      "value" : "Periarticular"
    }]
  },
  {
    "code" : "10911",
    "display" : "Perineural",
    "designation" : [{
      "language" : "en",
      "value" : "Perineural"
    },
    {
      "language" : "es",
      "value" : "Perineural"
    }]
  },
  {
    "code" : "10912",
    "display" : "Retal",
    "designation" : [{
      "language" : "en",
      "value" : "Rectal"
    },
    {
      "language" : "es",
      "value" : "Rectal"
    }]
  },
  {
    "code" : "10913",
    "display" : "Perfusão Regional",
    "designation" : [{
      "language" : "en",
      "value" : "Regional Perfusion"
    },
    {
      "language" : "es",
      "value" : "Perfusión regional"
    }]
  },
  {
    "code" : "10915",
    "display" : "Subconjuntival",
    "designation" : [{
      "language" : "en",
      "value" : "Subconjunctival"
    },
    {
      "language" : "es",
      "value" : "Subconjuntival"
    }]
  },
  {
    "code" : "10916",
    "display" : "Subcutânea",
    "designation" : [{
      "language" : "en",
      "value" : "Subcutaneous"
    },
    {
      "language" : "es",
      "value" : "Subcutáneo"
    }]
  },
  {
    "code" : "10917",
    "display" : "Sublingual",
    "designation" : [{
      "language" : "en",
      "value" : "Sublingual"
    },
    {
      "language" : "es",
      "value" : "Sublingual"
    }]
  },
  {
    "code" : "10919",
    "display" : "Transdérmica",
    "designation" : [{
      "language" : "en",
      "value" : "Transdermal"
    },
    {
      "language" : "es",
      "value" : "Transdérmico"
    }]
  },
  {
    "code" : "10920",
    "display" : "Uretral",
    "designation" : [{
      "language" : "en",
      "value" : "Urethral"
    },
    {
      "language" : "es",
      "value" : "Uretral"
    }]
  },
  {
    "code" : "10921",
    "display" : "Vaginal",
    "designation" : [{
      "language" : "en",
      "value" : "Vaginal"
    },
    {
      "language" : "es",
      "value" : "Vaginal"
    }]
  },
  {
    "code" : "10922",
    "display" : "Capilar",
    "designation" : [{
      "language" : "en",
      "value" : "Scalp (Capillary Action)"
    },
    {
      "language" : "es",
      "value" : "Cuero Cabelludo (Acción Capilar)"
    }]
  },
  {
    "code" : "10923",
    "display" : "Não disponível",
    "designation" : [{
      "language" : "en",
      "value" : "Unavailable"
    },
    {
      "language" : "es",
      "value" : "Indisponible"
    }]
  },
  {
    "code" : "10926",
    "display" : "Local",
    "designation" : [{
      "language" : "en",
      "value" : "Local"
    },
    {
      "language" : "es",
      "value" : "Local"
    }]
  },
  {
    "code" : "10928",
    "display" : "Parenteral",
    "designation" : [{
      "language" : "en",
      "value" : "Parenteral"
    },
    {
      "language" : "es",
      "value" : "Parenteral"
    }]
  },
  {
    "code" : "244899",
    "display" : "Peridural",
    "designation" : [{
      "language" : "en",
      "value" : "Peridural"
    },
    {
      "language" : "es",
      "value" : "Peridural"
    }]
  },
  {
    "code" : "459120",
    "display" : "Espinhal",
    "designation" : [{
      "language" : "en",
      "value" : "Spinal"
    },
    {
      "language" : "es",
      "value" : "Espinal"
    }]
  },
  {
    "code" : "459530",
    "display" : "Subcapsular",
    "designation" : [{
      "language" : "en",
      "value" : "Subcapsular"
    },
    {
      "language" : "es",
      "value" : "Subcapsular"
    }]
  },
  {
    "code" : "459531",
    "display" : "Intratraqueal",
    "designation" : [{
      "language" : "en",
      "value" : "Intratracheal"
    },
    {
      "language" : "es",
      "value" : "Intratraqueal"
    }]
  },
  {
    "code" : "464156",
    "display" : "Intrabronquial",
    "designation" : [{
      "language" : "en",
      "value" : "Intrabronchial"
    },
    {
      "language" : "es",
      "value" : "Intrabronquial"
    }]
  },
  {
    "code" : "464157",
    "display" : "Subtenoniana",
    "designation" : [{
      "language" : "en",
      "value" : "Subtenonian"
    },
    {
      "language" : "es",
      "value" : "Subtenoniano"
    }]
  },
  {
    "code" : "464158",
    "display" : "Tecidos Moles",
    "designation" : [{
      "language" : "en",
      "value" : "Soft Tissue"
    },
    {
      "language" : "es",
      "value" : "Tejido Suave"
    }]
  },
  {
    "code" : "464159",
    "display" : "Mucosa Oral",
    "designation" : [{
      "language" : "en",
      "value" : "Oromucosal"
    },
    {
      "language" : "es",
      "value" : "Mucosa Oral"
    }]
  },
  {
    "code" : "608807",
    "display" : "Retrobulbar",
    "designation" : [{
      "language" : "en",
      "value" : "Retrobulbar"
    },
    {
      "language" : "es",
      "value" : "Retrobulbar"
    }]
  },
  {
    "code" : "608808",
    "display" : "Infiltração",
    "designation" : [{
      "language" : "en",
      "value" : "Infiltration"
    },
    {
      "language" : "es",
      "value" : "Infiltración"
    }]
  },
  {
    "code" : "779038",
    "display" : "Mucosa",
    "designation" : [{
      "language" : "en",
      "value" : "Mucosal"
    },
    {
      "language" : "es",
      "value" : "Mucosa"
    }]
  }]
}