{
  "resourceType" : "CodeSystem",
  "id" : "BRUnidadeMedida",
  "meta" : {
    "lastUpdated" : "2021-12-01T13:16:09.8385573+00:00"
  },
  "language" : "pt-BR",
  "text" : {
    "status" : "generated",
    "div" : "<div xmlns=\"http://www.w3.org/1999/xhtml\" xml:lang=\"pt-BR\" lang=\"pt-BR\"><p>This case-sensitive code system <code>http://www.saude.gov.br/fhir/r4/CodeSystem/BRUnidadeMedida</code> defines the following codes:</p><table class=\"codes\"><tr><td style=\"white-space:nowrap\"><b>Code</b></td><td><b>Display</b></td></tr><tr><td style=\"white-space:nowrap\">1<a name=\"BRUnidadeMedida-1\"> </a></td><td>Adesivo</td></tr><tr><td style=\"white-space:nowrap\">2<a name=\"BRUnidadeMedida-2\"> </a></td><td>Ampola</td></tr><tr><td style=\"white-space:nowrap\">3<a name=\"BRUnidadeMedida-3\"> </a></td><td>Anel</td></tr><tr><td style=\"white-space:nowrap\">4<a name=\"BRUnidadeMedida-4\"> </a></td><td>Aplicação</td></tr><tr><td style=\"white-space:nowrap\">5<a name=\"BRUnidadeMedida-5\"> </a></td><td>Aplicador</td></tr><tr><td style=\"white-space:nowrap\">6<a name=\"BRUnidadeMedida-6\"> </a></td><td>Atomização</td></tr><tr><td style=\"white-space:nowrap\">7<a name=\"BRUnidadeMedida-7\"> </a></td><td>Bandagem</td></tr><tr><td style=\"white-space:nowrap\">8<a name=\"BRUnidadeMedida-8\"> </a></td><td>Barra</td></tr><tr><td style=\"white-space:nowrap\">9<a name=\"BRUnidadeMedida-9\"> </a></td><td>Bisnaga</td></tr><tr><td style=\"white-space:nowrap\">10<a name=\"BRUnidadeMedida-10\"> </a></td><td>Blíster</td></tr><tr><td style=\"white-space:nowrap\">11<a name=\"BRUnidadeMedida-11\"> </a></td><td>Bolsa</td></tr><tr><td style=\"white-space:nowrap\">12<a name=\"BRUnidadeMedida-12\"> </a></td><td>Caixa</td></tr><tr><td style=\"white-space:nowrap\">13<a name=\"BRUnidadeMedida-13\"> </a></td><td>Cápsula</td></tr><tr><td style=\"white-space:nowrap\">14<a name=\"BRUnidadeMedida-14\"> </a></td><td>Carpule</td></tr><tr><td style=\"white-space:nowrap\">15<a name=\"BRUnidadeMedida-15\"> </a></td><td>Cartucho</td></tr><tr><td style=\"white-space:nowrap\">16<a name=\"BRUnidadeMedida-16\"> </a></td><td>Catéter</td></tr><tr><td style=\"white-space:nowrap\">17<a name=\"BRUnidadeMedida-17\"> </a></td><td>cm (Centímetro)</td></tr><tr><td style=\"white-space:nowrap\">18<a name=\"BRUnidadeMedida-18\"> </a></td><td>cm² (Centímetro Quadrado)</td></tr><tr><td style=\"white-space:nowrap\">19<a name=\"BRUnidadeMedida-19\"> </a></td><td>Comprimido</td></tr><tr><td style=\"white-space:nowrap\">20<a name=\"BRUnidadeMedida-20\"> </a></td><td>Desconhecido</td></tr><tr><td style=\"white-space:nowrap\">21<a name=\"BRUnidadeMedida-21\"> </a></td><td>Dispositivo</td></tr><tr><td style=\"white-space:nowrap\">22<a name=\"BRUnidadeMedida-22\"> </a></td><td>Dispositivo de injeção pré-carregado</td></tr><tr><td style=\"white-space:nowrap\">23<a name=\"BRUnidadeMedida-23\"> </a></td><td>Dose</td></tr><tr><td style=\"white-space:nowrap\">24<a name=\"BRUnidadeMedida-24\"> </a></td><td>Emplastro</td></tr><tr><td style=\"white-space:nowrap\">25<a name=\"BRUnidadeMedida-25\"> </a></td><td>Endosporos</td></tr><tr><td style=\"white-space:nowrap\">26<a name=\"BRUnidadeMedida-26\"> </a></td><td>Enema</td></tr><tr><td style=\"white-space:nowrap\">27<a name=\"BRUnidadeMedida-27\"> </a></td><td>Envelope</td></tr><tr><td style=\"white-space:nowrap\">28<a name=\"BRUnidadeMedida-28\"> </a></td><td>Estojo</td></tr><tr><td style=\"white-space:nowrap\">29<a name=\"BRUnidadeMedida-29\"> </a></td><td>Filme</td></tr><tr><td style=\"white-space:nowrap\">30<a name=\"BRUnidadeMedida-30\"> </a></td><td>Flaconete</td></tr><tr><td style=\"white-space:nowrap\">31<a name=\"BRUnidadeMedida-31\"> </a></td><td>Frasco</td></tr><tr><td style=\"white-space:nowrap\">32<a name=\"BRUnidadeMedida-32\"> </a></td><td>Frasco-ampola</td></tr><tr><td style=\"white-space:nowrap\">33<a name=\"BRUnidadeMedida-33\"> </a></td><td>g (Grama)</td></tr><tr><td style=\"white-space:nowrap\">34<a name=\"BRUnidadeMedida-34\"> </a></td><td>Goma</td></tr><tr><td style=\"white-space:nowrap\">35<a name=\"BRUnidadeMedida-35\"> </a></td><td>Gota</td></tr><tr><td style=\"white-space:nowrap\">36<a name=\"BRUnidadeMedida-36\"> </a></td><td>Hora</td></tr><tr><td style=\"white-space:nowrap\">37<a name=\"BRUnidadeMedida-37\"> </a></td><td>Implante</td></tr><tr><td style=\"white-space:nowrap\">38<a name=\"BRUnidadeMedida-38\"> </a></td><td>kg (Quilograma)</td></tr><tr><td style=\"white-space:nowrap\">39<a name=\"BRUnidadeMedida-39\"> </a></td><td>L (Litro)</td></tr><tr><td style=\"white-space:nowrap\">40<a name=\"BRUnidadeMedida-40\"> </a></td><td>Lata</td></tr><tr><td style=\"white-space:nowrap\">41<a name=\"BRUnidadeMedida-41\"> </a></td><td>m (Metro)</td></tr><tr><td style=\"white-space:nowrap\">42<a name=\"BRUnidadeMedida-42\"> </a></td><td>mEq (Miliequivalente)</td></tr><tr><td style=\"white-space:nowrap\">43<a name=\"BRUnidadeMedida-43\"> </a></td><td>mg (Miligrama)</td></tr><tr><td style=\"white-space:nowrap\">44<a name=\"BRUnidadeMedida-44\"> </a></td><td>Micrograma</td></tr><tr><td style=\"white-space:nowrap\">45<a name=\"BRUnidadeMedida-45\"> </a></td><td>Microlitro</td></tr><tr><td style=\"white-space:nowrap\">46<a name=\"BRUnidadeMedida-46\"> </a></td><td>Milhões</td></tr><tr><td style=\"white-space:nowrap\">47<a name=\"BRUnidadeMedida-47\"> </a></td><td>MUI (Milhões de unidades internacionais)</td></tr><tr><td style=\"white-space:nowrap\">48<a name=\"BRUnidadeMedida-48\"> </a></td><td>mL (Mililitro)</td></tr><tr><td style=\"white-space:nowrap\">49<a name=\"BRUnidadeMedida-49\"> </a></td><td>mm (Milímetro)</td></tr><tr><td style=\"white-space:nowrap\">50<a name=\"BRUnidadeMedida-50\"> </a></td><td>ng (Nanograma)</td></tr><tr><td style=\"white-space:nowrap\">51<a name=\"BRUnidadeMedida-51\"> </a></td><td>nL (Nanolitro)</td></tr><tr><td style=\"white-space:nowrap\">52<a name=\"BRUnidadeMedida-52\"> </a></td><td>Pastilha</td></tr><tr><td style=\"white-space:nowrap\">53<a name=\"BRUnidadeMedida-53\"> </a></td><td>Pastilha dura</td></tr><tr><td style=\"white-space:nowrap\">54<a name=\"BRUnidadeMedida-54\"> </a></td><td>Pastilha gomosa</td></tr><tr><td style=\"white-space:nowrap\">55<a name=\"BRUnidadeMedida-55\"> </a></td><td>Pílula</td></tr><tr><td style=\"white-space:nowrap\">56<a name=\"BRUnidadeMedida-56\"> </a></td><td>Saco</td></tr><tr><td style=\"white-space:nowrap\">57<a name=\"BRUnidadeMedida-57\"> </a></td><td>Seringa</td></tr><tr><td style=\"white-space:nowrap\">58<a name=\"BRUnidadeMedida-58\"> </a></td><td>Strip</td></tr><tr><td style=\"white-space:nowrap\">59<a name=\"BRUnidadeMedida-59\"> </a></td><td>Supositório</td></tr><tr><td style=\"white-space:nowrap\">60<a name=\"BRUnidadeMedida-60\"> </a></td><td>UI (Unidade Internacional)</td></tr><tr><td style=\"white-space:nowrap\">61<a name=\"BRUnidadeMedida-61\"> </a></td><td>UIC (Unidade Inibidora de Calicreína)</td></tr><tr><td style=\"white-space:nowrap\">62<a name=\"BRUnidadeMedida-62\"> </a></td><td>Unidade</td></tr><tr><td style=\"white-space:nowrap\">63<a name=\"BRUnidadeMedida-63\"> </a></td><td>UTR (Unidade Redutora da Turbidez)</td></tr><tr><td style=\"white-space:nowrap\">64<a name=\"BRUnidadeMedida-64\"> </a></td><td>Óvulo</td></tr><tr><td style=\"white-space:nowrap\">66<a name=\"BRUnidadeMedida-66\"> </a></td><td>Bastão</td></tr><tr><td style=\"white-space:nowrap\">69<a name=\"BRUnidadeMedida-69\"> </a></td><td>Capsula inalante</td></tr><tr><td style=\"white-space:nowrap\">70<a name=\"BRUnidadeMedida-70\"> </a></td><td>Cartão</td></tr><tr><td style=\"white-space:nowrap\">71<a name=\"BRUnidadeMedida-71\"> </a></td><td>Cartela</td></tr><tr><td style=\"white-space:nowrap\">74<a name=\"BRUnidadeMedida-74\"> </a></td><td>Drágea</td></tr><tr><td style=\"white-space:nowrap\">75<a name=\"BRUnidadeMedida-75\"> </a></td><td>Pote</td></tr><tr><td style=\"white-space:nowrap\">76<a name=\"BRUnidadeMedida-76\"> </a></td><td>Sachê</td></tr><tr><td style=\"white-space:nowrap\">77<a name=\"BRUnidadeMedida-77\"> </a></td><td>Seringa preenchida</td></tr><tr><td style=\"white-space:nowrap\">78<a name=\"BRUnidadeMedida-78\"> </a></td><td>Tablete</td></tr><tr><td style=\"white-space:nowrap\">79<a name=\"BRUnidadeMedida-79\"> </a></td><td>Tubete</td></tr><tr><td style=\"white-space:nowrap\">80<a name=\"BRUnidadeMedida-80\"> </a></td><td>Tubo</td></tr><tr><td style=\"white-space:nowrap\">82<a name=\"BRUnidadeMedida-82\"> </a></td><td>Glóbulo</td></tr></table></div>"
  },
  "extension" : [{
    "url" : "http://hl7.org/fhir/StructureDefinition/structuredefinition-fmm",
    "valueInteger" : 1,
    "_valueInteger" : {
      "extension" : [{
        "url" : "http://hl7.org/fhir/StructureDefinition/structuredefinition-conformance-derivedFrom",
        "valueCanonical" : "http://www.saude.gov.br/fhir/r4/ImplementationGuide/br.gov.saude.rnds.rac"
      }]
    }
  },
  {
    "url" : "http://hl7.org/fhir/StructureDefinition/structuredefinition-standards-status",
    "valueCode" : "informative",
    "_valueCode" : {
      "extension" : [{
        "url" : "http://hl7.org/fhir/StructureDefinition/structuredefinition-conformance-derivedFrom",
        "valueCanonical" : "http://www.saude.gov.br/fhir/r4/ImplementationGuide/br.gov.saude.rnds.rac"
      }]
    }
  }],
  "url" : "http://www.saude.gov.br/fhir/r4/CodeSystem/BRUnidadeMedida",
  "version" : "0.1.0",
  "name" : "BRUnidadeMedida",
  "title" : "Unidade de Medida",
  "status" : "active",
  "experimental" : false,
  "date" : "2021-12-01T13:16:09.8385573+00:00",
  "publisher" : "Ministério da Saúde do Brasil",
  "contact" : [{
    "telecom" : [{
      "system" : "url",
      "value" : "http://www.saude.gov.br"
    }]
  }],
  "description" : "Code System utilizado para definir a unidade de medida de um medicamento prescrito, para consumo ou especificação do fabricante.",
  "jurisdiction" : [{
    "coding" : [{
      "system" : "urn:iso:std:iso:3166",
      "code" : "BR"
    }]
  }],
  "caseSensitive" : true,
  "content" : "complete",
  "concept" : [{
    "code" : "1",
    "display" : "Adesivo"
  },
  {
    "code" : "2",
    "display" : "Ampola"
  },
  {
    "code" : "3",
    "display" : "Anel"
  },
  {
    "code" : "4",
    "display" : "Aplicação"
  },
  {
    "code" : "5",
    "display" : "Aplicador"
  },
  {
    "code" : "6",
    "display" : "Atomização"
  },
  {
    "code" : "7",
    "display" : "Bandagem"
  },
  {
    "code" : "8",
    "display" : "Barra"
  },
  {
    "code" : "9",
    "display" : "Bisnaga"
  },
  {
    "code" : "10",
    "display" : "Blíster"
  },
  {
    "code" : "11",
    "display" : "Bolsa"
  },
  {
    "code" : "12",
    "display" : "Caixa"
  },
  {
    "code" : "13",
    "display" : "Cápsula"
  },
  {
    "code" : "14",
    "display" : "Carpule"
  },
  {
    "code" : "15",
    "display" : "Cartucho"
  },
  {
    "code" : "16",
    "display" : "Catéter"
  },
  {
    "code" : "17",
    "display" : "cm (Centímetro)"
  },
  {
    "code" : "18",
    "display" : "cm² (Centímetro Quadrado)"
  },
  {
    "code" : "19",
    "display" : "Comprimido"
  },
  {
    "code" : "20",
    "display" : "Desconhecido"
  },
  {
    "code" : "21",
    "display" : "Dispositivo"
  },
  {
    "code" : "22",
    "display" : "Dispositivo de injeção pré-carregado"
  },
  {
    "code" : "23",
    "display" : "Dose"
  },
  {
    "code" : "24",
    "display" : "Emplastro"
  },
  {
    "code" : "25",
    "display" : "Endosporos"
  },
  {
    "code" : "26",
    "display" : "Enema"
  },
  {
    "code" : "27",
    "display" : "Envelope"
  },
  {
    "code" : "28",
    "display" : "Estojo"
  },
  {
    "code" : "29",
    "display" : "Filme"
  },
  {
    "code" : "30",
    "display" : "Flaconete"
  },
  {
    "code" : "31",
    "display" : "Frasco"
  },
  {
    "code" : "32",
    "display" : "Frasco-ampola"
  },
  {
    "code" : "33",
    "display" : "g (Grama)"
  },
  {
    "code" : "34",
    "display" : "Goma"
  },
  {
    "code" : "35",
    "display" : "Gota"
  },
  {
    "code" : "36",
    "display" : "Hora"
  },
  {
    "code" : "37",
    "display" : "Implante"
  },
  {
    "code" : "38",
    "display" : "kg (Quilograma)"
  },
  {
    "code" : "39",
    "display" : "L (Litro)"
  },
  {
    "code" : "40",
    "display" : "Lata"
  },
  {
    "code" : "41",
    "display" : "m (Metro)"
  },
  {
    "code" : "42",
    "display" : "mEq (Miliequivalente)"
  },
  {
    "code" : "43",
    "display" : "mg (Miligrama)"
  },
  {
    "code" : "44",
    "display" : "Micrograma"
  },
  {
    "code" : "45",
    "display" : "Microlitro"
  },
  {
    "code" : "46",
    "display" : "Milhões"
  },
  {
    "code" : "47",
    "display" : "MUI (Milhões de unidades internacionais)"
  },
  {
    "code" : "48",
    "display" : "mL (Mililitro)"
  },
  {
    "code" : "49",
    "display" : "mm (Milímetro)"
  },
  {
    "code" : "50",
    "display" : "ng (Nanograma)"
  },
  {
    "code" : "51",
    "display" : "nL (Nanolitro)"
  },
  {
    "code" : "52",
    "display" : "Pastilha"
  },
  {
    "code" : "53",
    "display" : "Pastilha dura"
  },
  {
    "code" : "54",
    "display" : "Pastilha gomosa"
  },
  {
    "code" : "55",
    "display" : "Pílula"
  },
  {
    "code" : "56",
    "display" : "Saco"
  },
  {
    "code" : "57",
    "display" : "Seringa"
  },
  {
    "code" : "58",
    "display" : "Strip"
  },
  {
    "code" : "59",
    "display" : "Supositório"
  },
  {
    "code" : "60",
    "display" : "UI (Unidade Internacional)"
  },
  {
    "code" : "61",
    "display" : "UIC (Unidade Inibidora de Calicreína)"
  },
  {
    "code" : "62",
    "display" : "Unidade"
  },
  {
    "code" : "63",
    "display" : "UTR (Unidade Redutora da Turbidez)"
  },
  {
    "code" : "64",
    "display" : "Óvulo"
  },
  {
    "code" : "66",
    "display" : "Bastão"
  },
  {
    "code" : "69",
    "display" : "Capsula inalante"
  },
  {
    "code" : "70",
    "display" : "Cartão"
  },
  {
    "code" : "71",
    "display" : "Cartela"
  },
  {
    "code" : "74",
    "display" : "Drágea"
  },
  {
    "code" : "75",
    "display" : "Pote"
  },
  {
    "code" : "76",
    "display" : "Sachê"
  },
  {
    "code" : "77",
    "display" : "Seringa preenchida"
  },
  {
    "code" : "78",
    "display" : "Tablete"
  },
  {
    "code" : "79",
    "display" : "Tubete"
  },
  {
    "code" : "80",
    "display" : "Tubo"
  },
  {
    "code" : "82",
    "display" : "Glóbulo"
  }]
}