{
  "resourceType" : "CodeSystem",
  "id" : "BRMotivoDesfecho",
  "meta" : {
    "lastUpdated" : "2020-03-11T18:16:07.800+00:00"
  },
  "language" : "pt-BR",
  "text" : {
    "status" : "generated",
    "div" : "<div xmlns=\"http://www.w3.org/1999/xhtml\" xml:lang=\"pt-BR\" lang=\"pt-BR\"><p>This case-sensitive code system <code>http://www.saude.gov.br/fhir/r4/CodeSystem/BRMotivoDesfecho</code> defines the following codes:</p><table class=\"codes\"><tr><td style=\"white-space:nowrap\"><b>Code</b></td><td><b>Display</b></td></tr><tr><td style=\"white-space:nowrap\">01<a name=\"BRMotivoDesfecho-01\"> </a></td><td>Alta clínica</td></tr><tr><td style=\"white-space:nowrap\">02<a name=\"BRMotivoDesfecho-02\"> </a></td><td>Alta Voluntária</td></tr><tr><td style=\"white-space:nowrap\">03<a name=\"BRMotivoDesfecho-03\"> </a></td><td>Encaminhamento</td></tr><tr><td style=\"white-space:nowrap\">04<a name=\"BRMotivoDesfecho-04\"> </a></td><td>Evasão</td></tr><tr><td style=\"white-space:nowrap\">05<a name=\"BRMotivoDesfecho-05\"> </a></td><td>Ordem Judicial</td></tr><tr><td style=\"white-space:nowrap\">06<a name=\"BRMotivoDesfecho-06\"> </a></td><td>Óbito</td></tr><tr><td style=\"white-space:nowrap\">07<a name=\"BRMotivoDesfecho-07\"> </a></td><td>Permanência</td></tr><tr><td style=\"white-space:nowrap\">08<a name=\"BRMotivoDesfecho-08\"> </a></td><td>Retorno</td></tr><tr><td style=\"white-space:nowrap\">09<a name=\"BRMotivoDesfecho-09\"> </a></td><td>Transferência</td></tr><tr><td style=\"white-space:nowrap\">99<a name=\"BRMotivoDesfecho-99\"> </a></td><td>Sem registro no modelo de informação de origem</td></tr></table></div>"
  },
  "extension" : [{
    "url" : "http://hl7.org/fhir/StructureDefinition/structuredefinition-fmm",
    "valueInteger" : 1,
    "_valueInteger" : {
      "extension" : [{
        "url" : "http://hl7.org/fhir/StructureDefinition/structuredefinition-conformance-derivedFrom",
        "valueCanonical" : "http://www.saude.gov.br/fhir/r4/ImplementationGuide/hl7.fhir.br.rac"
      }]
    }
  },
  {
    "url" : "http://hl7.org/fhir/StructureDefinition/structuredefinition-standards-status",
    "valueCode" : "informative",
    "_valueCode" : {
      "extension" : [{
        "url" : "http://hl7.org/fhir/StructureDefinition/structuredefinition-conformance-derivedFrom",
        "valueCanonical" : "http://www.saude.gov.br/fhir/r4/ImplementationGuide/hl7.fhir.br.rac"
      }]
    }
  }],
  "url" : "http://www.saude.gov.br/fhir/r4/CodeSystem/BRMotivoDesfecho",
  "version" : "0.1.0",
  "name" : "BRMotivoDesfecho",
  "title" : "Motivo do Desfecho",
  "status" : "draft",
  "experimental" : false,
  "date" : "2020-03-11T18:16:28.3110021+00:00",
  "publisher" : "Ministério da Saúde do Brasil",
  "contact" : [{
    "telecom" : [{
      "system" : "url",
      "value" : "http://www.saude.gov.br"
    }]
  }],
  "description" : "Caracteriza o motivo de conclusão total ou parcial do contato assistencial.",
  "jurisdiction" : [{
    "coding" : [{
      "system" : "urn:iso:std:iso:3166",
      "code" : "BR"
    }]
  }],
  "caseSensitive" : true,
  "content" : "complete",
  "concept" : [{
    "code" : "01",
    "display" : "Alta clínica"
  },
  {
    "code" : "02",
    "display" : "Alta Voluntária"
  },
  {
    "code" : "03",
    "display" : "Encaminhamento"
  },
  {
    "code" : "04",
    "display" : "Evasão"
  },
  {
    "code" : "05",
    "display" : "Ordem Judicial"
  },
  {
    "code" : "06",
    "display" : "Óbito"
  },
  {
    "code" : "07",
    "display" : "Permanência"
  },
  {
    "code" : "08",
    "display" : "Retorno"
  },
  {
    "code" : "09",
    "display" : "Transferência"
  },
  {
    "code" : "99",
    "display" : "Sem registro no modelo de informação de origem"
  }]
}