{
  "resourceType" : "ValueSet",
  "id" : "BRUnidadeTempo",
  "meta" : {
    "lastUpdated" : "2021-12-01T13:16:09.8385573+00:00"
  },
  "language" : "pt-BR",
  "text" : {
    "status" : "generated",
    "div" : "<div xmlns=\"http://www.w3.org/1999/xhtml\" xml:lang=\"pt-BR\" lang=\"pt-BR\"><p class=\"res-header-id\"><b>Generated Narrative: ValueSet BRUnidadeTempo</b></p><a name=\"BRUnidadeTempo\"> </a><a name=\"hcBRUnidadeTempo\"> </a><a name=\"BRUnidadeTempo-und\"> </a><div style=\"display: inline-block; background-color: #d9e0e7; padding: 6px; margin: 4px; border: 1px solid #8da1b4; border-radius: 5px; line-height: 60%\"><p style=\"margin-bottom: 0px\">Last updated: 2021-12-01 13:16:09+0000; Language: pt-BR</p></div><ul><li>Include all codes defined in <a href=\"CodeSystem-BRUnidadeTempo.html\"><code>http://www.saude.gov.br/fhir/r4/CodeSystem/BRUnidadeTempo</code></a></li></ul></div>"
  },
  "extension" : [{
    "url" : "http://hl7.org/fhir/StructureDefinition/structuredefinition-fmm",
    "valueInteger" : 1,
    "_valueInteger" : {
      "extension" : [{
        "url" : "http://hl7.org/fhir/StructureDefinition/structuredefinition-conformance-derivedFrom",
        "valueCanonical" : "http://www.saude.gov.br/fhir/r4/ImplementationGuide/br.gov.saude.rnds.rac"
      }]
    }
  },
  {
    "url" : "http://hl7.org/fhir/StructureDefinition/structuredefinition-standards-status",
    "valueCode" : "informative",
    "_valueCode" : {
      "extension" : [{
        "url" : "http://hl7.org/fhir/StructureDefinition/structuredefinition-conformance-derivedFrom",
        "valueCanonical" : "http://www.saude.gov.br/fhir/r4/ImplementationGuide/br.gov.saude.rnds.rac"
      }]
    }
  }],
  "url" : "http://www.saude.gov.br/fhir/r4/ValueSet/BRUnidadeTempo",
  "version" : "0.1.0",
  "name" : "BRUnidadeTempo",
  "title" : "Unidade de Tempo",
  "status" : "active",
  "experimental" : false,
  "date" : "2021-12-01T13:16:09.8385573+00:00",
  "publisher" : "Ministério da Saúde do Brasil",
  "contact" : [{
    "telecom" : [{
      "system" : "url",
      "value" : "http://www.saude.gov.br"
    }]
  }],
  "description" : "ValueSet utilizado para definir uma unidade de tempo.",
  "jurisdiction" : [{
    "coding" : [{
      "system" : "urn:iso:std:iso:3166",
      "code" : "BR"
    }]
  }],
  "immutable" : false,
  "compose" : {
    "include" : [{
      "system" : "http://www.saude.gov.br/fhir/r4/CodeSystem/BRUnidadeTempo",
      "version" : "*"
    }]
  }
}