{
  "resourceType" : "ValueSet",
  "id" : "BRPapelProblemaDiagnostico",
  "meta" : {
    "lastUpdated" : "2020-03-11T19:14:51.806+00:00"
  },
  "language" : "pt-BR",
  "text" : {
    "status" : "generated",
    "div" : "<div xmlns=\"http://www.w3.org/1999/xhtml\" xml:lang=\"pt-BR\" lang=\"pt-BR\"><p>This value set includes codes based on the following rules:</p><ul><li>Include all codes defined in <a href=\"CodeSystem-BRPapelProblemaDiagnostico.html\"><code>http://www.saude.gov.br/fhir/r4/CodeSystem/BRPapelProblemaDiagnostico</code></a></li><li>Include these codes as defined in <a href=\"http://terminology.hl7.org/5.3.0/CodeSystem-diagnosis-role.html\"><code>http://terminology.hl7.org/CodeSystem/diagnosis-role</code></a> version <code>*</code><table class=\"none\"><tr><td style=\"white-space:nowrap\"><b>Code</b></td><td><b>Display</b></td><td><b>Portuguese (Brazil) (pt)</b></td></tr><tr><td><a href=\"http://terminology.hl7.org/5.3.0/CodeSystem-diagnosis-role.html#diagnosis-role-AD\">AD</a></td><td>Admission diagnosis</td><td>Diagnóstico presente na admissão</td></tr><tr><td><a href=\"http://terminology.hl7.org/5.3.0/CodeSystem-diagnosis-role.html#diagnosis-role-DD\">DD</a></td><td>Discharge diagnosis</td><td>Diagnóstico de alta</td></tr><tr><td><a href=\"http://terminology.hl7.org/5.3.0/CodeSystem-diagnosis-role.html#diagnosis-role-CC\">CC</a></td><td>Chief complaint</td><td>Queixa principal.</td></tr><tr><td><a href=\"http://terminology.hl7.org/5.3.0/CodeSystem-diagnosis-role.html#diagnosis-role-CM\">CM</a></td><td>Comorbidity diagnosis</td><td>Diagnóstico de comorbidade</td></tr><tr><td><a href=\"http://terminology.hl7.org/5.3.0/CodeSystem-diagnosis-role.html#diagnosis-role-pre-op\">pre-op</a></td><td>pre-op diagnosis</td><td>Diagnóstico pré-operatório</td></tr><tr><td><a href=\"http://terminology.hl7.org/5.3.0/CodeSystem-diagnosis-role.html#diagnosis-role-post-op\">post-op</a></td><td>post-op diagnosis</td><td>Diagnóstico pós-operatório</td></tr><tr><td><a href=\"http://terminology.hl7.org/5.3.0/CodeSystem-diagnosis-role.html#diagnosis-role-billing\">billing</a></td><td>Billing</td><td>Faturamento</td></tr></table></li></ul></div>"
  },
  "extension" : [{
    "url" : "http://hl7.org/fhir/StructureDefinition/structuredefinition-fmm",
    "valueInteger" : 1,
    "_valueInteger" : {
      "extension" : [{
        "url" : "http://hl7.org/fhir/StructureDefinition/structuredefinition-conformance-derivedFrom",
        "valueCanonical" : "http://www.saude.gov.br/fhir/r4/ImplementationGuide/br.gov.saude.rnds.rac"
      }]
    }
  },
  {
    "url" : "http://hl7.org/fhir/StructureDefinition/structuredefinition-standards-status",
    "valueCode" : "informative",
    "_valueCode" : {
      "extension" : [{
        "url" : "http://hl7.org/fhir/StructureDefinition/structuredefinition-conformance-derivedFrom",
        "valueCanonical" : "http://www.saude.gov.br/fhir/r4/ImplementationGuide/br.gov.saude.rnds.rac"
      }]
    }
  }],
  "url" : "http://www.saude.gov.br/fhir/r4/ValueSet/BRPapelProblemaDiagnostico",
  "version" : "0.1.0",
  "name" : "BRPapelProblemaDiagnostico",
  "title" : "Classificação do papel de um problema e diagnóstico",
  "status" : "active",
  "experimental" : false,
  "date" : "2020-03-11T19:15:12.2909517+00:00",
  "publisher" : "Ministério da Saúde do Brasil",
  "contact" : [{
    "telecom" : [{
      "system" : "url",
      "value" : "http://www.saude.gov.br"
    }]
  }],
  "description" : "Tradução para o português do brasil da classificação do papel de um problema/diagnóstico.",
  "jurisdiction" : [{
    "coding" : [{
      "system" : "urn:iso:std:iso:3166",
      "code" : "BR"
    }]
  }],
  "immutable" : false,
  "compose" : {
    "include" : [{
      "system" : "http://www.saude.gov.br/fhir/r4/CodeSystem/BRPapelProblemaDiagnostico",
      "version" : "*"
    },
    {
      "system" : "http://terminology.hl7.org/CodeSystem/diagnosis-role",
      "version" : "*",
      "concept" : [{
        "code" : "AD",
        "display" : "Admission diagnosis",
        "designation" : [{
          "language" : "pt-BR",
          "value" : "Diagnóstico presente na admissão"
        }]
      },
      {
        "code" : "DD",
        "display" : "Discharge diagnosis",
        "designation" : [{
          "language" : "pt-BR",
          "value" : "Diagnóstico de alta"
        }]
      },
      {
        "code" : "CC",
        "display" : "Chief complaint",
        "designation" : [{
          "language" : "pt-BR",
          "value" : "Queixa principal."
        }]
      },
      {
        "code" : "CM",
        "display" : "Comorbidity diagnosis",
        "designation" : [{
          "language" : "pt-BR",
          "value" : "Diagnóstico de comorbidade"
        }]
      },
      {
        "code" : "pre-op",
        "display" : "pre-op diagnosis",
        "designation" : [{
          "language" : "pt-BR",
          "value" : "Diagnóstico pré-operatório"
        }]
      },
      {
        "code" : "post-op",
        "display" : "post-op diagnosis",
        "designation" : [{
          "language" : "pt-BR",
          "value" : "Diagnóstico pós-operatório"
        }]
      },
      {
        "code" : "billing",
        "display" : "Billing",
        "designation" : [{
          "language" : "pt-BR",
          "value" : "Faturamento"
        }]
      }]
    }]
  }
}