{
  "resourceType" : "ValueSet",
  "id" : "BRTipoDocumentoIndividuo-1.0",
  "meta" : {
    "versionId" : "1",
    "lastUpdated" : "2020-03-12T13:27:33.411+00:00"
  },
  "language" : "pt-BR",
  "text" : {
    "status" : "extensions",
    "div" : "<div xmlns=\"http://www.w3.org/1999/xhtml\" xml:lang=\"pt-BR\" lang=\"pt-BR\"><p>This value set includes codes based on the following rules:</p><ul><li>Include these codes as defined in <code>http://hl7.org/fhir/ValueSet/identifier-type</code> version <code>*</code><table class=\"none\"><tr><td style=\"white-space:nowrap\"><b>Code</b></td><td><b>Display</b></td></tr><tr><td>HC</td><td>Número do Cartão Nacional de Saúde (CNS)</td></tr><tr><td>RRI</td><td>Número do Registro Geral (RG)</td></tr><tr><td>MCT</td><td>Número da Certidão de Casamento</td></tr><tr><td>PPN</td><td>Número do Passaporte</td></tr><tr><td>RN</td><td>Número de inscrição no Conselho Regional de Enfermagem (COREn)</td></tr><tr><td>SS</td><td>Número de Identificação Social (NIS/PIS/PASEP)</td></tr><tr><td>DL</td><td>Número da Carteira Nacional de Habilitação (CNH)</td></tr><tr><td>BCT</td><td>Número do Documento de Nascido Vivo (DN/DNV)</td></tr><tr><td>BR</td><td>Número da Certidão de Nascimento</td></tr><tr><td>IND</td><td>Número da Certidão de Índio</td></tr><tr><td>MI</td><td>Número do Certificado de Reservista</td></tr><tr><td>MD</td><td>Número de inscrição no Conselho Regional de Medicina (CRM)</td></tr><tr><td>DDS</td><td>Número de inscrição no Conselho Regional Odontologia (CRO)</td></tr><tr><td>TAX</td><td>Número de inscrição no Cadastro de Pessoas Físicas (CPF)</td></tr></table></li><li>Include all codes defined in <a href=\"CodeSystem-BRTipoIdentificador.html\"><code>http://www.saude.gov.br/fhir/r4/CodeSystem/BRTipoIdentificador</code></a></li></ul><p>This value set excludes codes based on the following rules:</p><ul><li>Exclude these codes as defined in <a href=\"CodeSystem-BRTipoIdentificador.html\"><code>http://www.saude.gov.br/fhir/r4/CodeSystem/BRTipoIdentificador</code></a> version <code>*</code><table class=\"none\"><tr><td style=\"white-space:nowrap\"><b>Code</b></td><td><b>Display</b></td><td><b>Definition</b></td></tr><tr><td><a href=\"CodeSystem-BRTipoIdentificador.html#BRTipoIdentificador-AUTH\">AUTH</a></td><td style=\"color: #cccccc\">Código de Autorização</td><td>Identificador da permissão para a realização de um procedimento.</td></tr></table></li></ul></div>"
  },
  "extension" : [{
    "url" : "http://hl7.org/fhir/StructureDefinition/structuredefinition-fmm",
    "valueInteger" : 1,
    "_valueInteger" : {
      "extension" : [{
        "url" : "http://hl7.org/fhir/StructureDefinition/structuredefinition-conformance-derivedFrom",
        "valueCanonical" : "http://www.saude.gov.br/fhir/r4/ImplementationGuide/hl7.fhir.br.rac"
      }]
    }
  },
  {
    "url" : "http://hl7.org/fhir/StructureDefinition/structuredefinition-standards-status",
    "valueCode" : "informative",
    "_valueCode" : {
      "extension" : [{
        "url" : "http://hl7.org/fhir/StructureDefinition/structuredefinition-conformance-derivedFrom",
        "valueCanonical" : "http://www.saude.gov.br/fhir/r4/ImplementationGuide/hl7.fhir.br.rac"
      }]
    }
  }],
  "url" : "http://www.saude.gov.br/fhir/r4/ValueSet/BRTipoDocumentoIndividuo-1.0",
  "version" : "0.1.0",
  "name" : "BRTipoDocumentoIndividuo",
  "title" : "Tipo de Documento do Indivíduo",
  "status" : "active",
  "experimental" : false,
  "date" : "2020-03-12T13:27:32.6850777+00:00",
  "publisher" : "Ministério da Saúde do Brasil",
  "contact" : [{
    "telecom" : [{
      "system" : "url",
      "value" : "http://www.saude.gov.br"
    }]
  }],
  "description" : "Classifica o tipo de documento que está sendo utilizado para identificar o indivíduo.",
  "jurisdiction" : [{
    "coding" : [{
      "system" : "urn:iso:std:iso:3166",
      "code" : "BR"
    }]
  }],
  "immutable" : false,
  "compose" : {
    "include" : [{
      "system" : "http://hl7.org/fhir/ValueSet/identifier-type",
      "version" : "*",
      "concept" : [{
        "code" : "HC",
        "display" : "Número do Cartão Nacional de Saúde (CNS)"
      },
      {
        "code" : "RRI",
        "display" : "Número do Registro Geral (RG)"
      },
      {
        "code" : "MCT",
        "display" : "Número da Certidão de Casamento"
      },
      {
        "code" : "PPN",
        "display" : "Número do Passaporte"
      },
      {
        "code" : "RN",
        "display" : "Número de inscrição no Conselho Regional de Enfermagem (COREn)"
      },
      {
        "code" : "SS",
        "display" : "Número de Identificação Social (NIS/PIS/PASEP)"
      },
      {
        "code" : "DL",
        "display" : "Número da Carteira Nacional de Habilitação (CNH)"
      },
      {
        "code" : "BCT",
        "display" : "Número do Documento de Nascido Vivo (DN/DNV)"
      },
      {
        "code" : "BR",
        "display" : "Número da Certidão de Nascimento"
      },
      {
        "code" : "IND",
        "display" : "Número da Certidão de Índio"
      },
      {
        "code" : "MI",
        "display" : "Número do Certificado de Reservista"
      },
      {
        "code" : "MD",
        "display" : "Número de inscrição no Conselho Regional de Medicina (CRM)"
      },
      {
        "code" : "DDS",
        "display" : "Número de inscrição no Conselho Regional Odontologia (CRO)"
      },
      {
        "code" : "TAX",
        "display" : "Número de inscrição no Cadastro de Pessoas Físicas (CPF)"
      }]
    },
    {
      "system" : "http://www.saude.gov.br/fhir/r4/CodeSystem/BRTipoIdentificador",
      "version" : "*"
    }],
    "exclude" : [{
      "system" : "http://www.saude.gov.br/fhir/r4/CodeSystem/BRTipoIdentificador",
      "version" : "*",
      "concept" : [{
        "code" : "AUTH"
      }]
    }]
  }
}