{
  "resourceType" : "ValueSet",
  "id" : "BRMunicipio-1.0",
  "meta" : {
    "lastUpdated" : "2020-03-11T19:17:31.538+00:00"
  },
  "language" : "pt-BR",
  "text" : {
    "status" : "generated",
    "div" : "<div xmlns=\"http://www.w3.org/1999/xhtml\" xml:lang=\"pt-BR\" lang=\"pt-BR\"><ul><li>Include codes from <a href=\"CodeSystem-BRDivisaoGeograficaBrasil.html\"><code>http://www.saude.gov.br/fhir/r4/CodeSystem/BRDivisaoGeograficaBrasil</code></a> where type  =  city</li></ul></div>"
  },
  "extension" : [{
    "url" : "http://hl7.org/fhir/StructureDefinition/structuredefinition-fmm",
    "valueInteger" : 1,
    "_valueInteger" : {
      "extension" : [{
        "url" : "http://hl7.org/fhir/StructureDefinition/structuredefinition-conformance-derivedFrom",
        "valueCanonical" : "http://www.saude.gov.br/fhir/r4/ImplementationGuide/hl7.fhir.br.rac"
      }]
    }
  },
  {
    "url" : "http://hl7.org/fhir/StructureDefinition/structuredefinition-standards-status",
    "valueCode" : "informative",
    "_valueCode" : {
      "extension" : [{
        "url" : "http://hl7.org/fhir/StructureDefinition/structuredefinition-conformance-derivedFrom",
        "valueCanonical" : "http://www.saude.gov.br/fhir/r4/ImplementationGuide/hl7.fhir.br.rac"
      }]
    }
  }],
  "url" : "http://www.saude.gov.br/fhir/r4/ValueSet/BRMunicipio-1.0",
  "version" : "1.0.0",
  "name" : "BRMunicipio",
  "title" : "Município",
  "status" : "active",
  "experimental" : false,
  "date" : "2020-03-11T19:17:52.0302375+00:00",
  "publisher" : "Ministério da Saúde do Brasil",
  "contact" : [{
    "telecom" : [{
      "system" : "url",
      "value" : "http://www.saude.gov.br"
    }]
  }],
  "description" : "Municípios brasileiros, entes subnacionais.",
  "jurisdiction" : [{
    "coding" : [{
      "system" : "urn:iso:std:iso:3166",
      "code" : "BR"
    }]
  }],
  "immutable" : false,
  "compose" : {
    "include" : [{
      "system" : "http://www.saude.gov.br/fhir/r4/CodeSystem/BRDivisaoGeograficaBrasil",
      "version" : "*",
      "filter" : [{
        "property" : "type",
        "op" : "=",
        "value" : "city"
      }]
    }]
  }
}