{
  "resourceType" : "ValueSet",
  "id" : "BRProblemaDiagnostico",
  "meta" : {
    "lastUpdated" : "2020-03-11T19:14:51.806+00:00"
  },
  "language" : "pt-BR",
  "text" : {
    "status" : "generated",
    "div" : "<div xmlns=\"http://www.w3.org/1999/xhtml\" xml:lang=\"pt-BR\" lang=\"pt-BR\"><p>This value set includes codes based on the following rules:</p><ul><li>Include all codes defined in <a href=\"CodeSystem-BRCID10.html\"><code>http://www.saude.gov.br/fhir/r4/CodeSystem/BRCID10</code></a></li><li>Include all codes defined in <a href=\"CodeSystem-BRCIAP2.html\"><code>http://www.saude.gov.br/fhir/r4/CodeSystem/BRCIAP2</code></a></li></ul></div>"
  },
  "extension" : [{
    "url" : "http://hl7.org/fhir/StructureDefinition/structuredefinition-fmm",
    "valueInteger" : 1,
    "_valueInteger" : {
      "extension" : [{
        "url" : "http://hl7.org/fhir/StructureDefinition/structuredefinition-conformance-derivedFrom",
        "valueCanonical" : "http://www.saude.gov.br/fhir/r4/ImplementationGuide/hl7.fhir.br.rac"
      }]
    }
  },
  {
    "url" : "http://hl7.org/fhir/StructureDefinition/structuredefinition-standards-status",
    "valueCode" : "informative",
    "_valueCode" : {
      "extension" : [{
        "url" : "http://hl7.org/fhir/StructureDefinition/structuredefinition-conformance-derivedFrom",
        "valueCanonical" : "http://www.saude.gov.br/fhir/r4/ImplementationGuide/hl7.fhir.br.rac"
      }]
    }
  }],
  "url" : "http://www.saude.gov.br/fhir/r4/ValueSet/BRProblemaDiagnostico",
  "version" : "1.0.0",
  "name" : "BRProblemaDiagnostico",
  "title" : "Classificação Internacional de Doenças e Atenção Primária",
  "status" : "active",
  "experimental" : false,
  "date" : "2020-03-11T19:15:12.2909517+00:00",
  "publisher" : "Ministério da Saúde do Brasil",
  "contact" : [{
    "telecom" : [{
      "system" : "url",
      "value" : "http://www.saude.gov.br"
    }]
  }],
  "description" : "Código Internacional de Atenção Primária (CIAP2) e Classificação Internacional de Doenças (CID10)",
  "jurisdiction" : [{
    "coding" : [{
      "system" : "urn:iso:std:iso:3166",
      "code" : "BR"
    }]
  }],
  "immutable" : false,
  "compose" : {
    "include" : [{
      "system" : "http://www.saude.gov.br/fhir/r4/CodeSystem/BRCID10",
      "version" : "*"
    },
    {
      "system" : "http://www.saude.gov.br/fhir/r4/CodeSystem/BRCIAP2",
      "version" : "*"
    }]
  }
}