{
  "resourceType" : "ValueSet",
  "id" : "RoupasUsadasMedicao",
  "meta" : {
    "lastUpdated" : "2022-05-23T09:26:09.8385573+00:00"
  },
  "language" : "pt-BR",
  "text" : {
    "status" : "generated",
    "div" : "<div xmlns=\"http://www.w3.org/1999/xhtml\" xml:lang=\"pt-BR\" lang=\"pt-BR\"><ul><li>Include these codes as defined in <a href=\"http://loinc.org\"><code>http://loinc.org</code></a> version <code>*</code><table class=\"none\"><tr><td style=\"white-space:nowrap\"><b>Code</b></td><td><b>Display</b></td></tr><tr><td><a href=\"https://loinc.org/LA11871-3/\">LA11871-3</a></td><td>Roupa íntima ou menos</td></tr><tr><td><a href=\"https://loinc.org/LA11872-1/\">LA11872-1</a></td><td>Roupas de rua, sem sapatos</td></tr><tr><td><a href=\"https://loinc.org/LA11873-9/\">LA11873-9</a></td><td>Roupas e sapatos de rua</td></tr></table></li></ul></div>"
  },
  "extension" : [{
    "url" : "http://hl7.org/fhir/StructureDefinition/structuredefinition-fmm",
    "valueInteger" : 1,
    "_valueInteger" : {
      "extension" : [{
        "url" : "http://hl7.org/fhir/StructureDefinition/structuredefinition-conformance-derivedFrom",
        "valueCanonical" : "http://www.saude.gov.br/fhir/r4/ImplementationGuide/hl7.fhir.br.rac"
      }]
    }
  },
  {
    "url" : "http://hl7.org/fhir/StructureDefinition/structuredefinition-standards-status",
    "valueCode" : "informative",
    "_valueCode" : {
      "extension" : [{
        "url" : "http://hl7.org/fhir/StructureDefinition/structuredefinition-conformance-derivedFrom",
        "valueCanonical" : "http://www.saude.gov.br/fhir/r4/ImplementationGuide/hl7.fhir.br.rac"
      }]
    }
  }],
  "url" : "http://www.saude.gov.br/fhir/r4/ValueSet/RoupasUsadasMedicao",
  "version" : "0.1.0",
  "name" : "RoupasUsadasMedicao",
  "title" : "Roupas Usadas na Medição",
  "status" : "draft",
  "experimental" : false,
  "date" : "2022-05-23T09:26:09.8385573+00:00",
  "publisher" : "Ministério da Saúde do Brasil",
  "contact" : [{
    "telecom" : [{
      "system" : "url",
      "value" : "http://www.saude.gov.br"
    }]
  }],
  "description" : "ValueSet utilizado para definir o tipo de roupa usada durante a medição corpórea com base na lista de respostas da LOINC de código LL742-8.",
  "jurisdiction" : [{
    "coding" : [{
      "system" : "urn:iso:std:iso:3166",
      "code" : "BR"
    }]
  }],
  "immutable" : false,
  "copyright" : "This material contains content from LOINC (http://loinc.org). LOINC is copyright © 1995-2020, Regenstrief Institute, Inc. and the Logical Observation Identifiers Names and Codes (LOINC) Committee and is available at no cost under the license at http://loinc.org/license. LOINC® is a registered United States trademark of Regenstrief Institute, Inc",
  "compose" : {
    "include" : [{
      "system" : "http://loinc.org",
      "version" : "*",
      "concept" : [{
        "code" : "LA11871-3",
        "display" : "Roupa íntima ou menos"
      },
      {
        "code" : "LA11872-1",
        "display" : "Roupas de rua, sem sapatos"
      },
      {
        "code" : "LA11873-9",
        "display" : "Roupas e sapatos de rua"
      }]
    }]
  }
}