{
  "resourceType" : "ValueSet",
  "id" : "BREstadoSolicitacaoMedicamento-1.0",
  "meta" : {
    "versionId" : "1",
    "lastUpdated" : "2020-09-20T20:58:17.103+00:00"
  },
  "text" : {
    "status" : "extensions",
    "div" : "<div xmlns=\"http://www.w3.org/1999/xhtml\"><ul><li>Include these codes as defined in <a href=\"http://hl7.org/fhir/R4/codesystem-medicationrequest-status.html\"><code>http://hl7.org/fhir/CodeSystem/medicationrequest-status</code></a><table class=\"none\"><tr><td style=\"white-space:nowrap\"><b>Code</b></td><td><b>Display</b></td><td><b>Definition</b></td></tr><tr><td><a href=\"http://hl7.org/fhir/R4/codesystem-medicationrequest-status.html#medicationrequest-status-active\">active</a></td><td>Ativo</td><td>The prescription is 'actionable', but not all actions that are implied by it have occurred yet.</td></tr><tr><td><a href=\"http://hl7.org/fhir/R4/codesystem-medicationrequest-status.html#medicationrequest-status-completed\">completed</a></td><td>Completado</td><td>All actions that are implied by the prescription have occurred.</td></tr><tr><td><a href=\"http://hl7.org/fhir/R4/codesystem-medicationrequest-status.html#medicationrequest-status-entered-in-error\">entered-in-error</a></td><td>Entrada com erro</td><td>Some of the actions that are implied by the medication request may have occurred.  For example, the medication may have been dispensed and the patient may have taken some of the medication.  Clinical decision support systems should take this status into account</td></tr><tr><td><a href=\"http://hl7.org/fhir/R4/codesystem-medicationrequest-status.html#medicationrequest-status-draft\">draft</a></td><td>Pretendido</td><td>The prescription is not yet 'actionable', e.g. it is a work in progress, requires sign-off, verification\u00a0or\u00a0needs to be run through decision support process.</td></tr><tr><td><a href=\"http://hl7.org/fhir/R4/codesystem-medicationrequest-status.html#medicationrequest-status-on-hold\">on-hold</a></td><td>Em pausa</td><td>Actions implied by the prescription are to be temporarily halted, but are expected to continue later.  May also be called 'suspended'.</td></tr><tr><td><a href=\"http://hl7.org/fhir/R4/codesystem-medicationrequest-status.html#medicationrequest-status-unknown\">unknown</a></td><td>Desconhecida</td><td>The authoring/source system does not know which of the status values currently applies for this observation. Note: This concept is not to be used for 'other' - one of the listed statuses is presumed to apply, but the authoring/source system does not know which.</td></tr><tr><td><a href=\"http://hl7.org/fhir/R4/codesystem-medicationrequest-status.html#medicationrequest-status-cancelled\">cancelled</a></td><td>Não realizado</td><td>The prescription has been withdrawn before any administrations have occurred</td></tr></table></li></ul></div>"
  },
  "extension" : [{
    "url" : "http://hl7.org/fhir/StructureDefinition/structuredefinition-fmm",
    "valueInteger" : 1,
    "_valueInteger" : {
      "extension" : [{
        "url" : "http://hl7.org/fhir/StructureDefinition/structuredefinition-conformance-derivedFrom",
        "valueCanonical" : "http://www.saude.gov.br/fhir/r4/ImplementationGuide/hl7.fhir.br.rac"
      }]
    }
  },
  {
    "url" : "http://hl7.org/fhir/StructureDefinition/structuredefinition-standards-status",
    "valueCode" : "informative",
    "_valueCode" : {
      "extension" : [{
        "url" : "http://hl7.org/fhir/StructureDefinition/structuredefinition-conformance-derivedFrom",
        "valueCanonical" : "http://www.saude.gov.br/fhir/r4/ImplementationGuide/hl7.fhir.br.rac"
      }]
    }
  }],
  "url" : "http://www.saude.gov.br/fhir/r4/ValueSet/BREstadoSolicitacaoMedicamento-1.0",
  "version" : "1.0.0",
  "name" : "BREstadoSolicitacaoMedicamento",
  "title" : "Estado da Solicitação de Medicamento",
  "status" : "active",
  "experimental" : false,
  "date" : "2020-09-20T20:58:15.9226123+00:00",
  "publisher" : "Ministério da Saúde do Brasil",
  "contact" : [{
    "telecom" : [{
      "system" : "url",
      "value" : "http://www.saude.gov.br"
    }]
  }],
  "description" : "Estado da Solicitação de Medicamento",
  "jurisdiction" : [{
    "coding" : [{
      "system" : "urn:iso:std:iso:3166",
      "code" : "BR"
    }]
  }],
  "immutable" : true,
  "compose" : {
    "include" : [{
      "system" : "http://hl7.org/fhir/CodeSystem/medicationrequest-status",
      "concept" : [{
        "code" : "active",
        "display" : "Ativo"
      },
      {
        "code" : "completed",
        "display" : "Completado"
      },
      {
        "code" : "entered-in-error",
        "display" : "Entrada com erro"
      },
      {
        "code" : "draft",
        "display" : "Pretendido"
      },
      {
        "code" : "on-hold",
        "display" : "Em pausa"
      },
      {
        "code" : "unknown",
        "display" : "Desconhecida"
      },
      {
        "code" : "cancelled",
        "display" : "Não realizado"
      }]
    }]
  }
}