{
  "resourceType" : "ValueSet",
  "id" : "BRTipoObservacao-1.0",
  "meta" : {
    "lastUpdated" : "2022-05-23T10:37:59.848+00:00"
  },
  "language" : "pt-BR",
  "text" : {
    "status" : "extensions",
    "div" : "<div xmlns=\"http://www.w3.org/1999/xhtml\" xml:lang=\"pt-BR\" lang=\"pt-BR\"><p>This value set includes codes based on the following rules:</p><ul><li>Include all codes defined in <a href=\"CodeSystem-BRTipoObservacao.html\"><code>http://www.saude.gov.br/fhir/r4/CodeSystem/BRTipoObservacao</code></a></li><li>Include these codes as defined in <a href=\"CodeSystem-BRTabelaSUS.html\"><code>http://www.saude.gov.br/fhir/r4/CodeSystem/BRTabelaSUS</code></a> version <code>*</code><table class=\"none\"><tr><td style=\"white-space:nowrap\"><b>Code</b></td><td><b>Display</b></td><td><b>Definition</b></td></tr><tr><td><a href=\"CodeSystem-BRTabelaSUS.html#BRTabelaSUS-0301100039\">0301100039</a></td><td style=\"color: #cccccc\">AFERIÇÃO DE PRESSÃO ARTERIAL</td><td>ESTE PROCEDIMENTO DESTINA-SE A AFERIÇÃO DA PRESSÃO ARTERIAL QUANDO NÃO FAZ PARTE DA CONSULTA.</td></tr></table></li><li>Include these codes as defined in <a href=\"http://loinc.org\"><code>http://loinc.org</code></a> version <code>*</code><table class=\"none\"><tr><td style=\"white-space:nowrap\"><b>Code</b></td><td><b>Display</b></td></tr><tr><td><a href=\"https://loinc.org/8665-2/\">8665-2</a></td><td>Data da Última Menstruação</td></tr><tr><td><a href=\"https://loinc.org/56832-9/\">56832-9</a></td><td>Exposição à Substâncias</td></tr><tr><td><a href=\"https://loinc.org/11996-6/\">11996-6</a></td><td>Quantidade de Gestações</td></tr><tr><td><a href=\"https://loinc.org/63895-7/\">63895-7</a></td><td>Tipo de Aleitamento Materno</td></tr><tr><td><a href=\"https://loinc.org/29463-7/\">29463-7</a></td><td>Peso Corporal</td></tr><tr><td><a href=\"https://loinc.org/8480-6/\">8480-6</a></td><td>Pressão Arterial Sistólica</td></tr><tr><td><a href=\"https://loinc.org/8462-4/\">8462-4</a></td><td>Pressão Arterial Diastólica</td></tr><tr><td><a href=\"https://loinc.org/8280-0/\">8280-0</a></td><td>Circuferência Abdominal</td></tr><tr><td><a href=\"https://loinc.org/9843-4/\">9843-4</a></td><td>Perímetro Cefálico</td></tr><tr><td><a href=\"https://loinc.org/8302-2/\">8302-2</a></td><td>Altura</td></tr><tr><td><a href=\"https://loinc.org/11885-1/\">11885-1</a></td><td>Idade Gestacional</td></tr><tr><td><a href=\"https://loinc.org/11612-9/\">11612-9</a></td><td>Quantidade de Abortos</td></tr><tr><td><a href=\"https://loinc.org/48767-8/\">48767-8</a></td><td>Anotação de Comentário para Narrativa [Interpretação]</td></tr></table></li></ul></div>"
  },
  "extension" : [{
    "url" : "http://hl7.org/fhir/StructureDefinition/structuredefinition-fmm",
    "valueInteger" : 1,
    "_valueInteger" : {
      "extension" : [{
        "url" : "http://hl7.org/fhir/StructureDefinition/structuredefinition-conformance-derivedFrom",
        "valueCanonical" : "http://www.saude.gov.br/fhir/r4/ImplementationGuide/br.gov.saude.rnds.rac"
      }]
    }
  },
  {
    "url" : "http://hl7.org/fhir/StructureDefinition/structuredefinition-standards-status",
    "valueCode" : "informative",
    "_valueCode" : {
      "extension" : [{
        "url" : "http://hl7.org/fhir/StructureDefinition/structuredefinition-conformance-derivedFrom",
        "valueCanonical" : "http://www.saude.gov.br/fhir/r4/ImplementationGuide/br.gov.saude.rnds.rac"
      }]
    }
  }],
  "url" : "http://www.saude.gov.br/fhir/r4/ValueSet/BRTipoObservacao-1.0",
  "version" : "0.1.0",
  "name" : "BRTipoObservacao",
  "title" : "Tipo de Observação",
  "status" : "active",
  "experimental" : false,
  "date" : "2022-05-23T10:37:59.848+00:00",
  "publisher" : "Ministério da Saúde do Brasil",
  "contact" : [{
    "telecom" : [{
      "system" : "url",
      "value" : "http://www.saude.gov.br"
    }]
  }],
  "description" : "Tipo de Observação.",
  "jurisdiction" : [{
    "coding" : [{
      "system" : "urn:iso:std:iso:3166",
      "code" : "BR"
    }]
  }],
  "immutable" : false,
  "copyright" : "This material contains content from LOINC (http://loinc.org). LOINC is copyright © 1995-2020, Regenstrief Institute, Inc. and the Logical Observation Identifiers Names and Codes (LOINC) Committee and is available at no cost under the license at http://loinc.org/license. LOINC® is a registered United States trademark of Regenstrief Institute, Inc",
  "compose" : {
    "include" : [{
      "system" : "http://www.saude.gov.br/fhir/r4/CodeSystem/BRTipoObservacao",
      "version" : "*"
    },
    {
      "system" : "http://www.saude.gov.br/fhir/r4/CodeSystem/BRTabelaSUS",
      "version" : "*",
      "concept" : [{
        "code" : "0301100039"
      }]
    },
    {
      "system" : "http://loinc.org",
      "version" : "*",
      "concept" : [{
        "code" : "8665-2",
        "display" : "Data da Última Menstruação"
      },
      {
        "code" : "56832-9",
        "display" : "Exposição à Substâncias"
      },
      {
        "code" : "11996-6",
        "display" : "Quantidade de Gestações"
      },
      {
        "code" : "63895-7",
        "display" : "Tipo de Aleitamento Materno"
      },
      {
        "code" : "29463-7",
        "display" : "Peso Corporal"
      },
      {
        "code" : "8480-6",
        "display" : "Pressão Arterial Sistólica"
      },
      {
        "code" : "8462-4",
        "display" : "Pressão Arterial Diastólica"
      },
      {
        "code" : "8280-0",
        "display" : "Circuferência Abdominal"
      },
      {
        "code" : "9843-4",
        "display" : "Perímetro Cefálico"
      },
      {
        "code" : "8302-2",
        "display" : "Altura"
      },
      {
        "code" : "11885-1",
        "display" : "Idade Gestacional"
      },
      {
        "code" : "11612-9",
        "display" : "Quantidade de Abortos"
      },
      {
        "code" : "48767-8",
        "display" : "Anotação de Comentário para Narrativa [Interpretação]"
      }]
    }]
  }
}