{
  "resourceType" : "ValueSet",
  "id" : "BRTipoAleitamentoMaterno-1.0",
  "language" : "pt-BR",
  "text" : {
    "status" : "generated",
    "div" : "<div xmlns=\"http://www.w3.org/1999/xhtml\" xml:lang=\"pt-BR\" lang=\"pt-BR\"><ul><li>Include all codes defined in <a href=\"CodeSystem-BRTipoAleitamentoMaterno.html\"><code>http://www.saude.gov.br/fhir/r4/CodeSystem/BRTipoAleitamentoMaterno</code></a></li></ul></div>"
  },
  "extension" : [{
    "url" : "http://hl7.org/fhir/StructureDefinition/structuredefinition-fmm",
    "valueInteger" : 1,
    "_valueInteger" : {
      "extension" : [{
        "url" : "http://hl7.org/fhir/StructureDefinition/structuredefinition-conformance-derivedFrom",
        "valueCanonical" : "http://www.saude.gov.br/fhir/r4/ImplementationGuide/hl7.fhir.br.rac"
      }]
    }
  },
  {
    "url" : "http://hl7.org/fhir/StructureDefinition/structuredefinition-standards-status",
    "valueCode" : "informative",
    "_valueCode" : {
      "extension" : [{
        "url" : "http://hl7.org/fhir/StructureDefinition/structuredefinition-conformance-derivedFrom",
        "valueCanonical" : "http://www.saude.gov.br/fhir/r4/ImplementationGuide/hl7.fhir.br.rac"
      }]
    }
  }],
  "url" : "http://www.saude.gov.br/fhir/r4/ValueSet/BRTipoAleitamentoMaterno-1.0",
  "version" : "0.1.0",
  "name" : "BRTipoAleitamentoMaterno",
  "title" : "Tipo de Aleitamento Materno",
  "status" : "active",
  "experimental" : false,
  "date" : "2020-03-12T14:51:30.2531733+00:00",
  "publisher" : "Ministério da Saúde do Brasil",
  "contact" : [{
    "telecom" : [{
      "system" : "url",
      "value" : "http://www.saude.gov.br"
    }]
  }],
  "description" : "Definição do tipo de aleitamento materno realizado a uma criança.",
  "jurisdiction" : [{
    "coding" : [{
      "system" : "urn:iso:std:iso:3166",
      "code" : "BR"
    }]
  }],
  "immutable" : false,
  "compose" : {
    "include" : [{
      "system" : "http://www.saude.gov.br/fhir/r4/CodeSystem/BRTipoAleitamentoMaterno",
      "version" : "*"
    }]
  }
}