{
  "resourceType" : "ValueSet",
  "id" : "BRTurno",
  "meta" : {
    "lastUpdated" : "2021-12-01T13:16:09.8385573+00:00"
  },
  "language" : "pt-BR",
  "text" : {
    "status" : "generated",
    "div" : "<div xmlns=\"http://www.w3.org/1999/xhtml\" xml:lang=\"pt-BR\" lang=\"pt-BR\"><ul><li>Include all codes defined in <a href=\"CodeSystem-BRTurno.html\"><code>http://www.saude.gov.br/fhir/r4/CodeSystem/BRTurno</code></a></li></ul></div>"
  },
  "extension" : [{
    "url" : "http://hl7.org/fhir/StructureDefinition/structuredefinition-fmm",
    "valueInteger" : 1,
    "_valueInteger" : {
      "extension" : [{
        "url" : "http://hl7.org/fhir/StructureDefinition/structuredefinition-conformance-derivedFrom",
        "valueCanonical" : "http://www.saude.gov.br/fhir/r4/ImplementationGuide/hl7.fhir.br.rac"
      }]
    }
  },
  {
    "url" : "http://hl7.org/fhir/StructureDefinition/structuredefinition-standards-status",
    "valueCode" : "informative",
    "_valueCode" : {
      "extension" : [{
        "url" : "http://hl7.org/fhir/StructureDefinition/structuredefinition-conformance-derivedFrom",
        "valueCanonical" : "http://www.saude.gov.br/fhir/r4/ImplementationGuide/hl7.fhir.br.rac"
      }]
    }
  }],
  "url" : "http://www.saude.gov.br/fhir/r4/ValueSet/BRTurno",
  "version" : "1.0.0",
  "name" : "BRTurno",
  "title" : "Turno do dia",
  "status" : "active",
  "experimental" : false,
  "date" : "2021-12-01T13:16:09.8385573+00:00",
  "publisher" : "Ministério da Saúde do Brasil",
  "contact" : [{
    "telecom" : [{
      "system" : "url",
      "value" : "http://www.saude.gov.br"
    }]
  }],
  "description" : "ValueSet utilizado para definir o turno de um dia.",
  "jurisdiction" : [{
    "coding" : [{
      "system" : "urn:iso:std:iso:3166",
      "code" : "BR"
    }]
  }],
  "immutable" : false,
  "compose" : {
    "include" : [{
      "system" : "http://www.saude.gov.br/fhir/r4/CodeSystem/BRTurno",
      "version" : "*"
    }]
  }
}