{
  "resourceType" : "ValueSet",
  "id" : "BREstadoAfastamentoAtestado",
  "meta" : {
    "lastUpdated" : "2023-04-13T13:17:22.715+00:00"
  },
  "language" : "pt-BR",
  "text" : {
    "status" : "extensions",
    "div" : "<div xmlns=\"http://www.w3.org/1999/xhtml\" xml:lang=\"pt-BR\" lang=\"pt-BR\"><ul><li>Include these codes as defined in <a href=\"http://hl7.org/fhir/R4/codesystem-care-plan-activity-status.html\"><code>http://hl7.org/fhir/care-plan-activity-status</code></a> version <code>*</code><table class=\"none\"><tr><td style=\"white-space:nowrap\"><b>Code</b></td><td><b>Display</b></td><td><b>Definition</b></td><td><b>Portuguese (Brazil) (pt)</b></td></tr><tr><td><a href=\"http://hl7.org/fhir/R4/codesystem-care-plan-activity-status.html#care-plan-activity-status-unknown\">unknown</a></td><td>Unknown</td><td>The current state of the care plan activity is not known.  Note: This concept is not to be used for &quot;other&quot; - one of the listed statuses is presumed to apply, but the authoring/source system does not know which one.</td><td>Desconhecido</td></tr></table></li></ul></div>"
  },
  "extension" : [{
    "url" : "http://hl7.org/fhir/StructureDefinition/structuredefinition-fmm",
    "valueInteger" : 1,
    "_valueInteger" : {
      "extension" : [{
        "url" : "http://hl7.org/fhir/StructureDefinition/structuredefinition-conformance-derivedFrom",
        "valueCanonical" : "http://www.saude.gov.br/fhir/r4/ImplementationGuide/hl7.fhir.br.rac"
      }]
    }
  },
  {
    "url" : "http://hl7.org/fhir/StructureDefinition/structuredefinition-standards-status",
    "valueCode" : "informative",
    "_valueCode" : {
      "extension" : [{
        "url" : "http://hl7.org/fhir/StructureDefinition/structuredefinition-conformance-derivedFrom",
        "valueCanonical" : "http://www.saude.gov.br/fhir/r4/ImplementationGuide/hl7.fhir.br.rac"
      }]
    }
  }],
  "url" : "http://www.saude.gov.br/fhir/r4/ValueSet/BREstadoAfastamentoAtestado",
  "version" : "1.0.0",
  "name" : "BREstadoAfastamentoAtestado",
  "title" : "Status do afastamento descrito no atestado",
  "status" : "active",
  "experimental" : false,
  "date" : "2023-04-13T13:17:18.5012669+00:00",
  "publisher" : "Ministério da Saúde do Brasil",
  "contact" : [{
    "telecom" : [{
      "system" : "url",
      "value" : "http://www.saude.gov.br"
    }]
  }],
  "description" : "Status do afastamento descrito no atestado médico/odontológico.",
  "jurisdiction" : [{
    "coding" : [{
      "system" : "urn:iso:std:iso:3166",
      "code" : "BR"
    }]
  }],
  "immutable" : false,
  "compose" : {
    "include" : [{
      "system" : "http://hl7.org/fhir/care-plan-activity-status",
      "version" : "*",
      "concept" : [{
        "code" : "unknown",
        "display" : "Unknown",
        "designation" : [{
          "language" : "pt-BR",
          "value" : "Desconhecido"
        }]
      }]
    }]
  }
}